source,source_index,filename,severity,risk_class,note
data\raw\hf_accidents_wounds_finetune\finedata.xlsx,2,data\processed\classification\normal\normal_00001.jpg,mild,normal,Weak label parsed from public accident/wound Excel dataset.
data\raw\hf_accidents_wounds_finetune\finedata.xlsx,3,data\processed\classification\urgent\urgent_00001.jpg,severe,urgent,Weak label parsed from public accident/wound Excel dataset.
data\raw\hf_accidents_wounds_finetune\finedata.xlsx,4,data\processed\classification\mild_concern\mild_concern_00001.jpg,moderate,mild_concern,Weak label parsed from public accident/wound Excel dataset.
data\raw\hf_accidents_wounds_finetune\finedata.xlsx,5,data\processed\classification\normal\normal_00002.jpg,mild,normal,Weak label parsed from public accident/wound Excel dataset.
data\raw\hf_accidents_wounds_finetune\finedata.xlsx,6,data\processed\classification\mild_concern\mild_concern_00002.jpg,mild/moderate,mild_concern,Weak label parsed from public accident/wound Excel dataset.
data\raw\hf_accidents_wounds_finetune\finedata.xlsx,7,data\processed\classification\mild_concern\mild_concern_00003.jpg,mild/moderate,mild_concern,Weak label parsed from public accident/wound Excel dataset.
data\raw\hf_accidents_wounds_finetune\finedata.xlsx,8,data\processed\classification\mild_concern\mild_concern_00004.jpg,moderate,mild_concern,Weak label parsed from public accident/wound Excel dataset.
data\raw\hf_accidents_wounds_finetune\finedata.xlsx,9,data\processed\classification\mild_concern\mild_concern_00005.jpg,moderate,mild_concern,Weak label parsed from public accident/wound Excel dataset.
data\raw\hf_accidents_wounds_finetune\finedata.xlsx,10,data\processed\classification\urgent\urgent_00002.jpg,severe,urgent,Weak label parsed from public accident/wound Excel dataset.
data\raw\hf_accidents_wounds_finetune\finedata.xlsx,11,data\processed\classification\normal\normal_00003.jpg,mild,normal,Weak label parsed from public accident/wound Excel dataset.
data\raw\hf_accidents_wounds_finetune\finedata.xlsx,12,data\processed\classification\normal\normal_00004.jpg,mild,normal,Weak label parsed from public accident/wound Excel dataset.
data\raw\hf_accidents_wounds_finetune\finedata.xlsx,13,data\processed\classification\mild_concern\mild_concern_00006.jpg,moderate,mild_concern,Weak label parsed from public accident/wound Excel dataset.
data\raw\hf_accidents_wounds_finetune\finedata.xlsx,14,data\processed\classification\mild_concern\mild_concern_00007.jpg,moderate,mild_concern,Weak label parsed from public accident/wound Excel dataset.
data\raw\hf_accidents_wounds_finetune\finedata.xlsx,15,data\processed\classification\urgent\urgent_00003.jpg,severe,urgent,Weak label parsed from public accident/wound Excel dataset.
data\raw\hf_accidents_wounds_finetune\finedata.xlsx,16,data\processed\classification\normal\normal_00005.jpg,mild,normal,Weak label parsed from public accident/wound Excel dataset.
data\raw\hf_accidents_wounds_finetune\finedata.xlsx,17,data\processed\classification\urgent\urgent_00004.jpg,severe,urgent,Weak label parsed from public accident/wound Excel dataset.
data\raw\hf_accidents_wounds_finetune\finedata.xlsx,18,data\processed\classification\mild_concern\mild_concern_00008.jpg,moderate,mild_concern,Weak label parsed from public accident/wound Excel dataset.
data\raw\hf_accidents_wounds_finetune\finedata.xlsx,19,data\processed\classification\mild_concern\mild_concern_00009.jpg,mild/moderate,mild_concern,Weak label parsed from public accident/wound Excel dataset.
data\raw\hf_accidents_wounds_finetune\finedata.xlsx,20,data\processed\classification\normal\normal_00006.jpg,mild,normal,Weak label parsed from public accident/wound Excel dataset.
data\raw\hf_accidents_wounds_finetune\finedata.xlsx,21,data\processed\classification\urgent\urgent_00005.jpg,moderate to severe,urgent,Weak label parsed from public accident/wound Excel dataset.
data\raw\hf_accidents_wounds_finetune\finedata.xlsx,22,data\processed\classification\mild_concern\mild_concern_00010.jpg,mild/moderate,mild_concern,Weak label parsed from public accident/wound Excel dataset.
data\raw\hf_accidents_wounds_finetune\finedata.xlsx,23,data\processed\classification\mild_concern\mild_concern_00011.jpg,mild/moderate,mild_concern,Weak label parsed from public accident/wound Excel dataset.
data\raw\hf_accidents_wounds_finetune\finedata.xlsx,24,data\processed\classification\urgent\urgent_00006.jpg,severe,urgent,Weak label parsed from public accident/wound Excel dataset.
data\raw\hf_accidents_wounds_finetune\finedata.xlsx,25,data\processed\classification\mild_concern\mild_concern_00012.jpg,moderate,mild_concern,Weak label parsed from public accident/wound Excel dataset.
data\raw\hf_accidents_wounds_finetune\finedata.xlsx,26,data\processed\classification\mild_concern\mild_concern_00013.jpg,moderate,mild_concern,Weak label parsed from public accident/wound Excel dataset.
data\raw\hf_accidents_wounds_finetune\finedata.xlsx,27,data\processed\classification\mild_concern\mild_concern_00014.jpg,moderate,mild_concern,Weak label parsed from public accident/wound Excel dataset.
data\raw\hf_accidents_wounds_finetune\finedata.xlsx,28,data\processed\classification\normal\normal_00007.jpg,mild,normal,Weak label parsed from public accident/wound Excel dataset.
data\raw\hf_accidents_wounds_finetune\finedata.xlsx,29,data\processed\classification\normal\normal_00008.jpg,mild,normal,Weak label parsed from public accident/wound Excel dataset.
data\raw\hf_accidents_wounds_finetune\finedata.xlsx,30,data\processed\classification\urgent\urgent_00007.jpg,moderate to severe,urgent,Weak label parsed from public accident/wound Excel dataset.
data\raw\hf_accidents_wounds_finetune\finedata.xlsx,31,data\processed\classification\urgent\urgent_00008.jpg,severe,urgent,Weak label parsed from public accident/wound Excel dataset.
data\raw\hf_accidents_wounds_finetune\finedata.xlsx,32,data\processed\classification\mild_concern\mild_concern_00015.jpg,moderate,mild_concern,Weak label parsed from public accident/wound Excel dataset.
data\raw\hf_accidents_wounds_finetune\finedata.xlsx,33,data\processed\classification\urgent\urgent_00009.jpg,severe,urgent,Weak label parsed from public accident/wound Excel dataset.
data\raw\hf_accidents_wounds_finetune\finedata.xlsx,34,data\processed\classification\mild_concern\mild_concern_00016.jpg,moderate,mild_concern,Weak label parsed from public accident/wound Excel dataset.
data\raw\hf_accidents_wounds_finetune\finedata.xlsx,35,data\processed\classification\normal\normal_00009.jpg,mild,normal,Weak label parsed from public accident/wound Excel dataset.
data\raw\hf_accidents_wounds_finetune\finedata.xlsx,36,data\processed\classification\mild_concern\mild_concern_00017.jpg,moderate,mild_concern,Weak label parsed from public accident/wound Excel dataset.
data\raw\hf_accidents_wounds_finetune\finedata.xlsx,37,data\processed\classification\mild_concern\mild_concern_00018.jpg,mild/moderate,mild_concern,Weak label parsed from public accident/wound Excel dataset.
data\raw\hf_accidents_wounds_finetune\finedata.xlsx,38,data\processed\classification\mild_concern\mild_concern_00019.jpg,moderate,mild_concern,Weak label parsed from public accident/wound Excel dataset.
data\raw\hf_accidents_wounds_finetune\finedata.xlsx,39,data\processed\classification\mild_concern\mild_concern_00020.jpg,moderate,mild_concern,Weak label parsed from public accident/wound Excel dataset.
data\raw\hf_accidents_wounds_finetune\finedata.xlsx,40,data\processed\classification\urgent\urgent_00010.jpg,moderate to severe,urgent,Weak label parsed from public accident/wound Excel dataset.
data\raw\hf_accidents_wounds_finetune\finedata.xlsx,41,data\processed\classification\mild_concern\mild_concern_00021.jpg,moderate,mild_concern,Weak label parsed from public accident/wound Excel dataset.
data\raw\hf_accidents_wounds_finetune\finedata.xlsx,42,data\processed\classification\urgent\urgent_00011.jpg,severe,urgent,Weak label parsed from public accident/wound Excel dataset.
data\raw\hf_accidents_wounds_finetune\finedata.xlsx,43,data\processed\classification\mild_concern\mild_concern_00022.jpg,moderate,mild_concern,Weak label parsed from public accident/wound Excel dataset.
data\raw\hf_accidents_wounds_finetune\finedata.xlsx,44,data\processed\classification\normal\normal_00010.jpg,mild,normal,Weak label parsed from public accident/wound Excel dataset.
data\raw\hf_accidents_wounds_finetune\finedata.xlsx,45,data\processed\classification\mild_concern\mild_concern_00023.jpg,moderate,mild_concern,Weak label parsed from public accident/wound Excel dataset.
data\raw\hf_accidents_wounds_finetune\finedata.xlsx,46,data\processed\classification\normal\normal_00011.jpg,mild,normal,Weak label parsed from public accident/wound Excel dataset.
data\raw\hf_accidents_wounds_finetune\finedata.xlsx,47,data\processed\classification\mild_concern\mild_concern_00024.jpg,moderate,mild_concern,Weak label parsed from public accident/wound Excel dataset.
data\raw\hf_accidents_wounds_finetune\finedata.xlsx,48,data\processed\classification\mild_concern\mild_concern_00025.jpg,moderate,mild_concern,Weak label parsed from public accident/wound Excel dataset.
data\raw\hf_accidents_wounds_finetune\finedata.xlsx,49,data\processed\classification\mild_concern\mild_concern_00026.jpg,moderate,mild_concern,Weak label parsed from public accident/wound Excel dataset.
data\raw\hf_accidents_wounds_finetune\finedata.xlsx,50,data\processed\classification\normal\normal_00012.jpg,mild,normal,Weak label parsed from public accident/wound Excel dataset.
data\raw\hf_accidents_wounds_finetune\finedata.xlsx,51,data\processed\classification\normal\normal_00013.jpg,mild,normal,Weak label parsed from public accident/wound Excel dataset.
data\raw\hf_accidents_wounds_finetune\finedata.xlsx,52,data\processed\classification\mild_concern\mild_concern_00027.jpg,moderate,mild_concern,Weak label parsed from public accident/wound Excel dataset.
data\raw\hf_accidents_wounds_finetune\finedata.xlsx,53,data\processed\classification\normal\normal_00014.jpg,mild,normal,Weak label parsed from public accident/wound Excel dataset.
data\raw\hf_accidents_wounds_finetune\finedata.xlsx,54,data\processed\classification\normal\normal_00015.jpg,mild,normal,Weak label parsed from public accident/wound Excel dataset.
data\raw\hf_accidents_wounds_finetune\finedata.xlsx,55,data\processed\classification\mild_concern\mild_concern_00028.jpg,moderate,mild_concern,Weak label parsed from public accident/wound Excel dataset.
data\raw\hf_accidents_wounds_finetune\finedata.xlsx,56,data\processed\classification\mild_concern\mild_concern_00029.jpg,moderate,mild_concern,Weak label parsed from public accident/wound Excel dataset.
data\raw\hf_accidents_wounds_finetune\finedata.xlsx,57,data\processed\classification\mild_concern\mild_concern_00030.jpg,moderate,mild_concern,Weak label parsed from public accident/wound Excel dataset.
data\raw\hf_accidents_wounds_finetune\finedata.xlsx,59,data\processed\classification\mild_concern\mild_concern_00031.jpg,moderate,mild_concern,Weak label parsed from public accident/wound Excel dataset.
data\raw\hf_accidents_wounds_finetune\finedata.xlsx,60,data\processed\classification\mild_concern\mild_concern_00032.jpg,moderate,mild_concern,Weak label parsed from public accident/wound Excel dataset.
data\raw\hf_accidents_wounds_finetune\finedata.xlsx,61,data\processed\classification\mild_concern\mild_concern_00033.jpg,moderate,mild_concern,Weak label parsed from public accident/wound Excel dataset.
data\raw\hf_accidents_wounds_finetune\finedata.xlsx,62,data\processed\classification\normal\normal_00016.jpg,mild,normal,Weak label parsed from public accident/wound Excel dataset.
data\raw\hf_accidents_wounds_finetune\finedata.xlsx,63,data\processed\classification\normal\normal_00017.jpg,mild,normal,Weak label parsed from public accident/wound Excel dataset.
data\raw\hf_accidents_wounds_finetune\finedata.xlsx,64,data\processed\classification\urgent\urgent_00012.jpg,moderate to severe,urgent,Weak label parsed from public accident/wound Excel dataset.
data\raw\hf_accidents_wounds_finetune\finedata.xlsx,65,data\processed\classification\mild_concern\mild_concern_00034.jpg,moderate,mild_concern,Weak label parsed from public accident/wound Excel dataset.
data\raw\hf_accidents_wounds_finetune\finedata.xlsx,66,data\processed\classification\mild_concern\mild_concern_00035.jpg,moderate,mild_concern,Weak label parsed from public accident/wound Excel dataset.
data\raw\hf_accidents_wounds_finetune\finedata.xlsx,67,data\processed\classification\mild_concern\mild_concern_00036.jpg,moderate,mild_concern,Weak label parsed from public accident/wound Excel dataset.
data\raw\hf_accidents_wounds_finetune\finedata.xlsx,68,data\processed\classification\mild_concern\mild_concern_00037.jpg,moderate,mild_concern,Weak label parsed from public accident/wound Excel dataset.
data\raw\hf_accidents_wounds_finetune\finedata.xlsx,69,data\processed\classification\mild_concern\mild_concern_00038.jpg,mild/moderate,mild_concern,Weak label parsed from public accident/wound Excel dataset.
data\raw\hf_accidents_wounds_finetune\finedata.xlsx,70,data\processed\classification\mild_concern\mild_concern_00039.jpg,moderate,mild_concern,Weak label parsed from public accident/wound Excel dataset.
data\raw\hf_accidents_wounds_finetune\finedata.xlsx,71,data\processed\classification\urgent\urgent_00013.jpg,severe,urgent,Weak label parsed from public accident/wound Excel dataset.
data\raw\hf_accidents_wounds_finetune\finedata.xlsx,72,data\processed\classification\normal\normal_00018.jpg,mild,normal,Weak label parsed from public accident/wound Excel dataset.
data\raw\hf_accidents_wounds_finetune\finedata.xlsx,73,data\processed\classification\normal\normal_00019.jpg,mild,normal,Weak label parsed from public accident/wound Excel dataset.
data\raw\hf_accidents_wounds_finetune\finedata.xlsx,74,data\processed\classification\mild_concern\mild_concern_00040.jpg,moderate,mild_concern,Weak label parsed from public accident/wound Excel dataset.
data\raw\hf_accidents_wounds_finetune\finedata.xlsx,75,data\processed\classification\mild_concern\mild_concern_00041.jpg,moderate,mild_concern,Weak label parsed from public accident/wound Excel dataset.
data\raw\hf_accidents_wounds_finetune\finedata.xlsx,76,data\processed\classification\normal\normal_00020.jpg,mild,normal,Weak label parsed from public accident/wound Excel dataset.
data\raw\hf_accidents_wounds_finetune\finedata.xlsx,77,data\processed\classification\normal\normal_00021.jpg,mild,normal,Weak label parsed from public accident/wound Excel dataset.
data\raw\hf_accidents_wounds_finetune\finedata.xlsx,78,data\processed\classification\mild_concern\mild_concern_00042.jpg,mild/moderate,mild_concern,Weak label parsed from public accident/wound Excel dataset.
data\raw\hf_accidents_wounds_finetune\finedata.xlsx,79,data\processed\classification\urgent\urgent_00014.jpg,severe,urgent,Weak label parsed from public accident/wound Excel dataset.
data\raw\hf_accidents_wounds_finetune\finedata.xlsx,80,data\processed\classification\urgent\urgent_00015.jpg,severe,urgent,Weak label parsed from public accident/wound Excel dataset.
data\raw\hf_accidents_wounds_finetune\finedata.xlsx,81,data\processed\classification\urgent\urgent_00016.jpg,severe,urgent,Weak label parsed from public accident/wound Excel dataset.
data\raw\hf_accidents_wounds_finetune\finedata.xlsx,82,data\processed\classification\mild_concern\mild_concern_00043.jpg,moderate,mild_concern,Weak label parsed from public accident/wound Excel dataset.
data\raw\hf_accidents_wounds_finetune\finedata.xlsx,83,data\processed\classification\urgent\urgent_00017.jpg,severe,urgent,Weak label parsed from public accident/wound Excel dataset.
data\raw\hf_accidents_wounds_finetune\finedata.xlsx,84,data\processed\classification\mild_concern\mild_concern_00044.jpg,moderate,mild_concern,Weak label parsed from public accident/wound Excel dataset.
data\raw\hf_accidents_wounds_finetune\finedata.xlsx,85,data\processed\classification\mild_concern\mild_concern_00045.jpg,moderate,mild_concern,Weak label parsed from public accident/wound Excel dataset.
data\raw\hf_accidents_wounds_finetune\finedata.xlsx,86,data\processed\classification\mild_concern\mild_concern_00046.jpg,mild/moderate,mild_concern,Weak label parsed from public accident/wound Excel dataset.
data\raw\hf_accidents_wounds_finetune\finedata.xlsx,87,data\processed\classification\urgent\urgent_00018.jpg,severe,urgent,Weak label parsed from public accident/wound Excel dataset.
data\raw\hf_accidents_wounds_finetune\finedata.xlsx,88,data\processed\classification\normal\normal_00022.jpg,mild,normal,Weak label parsed from public accident/wound Excel dataset.
data\raw\hf_accidents_wounds_finetune\finedata.xlsx,89,data\processed\classification\mild_concern\mild_concern_00047.jpg,moderate,mild_concern,Weak label parsed from public accident/wound Excel dataset.
data\raw\hf_accidents_wounds_finetune\finedata.xlsx,90,data\processed\classification\mild_concern\mild_concern_00048.jpg,moderate,mild_concern,Weak label parsed from public accident/wound Excel dataset.
data\raw\hf_accidents_wounds_finetune\finedata.xlsx,91,data\processed\classification\urgent\urgent_00019.jpg,severe,urgent,Weak label parsed from public accident/wound Excel dataset.
data\raw\hf_accidents_wounds_finetune\finedata.xlsx,92,data\processed\classification\normal\normal_00023.jpg,mild,normal,Weak label parsed from public accident/wound Excel dataset.
data\raw\hf_accidents_wounds_finetune\finedata.xlsx,93,data\processed\classification\mild_concern\mild_concern_00049.jpg,moderate,mild_concern,Weak label parsed from public accident/wound Excel dataset.
data\raw\hf_accidents_wounds_finetune\finedata.xlsx,94,data\processed\classification\mild_concern\mild_concern_00050.jpg,moderate,mild_concern,Weak label parsed from public accident/wound Excel dataset.
data\raw\hf_accidents_wounds_finetune\finedata.xlsx,95,data\processed\classification\mild_concern\mild_concern_00051.jpg,moderate,mild_concern,Weak label parsed from public accident/wound Excel dataset.
data\raw\hf_accidents_wounds_finetune\finedata.xlsx,96,data\processed\classification\mild_concern\mild_concern_00052.jpg,moderate,mild_concern,Weak label parsed from public accident/wound Excel dataset.
data\raw\hf_accidents_wounds_finetune\finedata.xlsx,97,data\processed\classification\mild_concern\mild_concern_00053.jpg,moderate,mild_concern,Weak label parsed from public accident/wound Excel dataset.
data\raw\hf_accidents_wounds_finetune\finedata.xlsx,98,data\processed\classification\mild_concern\mild_concern_00054.jpg,moderate,mild_concern,Weak label parsed from public accident/wound Excel dataset.
data\raw\hf_accidents_wounds_finetune\finedata.xlsx,99,data\processed\classification\mild_concern\mild_concern_00055.jpg,moderate,mild_concern,Weak label parsed from public accident/wound Excel dataset.
data\raw\hf_accidents_wounds_finetune\finedata.xlsx,100,data\processed\classification\mild_concern\mild_concern_00056.jpg,moderate,mild_concern,Weak label parsed from public accident/wound Excel dataset.
data\raw\hf_accidents_wounds_finetune\finedata.xlsx,101,data\processed\classification\mild_concern\mild_concern_00057.jpg,moderate,mild_concern,Weak label parsed from public accident/wound Excel dataset.
data\raw\hf_accidents_wounds_finetune\finedata.xlsx,102,data\processed\classification\urgent\urgent_00020.jpg,severe,urgent,Weak label parsed from public accident/wound Excel dataset.
data\raw\hf_accidents_wounds_finetune\finedata.xlsx,103,data\processed\classification\normal\normal_00024.jpg,mild,normal,Weak label parsed from public accident/wound Excel dataset.
data\raw\hf_accidents_wounds_finetune\finedata.xlsx,104,data\processed\classification\mild_concern\mild_concern_00058.jpg,moderate,mild_concern,Weak label parsed from public accident/wound Excel dataset.
data\raw\hf_accidents_wounds_finetune\finedata.xlsx,105,data\processed\classification\mild_concern\mild_concern_00059.jpg,moderate,mild_concern,Weak label parsed from public accident/wound Excel dataset.
data\raw\hf_accidents_wounds_finetune\finedata.xlsx,106,data\processed\classification\mild_concern\mild_concern_00060.jpg,mild/moderate,mild_concern,Weak label parsed from public accident/wound Excel dataset.
data\raw\hf_accidents_wounds_finetune\finedata.xlsx,107,data\processed\classification\urgent\urgent_00021.jpg,severe,urgent,Weak label parsed from public accident/wound Excel dataset.
data\raw\hf_accidents_wounds_finetune\finedata.xlsx,108,data\processed\classification\mild_concern\mild_concern_00061.jpg,moderate,mild_concern,Weak label parsed from public accident/wound Excel dataset.
data\raw\hf_accidents_wounds_finetune\finedata.xlsx,109,data\processed\classification\urgent\urgent_00022.jpg,severe,urgent,Weak label parsed from public accident/wound Excel dataset.
data\raw\hf_accidents_wounds_finetune\finedata.xlsx,110,data\processed\classification\urgent\urgent_00023.jpg,severe,urgent,Weak label parsed from public accident/wound Excel dataset.
data\raw\hf_accidents_wounds_finetune\finedata.xlsx,111,data\processed\classification\normal\normal_00025.jpg,mild,normal,Weak label parsed from public accident/wound Excel dataset.
data\raw\hf_accidents_wounds_finetune\finedata.xlsx,112,data\processed\classification\normal\normal_00026.jpg,mild,normal,Weak label parsed from public accident/wound Excel dataset.
data\raw\hf_accidents_wounds_finetune\finedata.xlsx,113,data\processed\classification\mild_concern\mild_concern_00062.jpg,moderate,mild_concern,Weak label parsed from public accident/wound Excel dataset.
data\raw\hf_accidents_wounds_finetune\finedata.xlsx,114,data\processed\classification\normal\normal_00027.jpg,mild,normal,Weak label parsed from public accident/wound Excel dataset.
data\raw\hf_accidents_wounds_finetune\finedata.xlsx,115,data\processed\classification\mild_concern\mild_concern_00063.jpg,moderate,mild_concern,Weak label parsed from public accident/wound Excel dataset.
data\raw\hf_accidents_wounds_finetune\finedata.xlsx,116,data\processed\classification\mild_concern\mild_concern_00064.jpg,moderate,mild_concern,Weak label parsed from public accident/wound Excel dataset.
data\raw\hf_accidents_wounds_finetune\finedata.xlsx,117,data\processed\classification\normal\normal_00028.jpg,mild,normal,Weak label parsed from public accident/wound Excel dataset.
data\raw\hf_accidents_wounds_finetune\finedata.xlsx,118,data\processed\classification\mild_concern\mild_concern_00065.jpg,moderate,mild_concern,Weak label parsed from public accident/wound Excel dataset.
data\raw\hf_accidents_wounds_finetune\finedata.xlsx,119,data\processed\classification\mild_concern\mild_concern_00066.jpg,moderate,mild_concern,Weak label parsed from public accident/wound Excel dataset.
data\raw\hf_accidents_wounds_finetune\finedata.xlsx,120,data\processed\classification\urgent\urgent_00024.jpg,severe,urgent,Weak label parsed from public accident/wound Excel dataset.
data\raw\hf_accidents_wounds_finetune\finedata.xlsx,121,data\processed\classification\mild_concern\mild_concern_00067.jpg,moderate,mild_concern,Weak label parsed from public accident/wound Excel dataset.
data\raw\hf_accidents_wounds_finetune\finedata.xlsx,122,data\processed\classification\mild_concern\mild_concern_00068.jpg,mild/moderate,mild_concern,Weak label parsed from public accident/wound Excel dataset.
data\raw\hf_accidents_wounds_finetune\finedata.xlsx,123,data\processed\classification\mild_concern\mild_concern_00069.jpg,moderate,mild_concern,Weak label parsed from public accident/wound Excel dataset.
data\raw\hf_accidents_wounds_finetune\finedata.xlsx,124,data\processed\classification\mild_concern\mild_concern_00070.jpg,moderate,mild_concern,Weak label parsed from public accident/wound Excel dataset.
data\raw\hf_accidents_wounds_finetune\finedata.xlsx,125,data\processed\classification\mild_concern\mild_concern_00071.jpg,moderate,mild_concern,Weak label parsed from public accident/wound Excel dataset.
data\raw\hf_accidents_wounds_finetune\finedata.xlsx,126,data\processed\classification\mild_concern\mild_concern_00072.jpg,moderate,mild_concern,Weak label parsed from public accident/wound Excel dataset.
data\raw\hf_accidents_wounds_finetune\finedata.xlsx,127,data\processed\classification\mild_concern\mild_concern_00073.jpg,moderate,mild_concern,Weak label parsed from public accident/wound Excel dataset.
data\raw\hf_accidents_wounds_finetune\finedata.xlsx,128,data\processed\classification\normal\normal_00029.jpg,mild,normal,Weak label parsed from public accident/wound Excel dataset.
data\raw\hf_accidents_wounds_finetune\finedata.xlsx,129,data\processed\classification\mild_concern\mild_concern_00074.jpg,moderate,mild_concern,Weak label parsed from public accident/wound Excel dataset.
data\raw\hf_accidents_wounds_finetune\finedata.xlsx,130,data\processed\classification\mild_concern\mild_concern_00075.jpg,moderate,mild_concern,Weak label parsed from public accident/wound Excel dataset.
data\raw\hf_accidents_wounds_finetune\finedata.xlsx,131,data\processed\classification\mild_concern\mild_concern_00076.jpg,moderate,mild_concern,Weak label parsed from public accident/wound Excel dataset.
data\raw\hf_accidents_wounds_finetune\finedata.xlsx,132,data\processed\classification\urgent\urgent_00025.jpg,severe,urgent,Weak label parsed from public accident/wound Excel dataset.
data\raw\hf_accidents_wounds_finetune\finedata.xlsx,133,data\processed\classification\mild_concern\mild_concern_00077.jpg,moderate,mild_concern,Weak label parsed from public accident/wound Excel dataset.
data\raw\hf_accidents_wounds_finetune\finedata.xlsx,134,data\processed\classification\normal\normal_00030.jpg,mild,normal,Weak label parsed from public accident/wound Excel dataset.
data\raw\hf_accidents_wounds_finetune\finedata.xlsx,135,data\processed\classification\mild_concern\mild_concern_00078.jpg,moderate,mild_concern,Weak label parsed from public accident/wound Excel dataset.
data\raw\hf_accidents_wounds_finetune\finedata.xlsx,136,data\processed\classification\mild_concern\mild_concern_00079.jpg,mild/moderate,mild_concern,Weak label parsed from public accident/wound Excel dataset.
data\raw\hf_accidents_wounds_finetune\finedata.xlsx,137,data\processed\classification\mild_concern\mild_concern_00080.jpg,moderate,mild_concern,Weak label parsed from public accident/wound Excel dataset.
data\raw\hf_accidents_wounds_finetune\finedata.xlsx,139,data\processed\classification\mild_concern\mild_concern_00081.jpg,moderate,mild_concern,Weak label parsed from public accident/wound Excel dataset.
data\raw\hf_accidents_wounds_finetune\finedata.xlsx,140,data\processed\classification\urgent\urgent_00026.jpg,severe,urgent,Weak label parsed from public accident/wound Excel dataset.
data\raw\hf_accidents_wounds_finetune\finedata.xlsx,141,data\processed\classification\urgent\urgent_00027.jpg,moderate to severe,urgent,Weak label parsed from public accident/wound Excel dataset.
data\raw\hf_accidents_wounds_finetune\finedata.xlsx,142,data\processed\classification\normal\normal_00031.jpg,mild,normal,Weak label parsed from public accident/wound Excel dataset.
data\raw\hf_accidents_wounds_finetune\finedata.xlsx,143,data\processed\classification\mild_concern\mild_concern_00082.jpg,moderate,mild_concern,Weak label parsed from public accident/wound Excel dataset.
data\raw\hf_accidents_wounds_finetune\finedata.xlsx,144,data\processed\classification\normal\normal_00032.jpg,mild,normal,Weak label parsed from public accident/wound Excel dataset.
data\raw\hf_accidents_wounds_finetune\finedata.xlsx,145,data\processed\classification\mild_concern\mild_concern_00083.jpg,moderate,mild_concern,Weak label parsed from public accident/wound Excel dataset.
data\raw\hf_accidents_wounds_finetune\finedata.xlsx,146,data\processed\classification\normal\normal_00033.jpg,mild,normal,Weak label parsed from public accident/wound Excel dataset.
data\raw\hf_accidents_wounds_finetune\finedata.xlsx,147,data\processed\classification\mild_concern\mild_concern_00084.jpg,moderate,mild_concern,Weak label parsed from public accident/wound Excel dataset.
data\raw\hf_accidents_wounds_finetune\finedata.xlsx,148,data\processed\classification\urgent\urgent_00028.jpg,severe,urgent,Weak label parsed from public accident/wound Excel dataset.
data\raw\hf_accidents_wounds_finetune\finedata.xlsx,149,data\processed\classification\normal\normal_00034.jpg,mild,normal,Weak label parsed from public accident/wound Excel dataset.
data\raw\hf_accidents_wounds_finetune\finedata.xlsx,150,data\processed\classification\urgent\urgent_00029.jpg,severe,urgent,Weak label parsed from public accident/wound Excel dataset.
data\raw\hf_accidents_wounds_finetune\finedata.xlsx,151,data\processed\classification\normal\normal_00035.jpg,mild,normal,Weak label parsed from public accident/wound Excel dataset.
data\raw\hf_accidents_wounds_finetune\finedata.xlsx,152,data\processed\classification\mild_concern\mild_concern_00085.jpg,moderate,mild_concern,Weak label parsed from public accident/wound Excel dataset.
data\raw\hf_accidents_wounds_finetune\finedata.xlsx,153,data\processed\classification\normal\normal_00036.jpg,mild,normal,Weak label parsed from public accident/wound Excel dataset.
data\raw\hf_accidents_wounds_finetune\finedata.xlsx,154,data\processed\classification\mild_concern\mild_concern_00086.jpg,moderate,mild_concern,Weak label parsed from public accident/wound Excel dataset.
data\raw\hf_accidents_wounds_finetune\finedata.xlsx,155,data\processed\classification\urgent\urgent_00030.jpg,severe,urgent,Weak label parsed from public accident/wound Excel dataset.
data\raw\hf_accidents_wounds_finetune\finedata.xlsx,156,data\processed\classification\mild_concern\mild_concern_00087.jpg,mild/moderate,mild_concern,Weak label parsed from public accident/wound Excel dataset.
data\raw\hf_accidents_wounds_finetune\finedata.xlsx,157,data\processed\classification\normal\normal_00037.jpg,mild,normal,Weak label parsed from public accident/wound Excel dataset.
data\raw\hf_accidents_wounds_finetune\finedata.xlsx,158,data\processed\classification\mild_concern\mild_concern_00088.jpg,moderate,mild_concern,Weak label parsed from public accident/wound Excel dataset.
data\raw\hf_accidents_wounds_finetune\finedata.xlsx,159,data\processed\classification\urgent\urgent_00031.jpg,moderate to severe,urgent,Weak label parsed from public accident/wound Excel dataset.
data\raw\hf_accidents_wounds_finetune\finedata.xlsx,160,data\processed\classification\mild_concern\mild_concern_00089.jpg,moderate,mild_concern,Weak label parsed from public accident/wound Excel dataset.
data\raw\hf_accidents_wounds_finetune\finedata.xlsx,161,data\processed\classification\mild_concern\mild_concern_00090.jpg,moderate,mild_concern,Weak label parsed from public accident/wound Excel dataset.
data\raw\hf_accidents_wounds_finetune\finedata.xlsx,162,data\processed\classification\mild_concern\mild_concern_00091.jpg,moderate,mild_concern,Weak label parsed from public accident/wound Excel dataset.
data\raw\hf_accidents_wounds_finetune\finedata.xlsx,163,data\processed\classification\mild_concern\mild_concern_00092.jpg,moderate,mild_concern,Weak label parsed from public accident/wound Excel dataset.
data\raw\hf_accidents_wounds_finetune\finedata.xlsx,164,data\processed\classification\normal\normal_00038.jpg,mild,normal,Weak label parsed from public accident/wound Excel dataset.
data\raw\hf_accidents_wounds_finetune\finedata.xlsx,165,data\processed\classification\mild_concern\mild_concern_00093.jpg,moderate,mild_concern,Weak label parsed from public accident/wound Excel dataset.
data\raw\hf_accidents_wounds_finetune\finedata.xlsx,166,data\processed\classification\mild_concern\mild_concern_00094.jpg,moderate,mild_concern,Weak label parsed from public accident/wound Excel dataset.
data\raw\hf_accidents_wounds_finetune\finedata.xlsx,167,data\processed\classification\mild_concern\mild_concern_00095.jpg,moderate,mild_concern,Weak label parsed from public accident/wound Excel dataset.
data\raw\hf_accidents_wounds_finetune\finedata.xlsx,168,data\processed\classification\urgent\urgent_00032.jpg,moderate to severe,urgent,Weak label parsed from public accident/wound Excel dataset.
data\raw\hf_accidents_wounds_finetune\finedata.xlsx,169,data\processed\classification\mild_concern\mild_concern_00096.jpg,moderate,mild_concern,Weak label parsed from public accident/wound Excel dataset.
data\raw\hf_accidents_wounds_finetune\finedata.xlsx,170,data\processed\classification\mild_concern\mild_concern_00097.jpg,mild/moderate,mild_concern,Weak label parsed from public accident/wound Excel dataset.
data\raw\hf_accidents_wounds_finetune\finedata.xlsx,171,data\processed\classification\mild_concern\mild_concern_00098.jpg,mild/moderate,mild_concern,Weak label parsed from public accident/wound Excel dataset.
data\raw\hf_accidents_wounds_finetune\finedata.xlsx,172,data\processed\classification\mild_concern\mild_concern_00099.jpg,moderate,mild_concern,Weak label parsed from public accident/wound Excel dataset.
data\raw\hf_accidents_wounds_finetune\finedata.xlsx,173,data\processed\classification\mild_concern\mild_concern_00100.jpg,moderate,mild_concern,Weak label parsed from public accident/wound Excel dataset.
data\raw\hf_accidents_wounds_finetune\finedata.xlsx,174,data\processed\classification\normal\normal_00039.jpg,mild,normal,Weak label parsed from public accident/wound Excel dataset.
data\raw\hf_accidents_wounds_finetune\finedata.xlsx,175,data\processed\classification\urgent\urgent_00033.jpg,severe,urgent,Weak label parsed from public accident/wound Excel dataset.
data\raw\hf_accidents_wounds_finetune\finedata.xlsx,176,data\processed\classification\normal\normal_00040.jpg,mild,normal,Weak label parsed from public accident/wound Excel dataset.
data\raw\hf_accidents_wounds_finetune\finedata.xlsx,177,data\processed\classification\mild_concern\mild_concern_00101.jpg,moderate,mild_concern,Weak label parsed from public accident/wound Excel dataset.
data\raw\hf_accidents_wounds_finetune\finedata.xlsx,178,data\processed\classification\normal\normal_00041.jpg,mild,normal,Weak label parsed from public accident/wound Excel dataset.
data\raw\hf_accidents_wounds_finetune\finedata.xlsx,179,data\processed\classification\urgent\urgent_00034.jpg,moderate to severe,urgent,Weak label parsed from public accident/wound Excel dataset.
data\raw\hf_accidents_wounds_finetune\finedata.xlsx,180,data\processed\classification\mild_concern\mild_concern_00102.jpg,mild/moderate,mild_concern,Weak label parsed from public accident/wound Excel dataset.
data\raw\hf_accidents_wounds_finetune\finedata.xlsx,181,data\processed\classification\urgent\urgent_00035.jpg,severe,urgent,Weak label parsed from public accident/wound Excel dataset.
data\raw\hf_accidents_wounds_finetune\finedata.xlsx,182,data\processed\classification\normal\normal_00042.jpg,mild,normal,Weak label parsed from public accident/wound Excel dataset.
data\raw\hf_accidents_wounds_finetune\finedata.xlsx,183,data\processed\classification\mild_concern\mild_concern_00103.jpg,moderate,mild_concern,Weak label parsed from public accident/wound Excel dataset.
data\raw\hf_accidents_wounds_finetune\finedata.xlsx,184,data\processed\classification\mild_concern\mild_concern_00104.jpg,mild/moderate,mild_concern,Weak label parsed from public accident/wound Excel dataset.
data\raw\hf_accidents_wounds_finetune\finedata.xlsx,185,data\processed\classification\urgent\urgent_00036.jpg,moderate to severe,urgent,Weak label parsed from public accident/wound Excel dataset.
data\raw\hf_accidents_wounds_finetune\finedata.xlsx,186,data\processed\classification\mild_concern\mild_concern_00105.jpg,moderate,mild_concern,Weak label parsed from public accident/wound Excel dataset.
data\raw\hf_accidents_wounds_finetune\finedata.xlsx,187,data\processed\classification\urgent\urgent_00037.jpg,severe,urgent,Weak label parsed from public accident/wound Excel dataset.
data\raw\hf_accidents_wounds_finetune\finedata.xlsx,188,data\processed\classification\mild_concern\mild_concern_00106.jpg,moderate,mild_concern,Weak label parsed from public accident/wound Excel dataset.
data\raw\hf_accidents_wounds_finetune\finedata.xlsx,189,data\processed\classification\mild_concern\mild_concern_00107.jpg,moderate,mild_concern,Weak label parsed from public accident/wound Excel dataset.
data\raw\hf_accidents_wounds_finetune\finedata.xlsx,190,data\processed\classification\normal\normal_00043.jpg,mild,normal,Weak label parsed from public accident/wound Excel dataset.
data\raw\hf_accidents_wounds_finetune\finedata.xlsx,191,data\processed\classification\mild_concern\mild_concern_00108.jpg,moderate,mild_concern,Weak label parsed from public accident/wound Excel dataset.
data\raw\hf_accidents_wounds_finetune\finedata.xlsx,192,data\processed\classification\normal\normal_00044.jpg,mild,normal,Weak label parsed from public accident/wound Excel dataset.
data\raw\hf_accidents_wounds_finetune\finedata.xlsx,193,data\processed\classification\mild_concern\mild_concern_00109.jpg,mild/moderate,mild_concern,Weak label parsed from public accident/wound Excel dataset.
data\raw\hf_accidents_wounds_finetune\finedata.xlsx,194,data\processed\classification\mild_concern\mild_concern_00110.jpg,moderate,mild_concern,Weak label parsed from public accident/wound Excel dataset.
data\raw\hf_accidents_wounds_finetune\finedata.xlsx,195,data\processed\classification\mild_concern\mild_concern_00111.jpg,moderate,mild_concern,Weak label parsed from public accident/wound Excel dataset.
data\raw\hf_accidents_wounds_finetune\finedata.xlsx,196,data\processed\classification\urgent\urgent_00038.jpg,severe,urgent,Weak label parsed from public accident/wound Excel dataset.
data\raw\hf_accidents_wounds_finetune\finedata.xlsx,197,data\processed\classification\urgent\urgent_00039.jpg,severe,urgent,Weak label parsed from public accident/wound Excel dataset.
data\raw\hf_accidents_wounds_finetune\finedata.xlsx,198,data\processed\classification\mild_concern\mild_concern_00112.jpg,moderate,mild_concern,Weak label parsed from public accident/wound Excel dataset.
data\raw\hf_accidents_wounds_finetune\finedata.xlsx,199,data\processed\classification\mild_concern\mild_concern_00113.jpg,moderate,mild_concern,Weak label parsed from public accident/wound Excel dataset.
data\raw\hf_accidents_wounds_finetune\finedata.xlsx,200,data\processed\classification\urgent\urgent_00040.jpg,severe,urgent,Weak label parsed from public accident/wound Excel dataset.
data\raw\hf_accidents_wounds_finetune\finedata.xlsx,201,data\processed\classification\mild_concern\mild_concern_00114.jpg,mild/moderate,mild_concern,Weak label parsed from public accident/wound Excel dataset.
data\raw\hf_accidents_wounds_finetune\finedata.xlsx,202,data\processed\classification\mild_concern\mild_concern_00115.jpg,mild/moderate,mild_concern,Weak label parsed from public accident/wound Excel dataset.
data\raw\hf_accidents_wounds_finetune\finedata.xlsx,203,data\processed\classification\mild_concern\mild_concern_00116.jpg,moderate,mild_concern,Weak label parsed from public accident/wound Excel dataset.
data\raw\hf_accidents_wounds_finetune\finedata.xlsx,204,data\processed\classification\normal\normal_00045.jpg,mild,normal,Weak label parsed from public accident/wound Excel dataset.
data\raw\hf_accidents_wounds_finetune\finedata.xlsx,205,data\processed\classification\mild_concern\mild_concern_00117.jpg,mild/moderate,mild_concern,Weak label parsed from public accident/wound Excel dataset.
data\raw\hf_accidents_wounds_finetune\finedata.xlsx,206,data\processed\classification\mild_concern\mild_concern_00118.jpg,moderate,mild_concern,Weak label parsed from public accident/wound Excel dataset.
data\raw\hf_accidents_wounds_finetune\finedata.xlsx,207,data\processed\classification\mild_concern\mild_concern_00119.jpg,moderate,mild_concern,Weak label parsed from public accident/wound Excel dataset.
data\raw\hf_accidents_wounds_finetune\finedata.xlsx,208,data\processed\classification\normal\normal_00046.jpg,mild,normal,Weak label parsed from public accident/wound Excel dataset.
data\raw\hf_accidents_wounds_finetune\finedata.xlsx,209,data\processed\classification\normal\normal_00047.jpg,mild,normal,Weak label parsed from public accident/wound Excel dataset.
data\raw\hf_accidents_wounds_finetune\finedata.xlsx,210,data\processed\classification\normal\normal_00048.jpg,mild,normal,Weak label parsed from public accident/wound Excel dataset.
data\raw\hf_accidents_wounds_finetune\finedata.xlsx,211,data\processed\classification\mild_concern\mild_concern_00120.jpg,moderate,mild_concern,Weak label parsed from public accident/wound Excel dataset.
data\raw\hf_accidents_wounds_finetune\finedata.xlsx,212,data\processed\classification\mild_concern\mild_concern_00121.jpg,moderate,mild_concern,Weak label parsed from public accident/wound Excel dataset.
data\raw\hf_accidents_wounds_finetune\finedata.xlsx,213,data\processed\classification\urgent\urgent_00041.jpg,moderate to severe,urgent,Weak label parsed from public accident/wound Excel dataset.
data\raw\hf_accidents_wounds_finetune\finedata.xlsx,214,data\processed\classification\mild_concern\mild_concern_00122.jpg,moderate,mild_concern,Weak label parsed from public accident/wound Excel dataset.
data\raw\hf_accidents_wounds_finetune\finedata.xlsx,216,data\processed\classification\mild_concern\mild_concern_00123.jpg,moderate,mild_concern,Weak label parsed from public accident/wound Excel dataset.
data\raw\hf_accidents_wounds_finetune\finedata.xlsx,217,data\processed\classification\urgent\urgent_00042.jpg,moderate to severe,urgent,Weak label parsed from public accident/wound Excel dataset.
data\raw\hf_accidents_wounds_finetune\finedata.xlsx,218,data\processed\classification\mild_concern\mild_concern_00124.jpg,moderate,mild_concern,Weak label parsed from public accident/wound Excel dataset.
data\raw\hf_accidents_wounds_finetune\finedata.xlsx,219,data\processed\classification\normal\normal_00049.jpg,mild,normal,Weak label parsed from public accident/wound Excel dataset.
data\raw\hf_accidents_wounds_finetune\finedata.xlsx,220,data\processed\classification\mild_concern\mild_concern_00125.jpg,mild/moderate,mild_concern,Weak label parsed from public accident/wound Excel dataset.
data\raw\hf_accidents_wounds_finetune\finedata.xlsx,221,data\processed\classification\normal\normal_00050.jpg,mild,normal,Weak label parsed from public accident/wound Excel dataset.
data\raw\hf_accidents_wounds_finetune\finedata.xlsx,222,data\processed\classification\mild_concern\mild_concern_00126.jpg,mild/moderate,mild_concern,Weak label parsed from public accident/wound Excel dataset.
data\raw\hf_accidents_wounds_finetune\finedata.xlsx,223,data\processed\classification\normal\normal_00051.jpg,mild,normal,Weak label parsed from public accident/wound Excel dataset.
data\raw\hf_accidents_wounds_finetune\finedata.xlsx,224,data\processed\classification\mild_concern\mild_concern_00127.jpg,moderate,mild_concern,Weak label parsed from public accident/wound Excel dataset.
data\raw\hf_accidents_wounds_finetune\finedata.xlsx,225,data\processed\classification\mild_concern\mild_concern_00128.jpg,moderate,mild_concern,Weak label parsed from public accident/wound Excel dataset.
data\raw\hf_accidents_wounds_finetune\finedata.xlsx,226,data\processed\classification\mild_concern\mild_concern_00129.jpg,mild/moderate,mild_concern,Weak label parsed from public accident/wound Excel dataset.
data\raw\hf_accidents_wounds_finetune\finedata.xlsx,227,data\processed\classification\urgent\urgent_00043.jpg,moderate to severe,urgent,Weak label parsed from public accident/wound Excel dataset.
data\raw\hf_accidents_wounds_finetune\finedata.xlsx,228,data\processed\classification\mild_concern\mild_concern_00130.jpg,moderate,mild_concern,Weak label parsed from public accident/wound Excel dataset.
data\raw\hf_accidents_wounds_finetune\finedata.xlsx,229,data\processed\classification\mild_concern\mild_concern_00131.jpg,moderate,mild_concern,Weak label parsed from public accident/wound Excel dataset.
data\raw\hf_accidents_wounds_finetune\finedata.xlsx,230,data\processed\classification\urgent\urgent_00044.jpg,severe,urgent,Weak label parsed from public accident/wound Excel dataset.
data\raw\hf_accidents_wounds_finetune\finedata.xlsx,231,data\processed\classification\normal\normal_00052.jpg,mild,normal,Weak label parsed from public accident/wound Excel dataset.
data\raw\hf_accidents_wounds_finetune\finedata.xlsx,232,data\processed\classification\urgent\urgent_00045.jpg,severe,urgent,Weak label parsed from public accident/wound Excel dataset.
data\raw\hf_accidents_wounds_finetune\finedata.xlsx,233,data\processed\classification\mild_concern\mild_concern_00132.jpg,moderate,mild_concern,Weak label parsed from public accident/wound Excel dataset.
data\raw\hf_accidents_wounds_finetune\finedata.xlsx,234,data\processed\classification\urgent\urgent_00046.jpg,moderate to severe,urgent,Weak label parsed from public accident/wound Excel dataset.
data\raw\hf_accidents_wounds_finetune\finedata.xlsx,235,data\processed\classification\urgent\urgent_00047.jpg,moderate to severe,urgent,Weak label parsed from public accident/wound Excel dataset.
data\raw\hf_accidents_wounds_finetune\finedata.xlsx,236,data\processed\classification\normal\normal_00053.jpg,mild,normal,Weak label parsed from public accident/wound Excel dataset.
data\raw\hf_accidents_wounds_finetune\finedata.xlsx,237,data\processed\classification\urgent\urgent_00048.jpg,severe,urgent,Weak label parsed from public accident/wound Excel dataset.
data\raw\hf_accidents_wounds_finetune\finedata.xlsx,238,data\processed\classification\mild_concern\mild_concern_00133.jpg,mild/moderate,mild_concern,Weak label parsed from public accident/wound Excel dataset.
data\raw\hf_accidents_wounds_finetune\finedata.xlsx,239,data\processed\classification\normal\normal_00054.jpg,mild,normal,Weak label parsed from public accident/wound Excel dataset.
data\raw\hf_accidents_wounds_finetune\finedata.xlsx,240,data\processed\classification\mild_concern\mild_concern_00134.jpg,moderate,mild_concern,Weak label parsed from public accident/wound Excel dataset.
data\raw\hf_accidents_wounds_finetune\finedata.xlsx,241,data\processed\classification\urgent\urgent_00049.jpg,severe,urgent,Weak label parsed from public accident/wound Excel dataset.
data\raw\hf_accidents_wounds_finetune\finedata.xlsx,242,data\processed\classification\mild_concern\mild_concern_00135.jpg,mild/moderate,mild_concern,Weak label parsed from public accident/wound Excel dataset.
data\raw\hf_accidents_wounds_finetune\finedata.xlsx,243,data\processed\classification\urgent\urgent_00050.jpg,severe,urgent,Weak label parsed from public accident/wound Excel dataset.
data\raw\hf_accidents_wounds_finetune\finedata.xlsx,244,data\processed\classification\mild_concern\mild_concern_00136.jpg,moderate,mild_concern,Weak label parsed from public accident/wound Excel dataset.
data\raw\hf_accidents_wounds_finetune\finedata.xlsx,245,data\processed\classification\normal\normal_00055.jpg,mild,normal,Weak label parsed from public accident/wound Excel dataset.
data\raw\hf_accidents_wounds_finetune\finedata.xlsx,246,data\processed\classification\mild_concern\mild_concern_00137.jpg,moderate,mild_concern,Weak label parsed from public accident/wound Excel dataset.
data\raw\hf_accidents_wounds_finetune\finedata.xlsx,247,data\processed\classification\urgent\urgent_00051.jpg,severe,urgent,Weak label parsed from public accident/wound Excel dataset.
data\raw\hf_accidents_wounds_finetune\finedata.xlsx,248,data\processed\classification\mild_concern\mild_concern_00138.jpg,moderate,mild_concern,Weak label parsed from public accident/wound Excel dataset.
data\raw\hf_accidents_wounds_finetune\finedata.xlsx,249,data\processed\classification\mild_concern\mild_concern_00139.jpg,mild/moderate,mild_concern,Weak label parsed from public accident/wound Excel dataset.
data\raw\hf_accidents_wounds_finetune\finedata.xlsx,250,data\processed\classification\mild_concern\mild_concern_00140.jpg,moderate,mild_concern,Weak label parsed from public accident/wound Excel dataset.
data\raw\hf_accidents_wounds_finetune\finedata.xlsx,251,data\processed\classification\normal\normal_00056.jpg,mild,normal,Weak label parsed from public accident/wound Excel dataset.
data\raw\hf_accidents_wounds_finetune\finedata.xlsx,252,data\processed\classification\mild_concern\mild_concern_00141.jpg,moderate,mild_concern,Weak label parsed from public accident/wound Excel dataset.
data\raw\hf_accidents_wounds_finetune\finedata.xlsx,253,data\processed\classification\mild_concern\mild_concern_00142.jpg,moderate,mild_concern,Weak label parsed from public accident/wound Excel dataset.
data\raw\hf_accidents_wounds_finetune\finedata.xlsx,254,data\processed\classification\normal\normal_00057.jpg,mild,normal,Weak label parsed from public accident/wound Excel dataset.
data\raw\hf_accidents_wounds_finetune\finedata.xlsx,255,data\processed\classification\urgent\urgent_00052.jpg,severe,urgent,Weak label parsed from public accident/wound Excel dataset.
data\raw\hf_accidents_wounds_finetune\finedata.xlsx,256,data\processed\classification\normal\normal_00058.jpg,mild,normal,Weak label parsed from public accident/wound Excel dataset.
data\raw\hf_accidents_wounds_finetune\finedata.xlsx,257,data\processed\classification\mild_concern\mild_concern_00143.jpg,moderate,mild_concern,Weak label parsed from public accident/wound Excel dataset.
data\raw\hf_accidents_wounds_finetune\finedata.xlsx,258,data\processed\classification\normal\normal_00059.jpg,mild,normal,Weak label parsed from public accident/wound Excel dataset.
data\raw\hf_accidents_wounds_finetune\finedata.xlsx,259,data\processed\classification\mild_concern\mild_concern_00144.jpg,moderate,mild_concern,Weak label parsed from public accident/wound Excel dataset.
data\raw\hf_accidents_wounds_finetune\finedata.xlsx,260,data\processed\classification\normal\normal_00060.jpg,mild,normal,Weak label parsed from public accident/wound Excel dataset.
data\raw\hf_accidents_wounds_finetune\finedata.xlsx,261,data\processed\classification\urgent\urgent_00053.jpg,severe,urgent,Weak label parsed from public accident/wound Excel dataset.
data\raw\hf_accidents_wounds_finetune\finedata.xlsx,262,data\processed\classification\mild_concern\mild_concern_00145.jpg,moderate,mild_concern,Weak label parsed from public accident/wound Excel dataset.
data\raw\hf_accidents_wounds_finetune\finedata.xlsx,263,data\processed\classification\urgent\urgent_00054.jpg,severe,urgent,Weak label parsed from public accident/wound Excel dataset.
data\raw\hf_accidents_wounds_finetune\finedata.xlsx,264,data\processed\classification\normal\normal_00061.jpg,mild,normal,Weak label parsed from public accident/wound Excel dataset.
data\raw\hf_accidents_wounds_finetune\finedata.xlsx,265,data\processed\classification\mild_concern\mild_concern_00146.jpg,mild/moderate,mild_concern,Weak label parsed from public accident/wound Excel dataset.
data\raw\hf_accidents_wounds_finetune\finedata.xlsx,266,data\processed\classification\mild_concern\mild_concern_00147.jpg,moderate,mild_concern,Weak label parsed from public accident/wound Excel dataset.
data\raw\hf_accidents_wounds_finetune\finedata.xlsx,267,data\processed\classification\mild_concern\mild_concern_00148.jpg,moderate,mild_concern,Weak label parsed from public accident/wound Excel dataset.
data\raw\hf_accidents_wounds_finetune\finedata.xlsx,268,data\processed\classification\mild_concern\mild_concern_00149.jpg,moderate,mild_concern,Weak label parsed from public accident/wound Excel dataset.
data\raw\hf_accidents_wounds_finetune\finedata.xlsx,269,data\processed\classification\mild_concern\mild_concern_00150.jpg,mild/moderate,mild_concern,Weak label parsed from public accident/wound Excel dataset.
data\raw\hf_accidents_wounds_finetune\finedata.xlsx,270,data\processed\classification\urgent\urgent_00055.jpg,severe,urgent,Weak label parsed from public accident/wound Excel dataset.
data\raw\hf_accidents_wounds_finetune\finedata.xlsx,271,data\processed\classification\normal\normal_00062.jpg,mild,normal,Weak label parsed from public accident/wound Excel dataset.
data\raw\hf_accidents_wounds_finetune\finedata.xlsx,272,data\processed\classification\normal\normal_00063.jpg,mild,normal,Weak label parsed from public accident/wound Excel dataset.
data\raw\hf_accidents_wounds_finetune\finedata.xlsx,273,data\processed\classification\mild_concern\mild_concern_00151.jpg,moderate,mild_concern,Weak label parsed from public accident/wound Excel dataset.
data\raw\hf_accidents_wounds_finetune\finedata.xlsx,274,data\processed\classification\normal\normal_00064.jpg,mild,normal,Weak label parsed from public accident/wound Excel dataset.
data\raw\hf_accidents_wounds_finetune\finedata.xlsx,275,data\processed\classification\mild_concern\mild_concern_00152.jpg,moderate,mild_concern,Weak label parsed from public accident/wound Excel dataset.
data\raw\hf_accidents_wounds_finetune\finedata.xlsx,276,data\processed\classification\mild_concern\mild_concern_00153.jpg,moderate,mild_concern,Weak label parsed from public accident/wound Excel dataset.
data\raw\hf_accidents_wounds_finetune\finedata.xlsx,277,data\processed\classification\mild_concern\mild_concern_00154.jpg,moderate,mild_concern,Weak label parsed from public accident/wound Excel dataset.
data\raw\hf_accidents_wounds_finetune\finedata.xlsx,278,data\processed\classification\normal\normal_00065.jpg,mild,normal,Weak label parsed from public accident/wound Excel dataset.
data\raw\hf_accidents_wounds_finetune\finedata.xlsx,279,data\processed\classification\urgent\urgent_00056.jpg,moderate to severe,urgent,Weak label parsed from public accident/wound Excel dataset.
data\raw\hf_accidents_wounds_finetune\finedata.xlsx,280,data\processed\classification\urgent\urgent_00057.jpg,severe,urgent,Weak label parsed from public accident/wound Excel dataset.
data\raw\hf_accidents_wounds_finetune\finedata.xlsx,281,data\processed\classification\normal\normal_00066.jpg,mild,normal,Weak label parsed from public accident/wound Excel dataset.
data\raw\hf_accidents_wounds_finetune\finedata.xlsx,282,data\processed\classification\normal\normal_00067.jpg,mild,normal,Weak label parsed from public accident/wound Excel dataset.
data\raw\hf_accidents_wounds_finetune\finedata.xlsx,283,data\processed\classification\normal\normal_00068.jpg,mild,normal,Weak label parsed from public accident/wound Excel dataset.
data\raw\hf_accidents_wounds_finetune\finedata.xlsx,284,data\processed\classification\normal\normal_00069.jpg,mild,normal,Weak label parsed from public accident/wound Excel dataset.
data\raw\hf_accidents_wounds_finetune\finedata.xlsx,286,data\processed\classification\mild_concern\mild_concern_00155.jpg,mild/moderate,mild_concern,Weak label parsed from public accident/wound Excel dataset.
data\raw\hf_accidents_wounds_finetune\finedata.xlsx,287,data\processed\classification\normal\normal_00070.jpg,mild,normal,Weak label parsed from public accident/wound Excel dataset.
data\raw\hf_accidents_wounds_finetune\finedata.xlsx,288,data\processed\classification\urgent\urgent_00058.jpg,severe,urgent,Weak label parsed from public accident/wound Excel dataset.
data\raw\hf_accidents_wounds_finetune\finedata.xlsx,289,data\processed\classification\normal\normal_00071.jpg,mild,normal,Weak label parsed from public accident/wound Excel dataset.
data\raw\hf_accidents_wounds_finetune\finedata.xlsx,290,data\processed\classification\urgent\urgent_00059.jpg,severe,urgent,Weak label parsed from public accident/wound Excel dataset.
data\raw\hf_accidents_wounds_finetune\finedata.xlsx,291,data\processed\classification\mild_concern\mild_concern_00156.jpg,mild/moderate,mild_concern,Weak label parsed from public accident/wound Excel dataset.
data\raw\hf_accidents_wounds_finetune\finedata.xlsx,292,data\processed\classification\normal\normal_00072.jpg,mild,normal,Weak label parsed from public accident/wound Excel dataset.
data\raw\hf_accidents_wounds_finetune\finedata.xlsx,293,data\processed\classification\mild_concern\mild_concern_00157.jpg,moderate,mild_concern,Weak label parsed from public accident/wound Excel dataset.
data\raw\hf_accidents_wounds_finetune\finedata.xlsx,294,data\processed\classification\mild_concern\mild_concern_00158.jpg,moderate,mild_concern,Weak label parsed from public accident/wound Excel dataset.
data\raw\hf_accidents_wounds_finetune\finedata.xlsx,295,data\processed\classification\urgent\urgent_00060.jpg,severe,urgent,Weak label parsed from public accident/wound Excel dataset.
data\raw\hf_accidents_wounds_finetune\finedata.xlsx,296,data\processed\classification\mild_concern\mild_concern_00159.jpg,moderate,mild_concern,Weak label parsed from public accident/wound Excel dataset.
data\raw\hf_accidents_wounds_finetune\finedata.xlsx,297,data\processed\classification\mild_concern\mild_concern_00160.jpg,moderate,mild_concern,Weak label parsed from public accident/wound Excel dataset.
data\raw\hf_accidents_wounds_finetune\finedata.xlsx,298,data\processed\classification\normal\normal_00073.jpg,mild,normal,Weak label parsed from public accident/wound Excel dataset.
data\raw\hf_accidents_wounds_finetune\finedata.xlsx,299,data\processed\classification\mild_concern\mild_concern_00161.jpg,moderate,mild_concern,Weak label parsed from public accident/wound Excel dataset.
data\raw\hf_accidents_wounds_finetune\finedata.xlsx,300,data\processed\classification\normal\normal_00074.jpg,mild,normal,Weak label parsed from public accident/wound Excel dataset.
data\raw\hf_accidents_wounds_finetune\finedata.xlsx,301,data\processed\classification\urgent\urgent_00061.jpg,severe,urgent,Weak label parsed from public accident/wound Excel dataset.
data\raw\hf_accidents_wounds_finetune\finedata.xlsx,302,data\processed\classification\mild_concern\mild_concern_00162.jpg,moderate,mild_concern,Weak label parsed from public accident/wound Excel dataset.
data\raw\hf_accidents_wounds_finetune\finedata.xlsx,303,data\processed\classification\normal\normal_00075.jpg,mild,normal,Weak label parsed from public accident/wound Excel dataset.
data\raw\hf_accidents_wounds_finetune\finedata.xlsx,304,data\processed\classification\mild_concern\mild_concern_00163.jpg,moderate,mild_concern,Weak label parsed from public accident/wound Excel dataset.
data\raw\hf_accidents_wounds_finetune\finedata.xlsx,305,data\processed\classification\mild_concern\mild_concern_00164.jpg,moderate,mild_concern,Weak label parsed from public accident/wound Excel dataset.
data\raw\hf_accidents_wounds_finetune\finedata.xlsx,306,data\processed\classification\urgent\urgent_00062.jpg,severe,urgent,Weak label parsed from public accident/wound Excel dataset.
data\raw\hf_accidents_wounds_finetune\finedata.xlsx,307,data\processed\classification\urgent\urgent_00063.jpg,severe,urgent,Weak label parsed from public accident/wound Excel dataset.
data\raw\hf_accidents_wounds_finetune\finedata.xlsx,308,data\processed\classification\normal\normal_00076.jpg,mild,normal,Weak label parsed from public accident/wound Excel dataset.
data\raw\hf_accidents_wounds_finetune\finedata.xlsx,309,data\processed\classification\mild_concern\mild_concern_00165.jpg,moderate,mild_concern,Weak label parsed from public accident/wound Excel dataset.
data\raw\hf_accidents_wounds_finetune\finedata.xlsx,310,data\processed\classification\mild_concern\mild_concern_00166.jpg,moderate,mild_concern,Weak label parsed from public accident/wound Excel dataset.
data\raw\hf_accidents_wounds_finetune\finedata.xlsx,311,data\processed\classification\urgent\urgent_00064.jpg,severe,urgent,Weak label parsed from public accident/wound Excel dataset.
data\raw\hf_accidents_wounds_finetune\finedata.xlsx,312,data\processed\classification\normal\normal_00077.jpg,mild,normal,Weak label parsed from public accident/wound Excel dataset.
data\raw\hf_accidents_wounds_finetune\finedata.xlsx,313,data\processed\classification\mild_concern\mild_concern_00167.jpg,moderate,mild_concern,Weak label parsed from public accident/wound Excel dataset.
data\raw\hf_accidents_wounds_finetune\finedata.xlsx,314,data\processed\classification\urgent\urgent_00065.jpg,severe,urgent,Weak label parsed from public accident/wound Excel dataset.
data\raw\hf_accidents_wounds_finetune\finedata.xlsx,315,data\processed\classification\normal\normal_00078.jpg,mild,normal,Weak label parsed from public accident/wound Excel dataset.
data\raw\hf_accidents_wounds_finetune\finedata.xlsx,316,data\processed\classification\normal\normal_00079.jpg,mild,normal,Weak label parsed from public accident/wound Excel dataset.
data\raw\hf_accidents_wounds_finetune\finedata.xlsx,317,data\processed\classification\mild_concern\mild_concern_00168.jpg,moderate,mild_concern,Weak label parsed from public accident/wound Excel dataset.
data\raw\hf_accidents_wounds_finetune\finedata.xlsx,318,data\processed\classification\mild_concern\mild_concern_00169.jpg,moderate,mild_concern,Weak label parsed from public accident/wound Excel dataset.
data\raw\hf_accidents_wounds_finetune\finedata.xlsx,319,data\processed\classification\normal\normal_00080.jpg,mild,normal,Weak label parsed from public accident/wound Excel dataset.
data\raw\hf_accidents_wounds_finetune\finedata.xlsx,320,data\processed\classification\normal\normal_00081.jpg,mild,normal,Weak label parsed from public accident/wound Excel dataset.
data\raw\hf_accidents_wounds_finetune\finedata.xlsx,321,data\processed\classification\normal\normal_00082.jpg,mild,normal,Weak label parsed from public accident/wound Excel dataset.
data\raw\hf_accidents_wounds_finetune\finedata.xlsx,322,data\processed\classification\mild_concern\mild_concern_00170.jpg,moderate,mild_concern,Weak label parsed from public accident/wound Excel dataset.
data\raw\hf_accidents_wounds_finetune\finedata.xlsx,323,data\processed\classification\normal\normal_00083.jpg,mild,normal,Weak label parsed from public accident/wound Excel dataset.
data\raw\hf_accidents_wounds_finetune\finedata.xlsx,324,data\processed\classification\normal\normal_00084.jpg,mild,normal,Weak label parsed from public accident/wound Excel dataset.
data\raw\hf_accidents_wounds_finetune\finedata.xlsx,325,data\processed\classification\mild_concern\mild_concern_00171.jpg,moderate,mild_concern,Weak label parsed from public accident/wound Excel dataset.
data\raw\hf_accidents_wounds_finetune\finedata.xlsx,326,data\processed\classification\urgent\urgent_00066.jpg,severe,urgent,Weak label parsed from public accident/wound Excel dataset.
data\raw\hf_accidents_wounds_finetune\finedata.xlsx,327,data\processed\classification\normal\normal_00085.jpg,mild,normal,Weak label parsed from public accident/wound Excel dataset.
data\raw\hf_accidents_wounds_finetune\finedata.xlsx,328,data\processed\classification\mild_concern\mild_concern_00172.jpg,mild/moderate,mild_concern,Weak label parsed from public accident/wound Excel dataset.
data\raw\hf_accidents_wounds_finetune\finedata.xlsx,329,data\processed\classification\urgent\urgent_00067.jpg,severe,urgent,Weak label parsed from public accident/wound Excel dataset.
data\raw\hf_accidents_wounds_finetune\finedata.xlsx,330,data\processed\classification\normal\normal_00086.jpg,mild,normal,Weak label parsed from public accident/wound Excel dataset.
data\raw\hf_accidents_wounds_finetune\finedata.xlsx,331,data\processed\classification\urgent\urgent_00068.jpg,moderate to severe,urgent,Weak label parsed from public accident/wound Excel dataset.
data\raw\hf_accidents_wounds_finetune\finedata.xlsx,332,data\processed\classification\normal\normal_00087.jpg,mild,normal,Weak label parsed from public accident/wound Excel dataset.
data\raw\hf_accidents_wounds_finetune\finedata.xlsx,333,data\processed\classification\mild_concern\mild_concern_00173.jpg,moderate,mild_concern,Weak label parsed from public accident/wound Excel dataset.
data\raw\hf_accidents_wounds_finetune\finedata.xlsx,334,data\processed\classification\mild_concern\mild_concern_00174.jpg,moderate,mild_concern,Weak label parsed from public accident/wound Excel dataset.
data\raw\hf_accidents_wounds_finetune\finedata.xlsx,335,data\processed\classification\urgent\urgent_00069.jpg,severe,urgent,Weak label parsed from public accident/wound Excel dataset.
data\raw\hf_accidents_wounds_finetune\finedata.xlsx,336,data\processed\classification\normal\normal_00088.jpg,mild,normal,Weak label parsed from public accident/wound Excel dataset.
data\raw\hf_accidents_wounds_finetune\finedata.xlsx,337,data\processed\classification\normal\normal_00089.jpg,mild,normal,Weak label parsed from public accident/wound Excel dataset.
data\raw\hf_accidents_wounds_finetune\finedata.xlsx,338,data\processed\classification\mild_concern\mild_concern_00175.jpg,moderate,mild_concern,Weak label parsed from public accident/wound Excel dataset.
data\raw\hf_accidents_wounds_finetune\finedata.xlsx,339,data\processed\classification\mild_concern\mild_concern_00176.jpg,moderate,mild_concern,Weak label parsed from public accident/wound Excel dataset.
data\raw\hf_accidents_wounds_finetune\finedata.xlsx,340,data\processed\classification\normal\normal_00090.jpg,mild,normal,Weak label parsed from public accident/wound Excel dataset.
data\raw\hf_accidents_wounds_finetune\finedata.xlsx,341,data\processed\classification\mild_concern\mild_concern_00177.jpg,moderate,mild_concern,Weak label parsed from public accident/wound Excel dataset.
data\raw\hf_accidents_wounds_finetune\finedata.xlsx,342,data\processed\classification\normal\normal_00091.jpg,mild,normal,Weak label parsed from public accident/wound Excel dataset.
data\raw\hf_accidents_wounds_finetune\finedata.xlsx,343,data\processed\classification\urgent\urgent_00070.jpg,severe,urgent,Weak label parsed from public accident/wound Excel dataset.
data\raw\hf_accidents_wounds_finetune\finedata.xlsx,344,data\processed\classification\mild_concern\mild_concern_00178.jpg,moderate,mild_concern,Weak label parsed from public accident/wound Excel dataset.
data\raw\hf_accidents_wounds_finetune\finedata.xlsx,345,data\processed\classification\mild_concern\mild_concern_00179.jpg,moderate,mild_concern,Weak label parsed from public accident/wound Excel dataset.
data\raw\hf_accidents_wounds_finetune\finedata.xlsx,346,data\processed\classification\normal\normal_00092.jpg,mild,normal,Weak label parsed from public accident/wound Excel dataset.
data\raw\hf_accidents_wounds_finetune\finedata.xlsx,347,data\processed\classification\urgent\urgent_00071.jpg,severe,urgent,Weak label parsed from public accident/wound Excel dataset.
data\raw\hf_accidents_wounds_finetune\finedata.xlsx,348,data\processed\classification\mild_concern\mild_concern_00180.jpg,moderate,mild_concern,Weak label parsed from public accident/wound Excel dataset.
data\raw\hf_accidents_wounds_finetune\finedata.xlsx,349,data\processed\classification\urgent\urgent_00072.jpg,severe,urgent,Weak label parsed from public accident/wound Excel dataset.
data\raw\hf_accidents_wounds_finetune\finedata.xlsx,350,data\processed\classification\normal\normal_00093.jpg,mild,normal,Weak label parsed from public accident/wound Excel dataset.
data\raw\hf_accidents_wounds_finetune\finedata.xlsx,351,data\processed\classification\mild_concern\mild_concern_00181.jpg,moderate,mild_concern,Weak label parsed from public accident/wound Excel dataset.
data\raw\hf_accidents_wounds_finetune\finedata.xlsx,352,data\processed\classification\normal\normal_00094.jpg,mild,normal,Weak label parsed from public accident/wound Excel dataset.
data\raw\hf_accidents_wounds_finetune\finedata.xlsx,353,data\processed\classification\normal\normal_00095.jpg,mild,normal,Weak label parsed from public accident/wound Excel dataset.
data\raw\hf_accidents_wounds_finetune\finedata.xlsx,354,data\processed\classification\mild_concern\mild_concern_00182.jpg,mild/moderate,mild_concern,Weak label parsed from public accident/wound Excel dataset.
data\raw\hf_accidents_wounds_finetune\finedata.xlsx,355,data\processed\classification\mild_concern\mild_concern_00183.jpg,moderate,mild_concern,Weak label parsed from public accident/wound Excel dataset.
data\raw\hf_accidents_wounds_finetune\finedata.xlsx,356,data\processed\classification\urgent\urgent_00073.jpg,severe,urgent,Weak label parsed from public accident/wound Excel dataset.
data\raw\hf_accidents_wounds_finetune\finedata.xlsx,357,data\processed\classification\normal\normal_00096.jpg,mild,normal,Weak label parsed from public accident/wound Excel dataset.
data\raw\hf_accidents_wounds_finetune\finedata.xlsx,358,data\processed\classification\mild_concern\mild_concern_00184.jpg,mild/moderate,mild_concern,Weak label parsed from public accident/wound Excel dataset.
data\raw\hf_accidents_wounds_finetune\finedata.xlsx,359,data\processed\classification\mild_concern\mild_concern_00185.jpg,mild/moderate,mild_concern,Weak label parsed from public accident/wound Excel dataset.
data\raw\hf_accidents_wounds_finetune\finedata.xlsx,360,data\processed\classification\normal\normal_00097.jpg,mild,normal,Weak label parsed from public accident/wound Excel dataset.
data\raw\hf_accidents_wounds_finetune\finedata.xlsx,361,data\processed\classification\urgent\urgent_00074.jpg,severe,urgent,Weak label parsed from public accident/wound Excel dataset.
data\raw\hf_accidents_wounds_finetune\finedata.xlsx,362,data\processed\classification\urgent\urgent_00075.jpg,severe,urgent,Weak label parsed from public accident/wound Excel dataset.
data\raw\hf_accidents_wounds_finetune\finedata.xlsx,363,data\processed\classification\urgent\urgent_00076.jpg,severe,urgent,Weak label parsed from public accident/wound Excel dataset.
data\raw\hf_accidents_wounds_finetune\finedata.xlsx,364,data\processed\classification\mild_concern\mild_concern_00186.jpg,moderate,mild_concern,Weak label parsed from public accident/wound Excel dataset.
data\raw\hf_accidents_wounds_finetune\finedata.xlsx,365,data\processed\classification\mild_concern\mild_concern_00187.jpg,moderate,mild_concern,Weak label parsed from public accident/wound Excel dataset.
data\raw\hf_accidents_wounds_finetune\finedata.xlsx,366,data\processed\classification\urgent\urgent_00077.jpg,severe,urgent,Weak label parsed from public accident/wound Excel dataset.
data\raw\hf_accidents_wounds_finetune\finedata.xlsx,367,data\processed\classification\mild_concern\mild_concern_00188.jpg,mild/moderate,mild_concern,Weak label parsed from public accident/wound Excel dataset.
data\raw\hf_accidents_wounds_finetune\finedata.xlsx,368,data\processed\classification\normal\normal_00098.jpg,mild,normal,Weak label parsed from public accident/wound Excel dataset.
data\raw\hf_accidents_wounds_finetune\finedata.xlsx,369,data\processed\classification\normal\normal_00099.jpg,mild,normal,Weak label parsed from public accident/wound Excel dataset.
data\raw\hf_accidents_wounds_finetune\finedata.xlsx,370,data\processed\classification\mild_concern\mild_concern_00189.jpg,moderate,mild_concern,Weak label parsed from public accident/wound Excel dataset.
data\raw\hf_accidents_wounds_finetune\finedata.xlsx,371,data\processed\classification\urgent\urgent_00078.jpg,severe,urgent,Weak label parsed from public accident/wound Excel dataset.
data\raw\hf_accidents_wounds_finetune\finedata.xlsx,372,data\processed\classification\urgent\urgent_00079.jpg,severe,urgent,Weak label parsed from public accident/wound Excel dataset.
data\raw\hf_accidents_wounds_finetune\finedata.xlsx,373,data\processed\classification\urgent\urgent_00080.jpg,severe,urgent,Weak label parsed from public accident/wound Excel dataset.
data\raw\hf_accidents_wounds_finetune\finedata.xlsx,374,data\processed\classification\mild_concern\mild_concern_00190.jpg,moderate,mild_concern,Weak label parsed from public accident/wound Excel dataset.
data\raw\hf_accidents_wounds_finetune\finedata.xlsx,375,data\processed\classification\mild_concern\mild_concern_00191.jpg,moderate,mild_concern,Weak label parsed from public accident/wound Excel dataset.
data\raw\hf_accidents_wounds_finetune\finedata.xlsx,376,data\processed\classification\normal\normal_00100.jpg,mild,normal,Weak label parsed from public accident/wound Excel dataset.
data\raw\hf_accidents_wounds_finetune\finedata.xlsx,377,data\processed\classification\mild_concern\mild_concern_00192.jpg,moderate,mild_concern,Weak label parsed from public accident/wound Excel dataset.
data\raw\hf_accidents_wounds_finetune\finedata.xlsx,378,data\processed\classification\urgent\urgent_00081.jpg,severe,urgent,Weak label parsed from public accident/wound Excel dataset.
data\raw\hf_accidents_wounds_finetune\finedata.xlsx,379,data\processed\classification\normal\normal_00101.jpg,mild,normal,Weak label parsed from public accident/wound Excel dataset.
data\raw\hf_accidents_wounds_finetune\finedata.xlsx,380,data\processed\classification\mild_concern\mild_concern_00193.jpg,moderate,mild_concern,Weak label parsed from public accident/wound Excel dataset.
data\raw\hf_accidents_wounds_finetune\finedata.xlsx,381,data\processed\classification\mild_concern\mild_concern_00194.jpg,moderate,mild_concern,Weak label parsed from public accident/wound Excel dataset.
data\raw\hf_accidents_wounds_finetune\finedata.xlsx,382,data\processed\classification\mild_concern\mild_concern_00195.jpg,moderate,mild_concern,Weak label parsed from public accident/wound Excel dataset.
data\raw\hf_accidents_wounds_finetune\finedata.xlsx,383,data\processed\classification\urgent\urgent_00082.jpg,severe,urgent,Weak label parsed from public accident/wound Excel dataset.
data\raw\hf_accidents_wounds_finetune\finedata.xlsx,384,data\processed\classification\normal\normal_00102.jpg,mild,normal,Weak label parsed from public accident/wound Excel dataset.
data\raw\hf_accidents_wounds_finetune\finedata.xlsx,385,data\processed\classification\urgent\urgent_00083.jpg,severe,urgent,Weak label parsed from public accident/wound Excel dataset.
data\raw\hf_accidents_wounds_finetune\finedata.xlsx,386,data\processed\classification\mild_concern\mild_concern_00196.jpg,moderate,mild_concern,Weak label parsed from public accident/wound Excel dataset.
data\raw\hf_accidents_wounds_finetune\finedata.xlsx,387,data\processed\classification\mild_concern\mild_concern_00197.jpg,moderate,mild_concern,Weak label parsed from public accident/wound Excel dataset.
data\raw\hf_accidents_wounds_finetune\finedata.xlsx,388,data\processed\classification\urgent\urgent_00084.jpg,moderate to severe,urgent,Weak label parsed from public accident/wound Excel dataset.
data\raw\hf_accidents_wounds_finetune\finedata.xlsx,389,data\processed\classification\urgent\urgent_00085.jpg,severe,urgent,Weak label parsed from public accident/wound Excel dataset.
data\raw\hf_accidents_wounds_finetune\finedata.xlsx,391,data\processed\classification\urgent\urgent_00086.jpg,severe,urgent,Weak label parsed from public accident/wound Excel dataset.
data\raw\hf_accidents_wounds_finetune\finedata.xlsx,392,data\processed\classification\urgent\urgent_00087.jpg,severe,urgent,Weak label parsed from public accident/wound Excel dataset.
data\raw\hf_accidents_wounds_finetune\finedata.xlsx,393,data\processed\classification\urgent\urgent_00088.jpg,severe,urgent,Weak label parsed from public accident/wound Excel dataset.
data\raw\hf_accidents_wounds_finetune\finedata.xlsx,394,data\processed\classification\urgent\urgent_00089.jpg,moderate to severe,urgent,Weak label parsed from public accident/wound Excel dataset.
data\raw\hf_accidents_wounds_finetune\finedata.xlsx,395,data\processed\classification\normal\normal_00103.jpg,mild,normal,Weak label parsed from public accident/wound Excel dataset.
data\raw\hf_accidents_wounds_finetune\finedata.xlsx,396,data\processed\classification\mild_concern\mild_concern_00198.jpg,moderate,mild_concern,Weak label parsed from public accident/wound Excel dataset.
data\raw\hf_accidents_wounds_finetune\finedata.xlsx,397,data\processed\classification\urgent\urgent_00090.jpg,moderate to severe,urgent,Weak label parsed from public accident/wound Excel dataset.
data\raw\hf_accidents_wounds_finetune\finedata.xlsx,398,data\processed\classification\mild_concern\mild_concern_00199.jpg,moderate,mild_concern,Weak label parsed from public accident/wound Excel dataset.
data\raw\hf_accidents_wounds_finetune\finedata.xlsx,399,data\processed\classification\urgent\urgent_00091.jpg,severe,urgent,Weak label parsed from public accident/wound Excel dataset.
data\raw\hf_accidents_wounds_finetune\finedata.xlsx,400,data\processed\classification\mild_concern\mild_concern_00200.jpg,moderate,mild_concern,Weak label parsed from public accident/wound Excel dataset.
data\raw\hf_accidents_wounds_finetune\finedata.xlsx,401,data\processed\classification\mild_concern\mild_concern_00201.jpg,moderate,mild_concern,Weak label parsed from public accident/wound Excel dataset.
data\raw\hf_accidents_wounds_finetune\finedata.xlsx,402,data\processed\classification\mild_concern\mild_concern_00202.jpg,mild/moderate,mild_concern,Weak label parsed from public accident/wound Excel dataset.
data\raw\hf_accidents_wounds_finetune\finedata.xlsx,403,data\processed\classification\mild_concern\mild_concern_00203.jpg,mild/moderate,mild_concern,Weak label parsed from public accident/wound Excel dataset.
data\raw\hf_accidents_wounds_finetune\finedata.xlsx,404,data\processed\classification\normal\normal_00104.jpg,mild,normal,Weak label parsed from public accident/wound Excel dataset.
data\raw\hf_accidents_wounds_finetune\finedata.xlsx,405,data\processed\classification\normal\normal_00105.jpg,mild,normal,Weak label parsed from public accident/wound Excel dataset.
data\raw\hf_accidents_wounds_finetune\finedata.xlsx,406,data\processed\classification\urgent\urgent_00092.jpg,severe,urgent,Weak label parsed from public accident/wound Excel dataset.
data\raw\hf_accidents_wounds_finetune\finedata.xlsx,407,data\processed\classification\normal\normal_00106.jpg,mild,normal,Weak label parsed from public accident/wound Excel dataset.
data\raw\hf_accidents_wounds_finetune\finedata.xlsx,408,data\processed\classification\urgent\urgent_00093.jpg,severe,urgent,Weak label parsed from public accident/wound Excel dataset.
data\raw\hf_accidents_wounds_finetune\finedata.xlsx,409,data\processed\classification\normal\normal_00107.jpg,mild,normal,Weak label parsed from public accident/wound Excel dataset.
data\raw\hf_accidents_wounds_finetune\finedata.xlsx,410,data\processed\classification\urgent\urgent_00094.jpg,severe,urgent,Weak label parsed from public accident/wound Excel dataset.
data\raw\hf_accidents_wounds_finetune\finedata.xlsx,411,data\processed\classification\urgent\urgent_00095.jpg,severe,urgent,Weak label parsed from public accident/wound Excel dataset.
data\raw\hf_accidents_wounds_finetune\finedata.xlsx,412,data\processed\classification\mild_concern\mild_concern_00204.jpg,mild/moderate,mild_concern,Weak label parsed from public accident/wound Excel dataset.
data\raw\hf_accidents_wounds_finetune\finedata.xlsx,413,data\processed\classification\urgent\urgent_00096.jpg,severe,urgent,Weak label parsed from public accident/wound Excel dataset.
data\raw\hf_accidents_wounds_finetune\finedata.xlsx,414,data\processed\classification\urgent\urgent_00097.jpg,severe,urgent,Weak label parsed from public accident/wound Excel dataset.
data\raw\hf_accidents_wounds_finetune\finedata.xlsx,415,data\processed\classification\urgent\urgent_00098.jpg,moderate to severe,urgent,Weak label parsed from public accident/wound Excel dataset.
data\raw\hf_accidents_wounds_finetune\finedata.xlsx,416,data\processed\classification\urgent\urgent_00099.jpg,moderate to severe,urgent,Weak label parsed from public accident/wound Excel dataset.
data\raw\hf_accidents_wounds_finetune\finedata.xlsx,417,data\processed\classification\urgent\urgent_00100.jpg,severe,urgent,Weak label parsed from public accident/wound Excel dataset.
data\raw\hf_accidents_wounds_finetune\finedata.xlsx,418,data\processed\classification\mild_concern\mild_concern_00205.jpg,moderate,mild_concern,Weak label parsed from public accident/wound Excel dataset.
data\raw\hf_accidents_wounds_finetune\finedata.xlsx,419,data\processed\classification\normal\normal_00108.jpg,mild,normal,Weak label parsed from public accident/wound Excel dataset.
data\raw\hf_accidents_wounds_finetune\finedata.xlsx,420,data\processed\classification\mild_concern\mild_concern_00206.jpg,moderate,mild_concern,Weak label parsed from public accident/wound Excel dataset.
data\raw\hf_accidents_wounds_finetune\finedata.xlsx,421,data\processed\classification\normal\normal_00109.jpg,mild,normal,Weak label parsed from public accident/wound Excel dataset.
data\raw\hf_accidents_wounds_finetune\finedata.xlsx,422,data\processed\classification\mild_concern\mild_concern_00207.jpg,moderate,mild_concern,Weak label parsed from public accident/wound Excel dataset.
data\raw\hf_accidents_wounds_finetune\finedata.xlsx,423,data\processed\classification\mild_concern\mild_concern_00208.jpg,moderate,mild_concern,Weak label parsed from public accident/wound Excel dataset.
data\raw\hf_accidents_wounds_finetune\finedata.xlsx,424,data\processed\classification\urgent\urgent_00101.jpg,severe,urgent,Weak label parsed from public accident/wound Excel dataset.
data\raw\hf_accidents_wounds_finetune\finedata.xlsx,425,data\processed\classification\mild_concern\mild_concern_00209.jpg,moderate,mild_concern,Weak label parsed from public accident/wound Excel dataset.
data\raw\hf_accidents_wounds_finetune\finedata.xlsx,426,data\processed\classification\normal\normal_00110.jpg,mild,normal,Weak label parsed from public accident/wound Excel dataset.
data\raw\hf_accidents_wounds_finetune\finedata.xlsx,427,data\processed\classification\mild_concern\mild_concern_00210.jpg,mild/moderate,mild_concern,Weak label parsed from public accident/wound Excel dataset.
data\raw\hf_accidents_wounds_finetune\finedata.xlsx,428,data\processed\classification\urgent\urgent_00102.jpg,severe,urgent,Weak label parsed from public accident/wound Excel dataset.
data\raw\hf_accidents_wounds_finetune\finedata.xlsx,429,data\processed\classification\mild_concern\mild_concern_00211.jpg,moderate,mild_concern,Weak label parsed from public accident/wound Excel dataset.
data\raw\hf_accidents_wounds_finetune\finedata.xlsx,430,data\processed\classification\mild_concern\mild_concern_00212.jpg,moderate,mild_concern,Weak label parsed from public accident/wound Excel dataset.
data\raw\hf_accidents_wounds_finetune\finedata.xlsx,431,data\processed\classification\normal\normal_00111.jpg,mild,normal,Weak label parsed from public accident/wound Excel dataset.
data\raw\hf_accidents_wounds_finetune\finedata.xlsx,432,data\processed\classification\urgent\urgent_00103.jpg,severe,urgent,Weak label parsed from public accident/wound Excel dataset.
data\raw\hf_accidents_wounds_finetune\finedata.xlsx,433,data\processed\classification\urgent\urgent_00104.jpg,severe,urgent,Weak label parsed from public accident/wound Excel dataset.
data\raw\hf_accidents_wounds_finetune\finedata.xlsx,434,data\processed\classification\mild_concern\mild_concern_00213.jpg,moderate,mild_concern,Weak label parsed from public accident/wound Excel dataset.
data\raw\hf_accidents_wounds_finetune\finedata.xlsx,435,data\processed\classification\mild_concern\mild_concern_00214.jpg,moderate,mild_concern,Weak label parsed from public accident/wound Excel dataset.
data\raw\hf_accidents_wounds_finetune\finedata.xlsx,436,data\processed\classification\urgent\urgent_00105.jpg,severe,urgent,Weak label parsed from public accident/wound Excel dataset.
data\raw\hf_accidents_wounds_finetune\finedata.xlsx,437,data\processed\classification\normal\normal_00112.jpg,mild,normal,Weak label parsed from public accident/wound Excel dataset.
data\raw\hf_accidents_wounds_finetune\finedata.xlsx,438,data\processed\classification\normal\normal_00113.jpg,mild,normal,Weak label parsed from public accident/wound Excel dataset.
data\raw\hf_accidents_wounds_finetune\finedata.xlsx,439,data\processed\classification\normal\normal_00114.jpg,mild,normal,Weak label parsed from public accident/wound Excel dataset.
data\raw\hf_accidents_wounds_finetune\finedata.xlsx,440,data\processed\classification\mild_concern\mild_concern_00215.jpg,moderate,mild_concern,Weak label parsed from public accident/wound Excel dataset.
data\raw\hf_accidents_wounds_finetune\finedata.xlsx,441,data\processed\classification\urgent\urgent_00106.jpg,severe,urgent,Weak label parsed from public accident/wound Excel dataset.
data\raw\hf_accidents_wounds_finetune\finedata.xlsx,442,data\processed\classification\normal\normal_00115.jpg,mild,normal,Weak label parsed from public accident/wound Excel dataset.
data\raw\hf_accidents_wounds_finetune\finedata.xlsx,443,data\processed\classification\normal\normal_00116.jpg,mild,normal,Weak label parsed from public accident/wound Excel dataset.
data\raw\hf_accidents_wounds_finetune\finedata.xlsx,444,data\processed\classification\mild_concern\mild_concern_00216.jpg,mild/moderate,mild_concern,Weak label parsed from public accident/wound Excel dataset.
data\raw\hf_accidents_wounds_finetune\finedata.xlsx,445,data\processed\classification\normal\normal_00117.jpg,mild,normal,Weak label parsed from public accident/wound Excel dataset.
data\raw\hf_accidents_wounds_finetune\finedata.xlsx,446,data\processed\classification\normal\normal_00118.jpg,mild,normal,Weak label parsed from public accident/wound Excel dataset.
data\raw\hf_accidents_wounds_finetune\finedata.xlsx,447,data\processed\classification\mild_concern\mild_concern_00217.jpg,mild/moderate,mild_concern,Weak label parsed from public accident/wound Excel dataset.
data\raw\hf_accidents_wounds_finetune\finedata.xlsx,448,data\processed\classification\mild_concern\mild_concern_00218.jpg,moderate,mild_concern,Weak label parsed from public accident/wound Excel dataset.
data\raw\hf_accidents_wounds_finetune\finedata.xlsx,449,data\processed\classification\mild_concern\mild_concern_00219.jpg,moderate,mild_concern,Weak label parsed from public accident/wound Excel dataset.
data\raw\hf_accidents_wounds_finetune\finedata.xlsx,450,data\processed\classification\normal\normal_00119.jpg,mild,normal,Weak label parsed from public accident/wound Excel dataset.
data\raw\hf_accidents_wounds_finetune\finedata.xlsx,451,data\processed\classification\normal\normal_00120.jpg,mild,normal,Weak label parsed from public accident/wound Excel dataset.
data\raw\hf_accidents_wounds_finetune\finedata.xlsx,452,data\processed\classification\normal\normal_00121.jpg,mild,normal,Weak label parsed from public accident/wound Excel dataset.
data\raw\hf_accidents_wounds_finetune\finedata.xlsx,453,data\processed\classification\normal\normal_00122.jpg,mild,normal,Weak label parsed from public accident/wound Excel dataset.
data\raw\hf_accidents_wounds_finetune\finedata.xlsx,454,data\processed\classification\mild_concern\mild_concern_00220.jpg,mild/moderate,mild_concern,Weak label parsed from public accident/wound Excel dataset.
data\raw\hf_accidents_wounds_finetune\finedata.xlsx,455,data\processed\classification\normal\normal_00123.jpg,mild,normal,Weak label parsed from public accident/wound Excel dataset.
data\raw\hf_accidents_wounds_finetune\finedata.xlsx,456,data\processed\classification\normal\normal_00124.jpg,mild,normal,Weak label parsed from public accident/wound Excel dataset.
data\raw\hf_accidents_wounds_finetune\finedata.xlsx,457,data\processed\classification\urgent\urgent_00107.jpg,severe,urgent,Weak label parsed from public accident/wound Excel dataset.
data\raw\hf_accidents_wounds_finetune\finedata.xlsx,458,data\processed\classification\normal\normal_00125.jpg,mild,normal,Weak label parsed from public accident/wound Excel dataset.
data\raw\hf_accidents_wounds_finetune\finedata.xlsx,459,data\processed\classification\mild_concern\mild_concern_00221.jpg,moderate,mild_concern,Weak label parsed from public accident/wound Excel dataset.
data\raw\hf_accidents_wounds_finetune\finedata.xlsx,460,data\processed\classification\mild_concern\mild_concern_00222.jpg,moderate,mild_concern,Weak label parsed from public accident/wound Excel dataset.
data\raw\hf_accidents_wounds_finetune\finedata.xlsx,461,data\processed\classification\mild_concern\mild_concern_00223.jpg,moderate,mild_concern,Weak label parsed from public accident/wound Excel dataset.
data\raw\hf_accidents_wounds_finetune\finedata.xlsx,462,data\processed\classification\mild_concern\mild_concern_00224.jpg,moderate,mild_concern,Weak label parsed from public accident/wound Excel dataset.
data\raw\hf_accidents_wounds_finetune\finedata.xlsx,463,data\processed\classification\normal\normal_00126.jpg,mild,normal,Weak label parsed from public accident/wound Excel dataset.
data\raw\hf_accidents_wounds_finetune\finedata.xlsx,464,data\processed\classification\mild_concern\mild_concern_00225.jpg,moderate,mild_concern,Weak label parsed from public accident/wound Excel dataset.
data\raw\hf_accidents_wounds_finetune\finedata.xlsx,465,data\processed\classification\normal\normal_00127.jpg,mild,normal,Weak label parsed from public accident/wound Excel dataset.
data\raw\hf_accidents_wounds_finetune\finedata.xlsx,466,data\processed\classification\urgent\urgent_00108.jpg,severe,urgent,Weak label parsed from public accident/wound Excel dataset.
data\raw\hf_accidents_wounds_finetune\finedata.xlsx,467,data\processed\classification\mild_concern\mild_concern_00226.jpg,moderate,mild_concern,Weak label parsed from public accident/wound Excel dataset.
data\raw\hf_accidents_wounds_finetune\finedata.xlsx,468,data\processed\classification\normal\normal_00128.jpg,mild,normal,Weak label parsed from public accident/wound Excel dataset.
data\raw\hf_accidents_wounds_finetune\finedata.xlsx,469,data\processed\classification\normal\normal_00129.jpg,mild,normal,Weak label parsed from public accident/wound Excel dataset.
data\raw\hf_accidents_wounds_finetune\finedata.xlsx,470,data\processed\classification\normal\normal_00130.jpg,mild,normal,Weak label parsed from public accident/wound Excel dataset.
data\raw\hf_accidents_wounds_finetune\finedata.xlsx,471,data\processed\classification\mild_concern\mild_concern_00227.jpg,moderate,mild_concern,Weak label parsed from public accident/wound Excel dataset.
data\raw\hf_accidents_wounds_finetune\finedata.xlsx,472,data\processed\classification\mild_concern\mild_concern_00228.jpg,moderate,mild_concern,Weak label parsed from public accident/wound Excel dataset.
data\raw\hf_accidents_wounds_finetune\finedata.xlsx,473,data\processed\classification\urgent\urgent_00109.jpg,severe,urgent,Weak label parsed from public accident/wound Excel dataset.
data\raw\hf_accidents_wounds_finetune\finedata.xlsx,474,data\processed\classification\urgent\urgent_00110.jpg,severe,urgent,Weak label parsed from public accident/wound Excel dataset.
data\raw\hf_accidents_wounds_finetune\finedata.xlsx,475,data\processed\classification\normal\normal_00131.jpg,mild,normal,Weak label parsed from public accident/wound Excel dataset.
data\raw\hf_accidents_wounds_finetune\finedata.xlsx,476,data\processed\classification\mild_concern\mild_concern_00229.jpg,moderate,mild_concern,Weak label parsed from public accident/wound Excel dataset.
data\raw\hf_accidents_wounds_finetune\finedata.xlsx,477,data\processed\classification\normal\normal_00132.jpg,mild,normal,Weak label parsed from public accident/wound Excel dataset.
data\raw\hf_accidents_wounds_finetune\finedata.xlsx,478,data\processed\classification\urgent\urgent_00111.jpg,severe,urgent,Weak label parsed from public accident/wound Excel dataset.
data\raw\hf_accidents_wounds_finetune\finedata.xlsx,479,data\processed\classification\urgent\urgent_00112.jpg,severe,urgent,Weak label parsed from public accident/wound Excel dataset.
data\raw\hf_accidents_wounds_finetune\finedata.xlsx,480,data\processed\classification\urgent\urgent_00113.jpg,moderate to severe,urgent,Weak label parsed from public accident/wound Excel dataset.
data\raw\hf_accidents_wounds_finetune\finedata.xlsx,481,data\processed\classification\mild_concern\mild_concern_00230.jpg,moderate,mild_concern,Weak label parsed from public accident/wound Excel dataset.
data\raw\hf_accidents_wounds_finetune\finedata.xlsx,482,data\processed\classification\urgent\urgent_00114.jpg,severe,urgent,Weak label parsed from public accident/wound Excel dataset.
data\raw\hf_accidents_wounds_finetune\finedata.xlsx,483,data\processed\classification\mild_concern\mild_concern_00231.jpg,moderate,mild_concern,Weak label parsed from public accident/wound Excel dataset.
data\raw\hf_accidents_wounds_finetune\finedata.xlsx,484,data\processed\classification\mild_concern\mild_concern_00232.jpg,moderate,mild_concern,Weak label parsed from public accident/wound Excel dataset.
data\raw\hf_accidents_wounds_finetune\finedata.xlsx,485,data\processed\classification\mild_concern\mild_concern_00233.jpg,mild/moderate,mild_concern,Weak label parsed from public accident/wound Excel dataset.
data\raw\hf_accidents_wounds_finetune\finedata.xlsx,486,data\processed\classification\mild_concern\mild_concern_00234.jpg,moderate,mild_concern,Weak label parsed from public accident/wound Excel dataset.
data\raw\hf_accidents_wounds_finetune\finedata.xlsx,487,data\processed\classification\mild_concern\mild_concern_00235.jpg,mild/moderate,mild_concern,Weak label parsed from public accident/wound Excel dataset.
data\raw\hf_accidents_wounds_finetune\finedata.xlsx,488,data\processed\classification\urgent\urgent_00115.jpg,severe,urgent,Weak label parsed from public accident/wound Excel dataset.
data\raw\hf_accidents_wounds_finetune\finedata.xlsx,489,data\processed\classification\mild_concern\mild_concern_00236.jpg,moderate,mild_concern,Weak label parsed from public accident/wound Excel dataset.
data\raw\hf_accidents_wounds_finetune\finedata.xlsx,490,data\processed\classification\mild_concern\mild_concern_00237.jpg,moderate,mild_concern,Weak label parsed from public accident/wound Excel dataset.
data\raw\hf_accidents_wounds_finetune\finedata.xlsx,491,data\processed\classification\mild_concern\mild_concern_00238.jpg,mild/moderate,mild_concern,Weak label parsed from public accident/wound Excel dataset.
data\raw\hf_accidents_wounds_finetune\finedata.xlsx,492,data\processed\classification\mild_concern\mild_concern_00239.jpg,moderate,mild_concern,Weak label parsed from public accident/wound Excel dataset.
data\raw\hf_accidents_wounds_finetune\finedata.xlsx,493,data\processed\classification\mild_concern\mild_concern_00240.jpg,moderate,mild_concern,Weak label parsed from public accident/wound Excel dataset.
data\raw\hf_accidents_wounds_finetune\finedata.xlsx,494,data\processed\classification\urgent\urgent_00116.jpg,moderate to severe,urgent,Weak label parsed from public accident/wound Excel dataset.
data\raw\hf_accidents_wounds_finetune\finedata.xlsx,495,data\processed\classification\mild_concern\mild_concern_00241.jpg,moderate,mild_concern,Weak label parsed from public accident/wound Excel dataset.
data\raw\hf_accidents_wounds_finetune\finedata.xlsx,496,data\processed\classification\normal\normal_00133.jpg,mild,normal,Weak label parsed from public accident/wound Excel dataset.
data\raw\hf_accidents_wounds_finetune\finedata.xlsx,497,data\processed\classification\normal\normal_00134.jpg,mild,normal,Weak label parsed from public accident/wound Excel dataset.
data\raw\hf_accidents_wounds_finetune\finedata.xlsx,498,data\processed\classification\mild_concern\mild_concern_00242.jpg,mild/moderate,mild_concern,Weak label parsed from public accident/wound Excel dataset.
data\raw\hf_accidents_wounds_finetune\finedata.xlsx,499,data\processed\classification\mild_concern\mild_concern_00243.jpg,moderate,mild_concern,Weak label parsed from public accident/wound Excel dataset.
data\raw\hf_accidents_wounds_finetune\finedata.xlsx,500,data\processed\classification\urgent\urgent_00117.jpg,severe,urgent,Weak label parsed from public accident/wound Excel dataset.
data\raw\hf_accidents_wounds_finetune\finedata.xlsx,501,data\processed\classification\urgent\urgent_00118.jpg,severe,urgent,Weak label parsed from public accident/wound Excel dataset.
data\raw\hf_accidents_wounds_finetune\finedata.xlsx,502,data\processed\classification\normal\normal_00135.jpg,mild,normal,Weak label parsed from public accident/wound Excel dataset.
data\raw\hf_accidents_wounds_finetune\finedata.xlsx,504,data\processed\classification\mild_concern\mild_concern_00244.jpg,moderate,mild_concern,Weak label parsed from public accident/wound Excel dataset.
data\raw\hf_accidents_wounds_finetune\finedata.xlsx,505,data\processed\classification\normal\normal_00136.jpg,mild,normal,Weak label parsed from public accident/wound Excel dataset.
data\raw\hf_accidents_wounds_finetune\finedata.xlsx,506,data\processed\classification\mild_concern\mild_concern_00245.jpg,moderate,mild_concern,Weak label parsed from public accident/wound Excel dataset.
data\raw\hf_accidents_wounds_finetune\finedata.xlsx,507,data\processed\classification\mild_concern\mild_concern_00246.jpg,mild/moderate,mild_concern,Weak label parsed from public accident/wound Excel dataset.
data\raw\hf_accidents_wounds_finetune\finedata.xlsx,508,data\processed\classification\urgent\urgent_00119.jpg,severe,urgent,Weak label parsed from public accident/wound Excel dataset.
data\raw\hf_accidents_wounds_finetune\finedata.xlsx,509,data\processed\classification\mild_concern\mild_concern_00247.jpg,moderate,mild_concern,Weak label parsed from public accident/wound Excel dataset.
data\raw\hf_accidents_wounds_finetune\finedata.xlsx,510,data\processed\classification\normal\normal_00137.jpg,mild,normal,Weak label parsed from public accident/wound Excel dataset.
data\raw\hf_accidents_wounds_finetune\finedata.xlsx,511,data\processed\classification\normal\normal_00138.jpg,mild,normal,Weak label parsed from public accident/wound Excel dataset.
data\raw\hf_accidents_wounds_finetune\finedata.xlsx,512,data\processed\classification\urgent\urgent_00120.jpg,severe,urgent,Weak label parsed from public accident/wound Excel dataset.
data\raw\hf_accidents_wounds_finetune\finedata.xlsx,513,data\processed\classification\normal\normal_00139.jpg,mild,normal,Weak label parsed from public accident/wound Excel dataset.
data\raw\hf_accidents_wounds_finetune\finedata.xlsx,514,data\processed\classification\normal\normal_00140.jpg,mild,normal,Weak label parsed from public accident/wound Excel dataset.
data\raw\hf_accidents_wounds_finetune\finedata.xlsx,515,data\processed\classification\mild_concern\mild_concern_00248.jpg,moderate,mild_concern,Weak label parsed from public accident/wound Excel dataset.
data\raw\hf_accidents_wounds_finetune\finedata.xlsx,516,data\processed\classification\normal\normal_00141.jpg,mild,normal,Weak label parsed from public accident/wound Excel dataset.
data\raw\hf_accidents_wounds_finetune\finedata.xlsx,517,data\processed\classification\normal\normal_00142.jpg,mild,normal,Weak label parsed from public accident/wound Excel dataset.
data\raw\hf_accidents_wounds_finetune\finedata.xlsx,518,data\processed\classification\urgent\urgent_00121.jpg,severe,urgent,Weak label parsed from public accident/wound Excel dataset.
data\raw\hf_accidents_wounds_finetune\finedata.xlsx,519,data\processed\classification\mild_concern\mild_concern_00249.jpg,moderate,mild_concern,Weak label parsed from public accident/wound Excel dataset.
data\raw\hf_accidents_wounds_finetune\finedata.xlsx,520,data\processed\classification\urgent\urgent_00122.jpg,moderate to severe,urgent,Weak label parsed from public accident/wound Excel dataset.
data\raw\hf_accidents_wounds_finetune\finedata.xlsx,521,data\processed\classification\mild_concern\mild_concern_00250.jpg,moderate,mild_concern,Weak label parsed from public accident/wound Excel dataset.
data\raw\hf_accidents_wounds_finetune\finedata.xlsx,522,data\processed\classification\mild_concern\mild_concern_00251.jpg,moderate,mild_concern,Weak label parsed from public accident/wound Excel dataset.
data\raw\hf_accidents_wounds_finetune\finedata.xlsx,523,data\processed\classification\mild_concern\mild_concern_00252.jpg,moderate,mild_concern,Weak label parsed from public accident/wound Excel dataset.
data\raw\hf_accidents_wounds_finetune\finedata.xlsx,524,data\processed\classification\urgent\urgent_00123.jpg,severe,urgent,Weak label parsed from public accident/wound Excel dataset.
data\raw\hf_accidents_wounds_finetune\finedata.xlsx,525,data\processed\classification\mild_concern\mild_concern_00253.jpg,mild/moderate,mild_concern,Weak label parsed from public accident/wound Excel dataset.
data\raw\hf_accidents_wounds_finetune\finedata.xlsx,526,data\processed\classification\normal\normal_00143.jpg,mild,normal,Weak label parsed from public accident/wound Excel dataset.
data\raw\hf_accidents_wounds_finetune\finedata.xlsx,527,data\processed\classification\mild_concern\mild_concern_00254.jpg,moderate,mild_concern,Weak label parsed from public accident/wound Excel dataset.
data\raw\hf_accidents_wounds_finetune\finedata.xlsx,528,data\processed\classification\mild_concern\mild_concern_00255.jpg,moderate,mild_concern,Weak label parsed from public accident/wound Excel dataset.
data\raw\hf_accidents_wounds_finetune\finedata.xlsx,529,data\processed\classification\urgent\urgent_00124.jpg,severe,urgent,Weak label parsed from public accident/wound Excel dataset.
data\raw\hf_accidents_wounds_finetune\finedata.xlsx,530,data\processed\classification\mild_concern\mild_concern_00256.jpg,moderate,mild_concern,Weak label parsed from public accident/wound Excel dataset.
data\raw\hf_accidents_wounds_finetune\finedata.xlsx,531,data\processed\classification\urgent\urgent_00125.jpg,moderate to severe,urgent,Weak label parsed from public accident/wound Excel dataset.
data\raw\hf_accidents_wounds_finetune\finedata.xlsx,532,data\processed\classification\mild_concern\mild_concern_00257.jpg,mild/moderate,mild_concern,Weak label parsed from public accident/wound Excel dataset.
data\raw\hf_accidents_wounds_finetune\finedata.xlsx,533,data\processed\classification\urgent\urgent_00126.jpg,severe,urgent,Weak label parsed from public accident/wound Excel dataset.
data\raw\hf_accidents_wounds_finetune\finedata.xlsx,534,data\processed\classification\mild_concern\mild_concern_00258.jpg,moderate,mild_concern,Weak label parsed from public accident/wound Excel dataset.
data\raw\hf_accidents_wounds_finetune\finedata.xlsx,535,data\processed\classification\mild_concern\mild_concern_00259.jpg,moderate,mild_concern,Weak label parsed from public accident/wound Excel dataset.
data\raw\hf_accidents_wounds_finetune\finedata.xlsx,536,data\processed\classification\mild_concern\mild_concern_00260.jpg,moderate,mild_concern,Weak label parsed from public accident/wound Excel dataset.
data\raw\hf_accidents_wounds_finetune\finedata.xlsx,537,data\processed\classification\mild_concern\mild_concern_00261.jpg,moderate,mild_concern,Weak label parsed from public accident/wound Excel dataset.
data\raw\hf_accidents_wounds_finetune\finedata.xlsx,538,data\processed\classification\normal\normal_00144.jpg,mild,normal,Weak label parsed from public accident/wound Excel dataset.
data\raw\hf_accidents_wounds_finetune\finedata.xlsx,539,data\processed\classification\mild_concern\mild_concern_00262.jpg,mild/moderate,mild_concern,Weak label parsed from public accident/wound Excel dataset.
data\raw\hf_accidents_wounds_finetune\finedata.xlsx,540,data\processed\classification\mild_concern\mild_concern_00263.jpg,moderate,mild_concern,Weak label parsed from public accident/wound Excel dataset.
data\raw\hf_accidents_wounds_finetune\finedata.xlsx,541,data\processed\classification\normal\normal_00145.jpg,mild,normal,Weak label parsed from public accident/wound Excel dataset.
data\raw\hf_accidents_wounds_finetune\finedata.xlsx,542,data\processed\classification\mild_concern\mild_concern_00264.jpg,moderate,mild_concern,Weak label parsed from public accident/wound Excel dataset.
data\raw\hf_accidents_wounds_finetune\finedata.xlsx,543,data\processed\classification\mild_concern\mild_concern_00265.jpg,moderate,mild_concern,Weak label parsed from public accident/wound Excel dataset.
data\raw\hf_accidents_wounds_finetune\finedata.xlsx,544,data\processed\classification\normal\normal_00146.jpg,mild,normal,Weak label parsed from public accident/wound Excel dataset.
data\raw\hf_accidents_wounds_finetune\finedata.xlsx,545,data\processed\classification\mild_concern\mild_concern_00266.jpg,moderate,mild_concern,Weak label parsed from public accident/wound Excel dataset.
data\raw\hf_accidents_wounds_finetune\finedata.xlsx,546,data\processed\classification\normal\normal_00147.jpg,mild,normal,Weak label parsed from public accident/wound Excel dataset.
data\raw\hf_accidents_wounds_finetune\finedata.xlsx,547,data\processed\classification\normal\normal_00148.jpg,mild,normal,Weak label parsed from public accident/wound Excel dataset.
data\raw\hf_accidents_wounds_finetune\finedata.xlsx,548,data\processed\classification\normal\normal_00149.jpg,mild,normal,Weak label parsed from public accident/wound Excel dataset.
data\raw\hf_accidents_wounds_finetune\finedata.xlsx,549,data\processed\classification\mild_concern\mild_concern_00267.jpg,moderate,mild_concern,Weak label parsed from public accident/wound Excel dataset.
data\raw\hf_accidents_wounds_finetune\finedata.xlsx,550,data\processed\classification\urgent\urgent_00127.jpg,severe,urgent,Weak label parsed from public accident/wound Excel dataset.
data\raw\hf_accidents_wounds_finetune\finedata.xlsx,551,data\processed\classification\normal\normal_00150.jpg,mild,normal,Weak label parsed from public accident/wound Excel dataset.
data\raw\hf_accidents_wounds_finetune\finedata.xlsx,552,data\processed\classification\normal\normal_00151.jpg,mild,normal,Weak label parsed from public accident/wound Excel dataset.
data\raw\hf_accidents_wounds_finetune\finedata.xlsx,553,data\processed\classification\urgent\urgent_00128.jpg,severe,urgent,Weak label parsed from public accident/wound Excel dataset.
data\raw\hf_accidents_wounds_finetune\finedata.xlsx,554,data\processed\classification\mild_concern\mild_concern_00268.jpg,moderate,mild_concern,Weak label parsed from public accident/wound Excel dataset.
data\raw\hf_accidents_wounds_finetune\finedata.xlsx,555,data\processed\classification\urgent\urgent_00129.jpg,severe,urgent,Weak label parsed from public accident/wound Excel dataset.
data\raw\hf_accidents_wounds_finetune\finedata.xlsx,556,data\processed\classification\urgent\urgent_00130.jpg,severe,urgent,Weak label parsed from public accident/wound Excel dataset.
data\raw\hf_accidents_wounds_finetune\finedata.xlsx,557,data\processed\classification\normal\normal_00152.jpg,mild,normal,Weak label parsed from public accident/wound Excel dataset.
data\raw\hf_accidents_wounds_finetune\finedata.xlsx,558,data\processed\classification\urgent\urgent_00131.jpg,severe,urgent,Weak label parsed from public accident/wound Excel dataset.
data\raw\hf_accidents_wounds_finetune\finedata.xlsx,559,data\processed\classification\urgent\urgent_00132.jpg,severe,urgent,Weak label parsed from public accident/wound Excel dataset.
data\raw\hf_accidents_wounds_finetune\finedata.xlsx,560,data\processed\classification\mild_concern\mild_concern_00269.jpg,moderate,mild_concern,Weak label parsed from public accident/wound Excel dataset.
data\raw\hf_accidents_wounds_finetune\finedata.xlsx,561,data\processed\classification\mild_concern\mild_concern_00270.jpg,mild/moderate,mild_concern,Weak label parsed from public accident/wound Excel dataset.
data\raw\hf_accidents_wounds_finetune\finedata.xlsx,562,data\processed\classification\urgent\urgent_00133.jpg,severe,urgent,Weak label parsed from public accident/wound Excel dataset.
data\raw\hf_accidents_wounds_finetune\finedata.xlsx,563,data\processed\classification\mild_concern\mild_concern_00271.jpg,mild/moderate,mild_concern,Weak label parsed from public accident/wound Excel dataset.
data\raw\hf_accidents_wounds_finetune\finedata.xlsx,564,data\processed\classification\mild_concern\mild_concern_00272.jpg,moderate,mild_concern,Weak label parsed from public accident/wound Excel dataset.
data\raw\hf_accidents_wounds_finetune\finedata.xlsx,565,data\processed\classification\normal\normal_00153.jpg,mild,normal,Weak label parsed from public accident/wound Excel dataset.
data\raw\hf_accidents_wounds_finetune\finedata.xlsx,566,data\processed\classification\mild_concern\mild_concern_00273.jpg,moderate,mild_concern,Weak label parsed from public accident/wound Excel dataset.
data\raw\hf_accidents_wounds_finetune\finedata.xlsx,567,data\processed\classification\mild_concern\mild_concern_00274.jpg,mild/moderate,mild_concern,Weak label parsed from public accident/wound Excel dataset.
data\raw\hf_accidents_wounds_finetune\finedata.xlsx,568,data\processed\classification\normal\normal_00154.jpg,mild,normal,Weak label parsed from public accident/wound Excel dataset.
data\raw\hf_accidents_wounds_finetune\finedata.xlsx,569,data\processed\classification\normal\normal_00155.jpg,mild,normal,Weak label parsed from public accident/wound Excel dataset.
data\raw\hf_accidents_wounds_finetune\finedata.xlsx,570,data\processed\classification\normal\normal_00156.jpg,mild,normal,Weak label parsed from public accident/wound Excel dataset.
data\raw\hf_accidents_wounds_finetune\finedata.xlsx,571,data\processed\classification\normal\normal_00157.jpg,mild,normal,Weak label parsed from public accident/wound Excel dataset.
data\raw\hf_accidents_wounds_finetune\finedata.xlsx,572,data\processed\classification\normal\normal_00158.jpg,mild,normal,Weak label parsed from public accident/wound Excel dataset.
data\raw\hf_accidents_wounds_finetune\finedata.xlsx,573,data\processed\classification\mild_concern\mild_concern_00275.jpg,moderate,mild_concern,Weak label parsed from public accident/wound Excel dataset.
data\raw\hf_accidents_wounds_finetune\finedata.xlsx,574,data\processed\classification\normal\normal_00159.jpg,mild,normal,Weak label parsed from public accident/wound Excel dataset.
data\raw\hf_accidents_wounds_finetune\finedata.xlsx,575,data\processed\classification\normal\normal_00160.jpg,mild,normal,Weak label parsed from public accident/wound Excel dataset.
data\raw\hf_accidents_wounds_finetune\finedata.xlsx,576,data\processed\classification\normal\normal_00161.jpg,mild,normal,Weak label parsed from public accident/wound Excel dataset.
data\raw\hf_accidents_wounds_finetune\finedata.xlsx,577,data\processed\classification\mild_concern\mild_concern_00276.jpg,moderate,mild_concern,Weak label parsed from public accident/wound Excel dataset.
data\raw\hf_accidents_wounds_finetune\finedata.xlsx,578,data\processed\classification\normal\normal_00162.jpg,mild,normal,Weak label parsed from public accident/wound Excel dataset.
data\raw\hf_accidents_wounds_finetune\finedata.xlsx,579,data\processed\classification\mild_concern\mild_concern_00277.jpg,moderate,mild_concern,Weak label parsed from public accident/wound Excel dataset.
data\raw\hf_accidents_wounds_finetune\finedata.xlsx,580,data\processed\classification\mild_concern\mild_concern_00278.jpg,moderate,mild_concern,Weak label parsed from public accident/wound Excel dataset.
data\raw\hf_accidents_wounds_finetune\finedata.xlsx,581,data\processed\classification\normal\normal_00163.jpg,mild,normal,Weak label parsed from public accident/wound Excel dataset.
data\raw\hf_accidents_wounds_finetune\finedata.xlsx,582,data\processed\classification\mild_concern\mild_concern_00279.jpg,moderate,mild_concern,Weak label parsed from public accident/wound Excel dataset.
data\raw\hf_accidents_wounds_finetune\finedata.xlsx,583,data\processed\classification\normal\normal_00164.jpg,mild,normal,Weak label parsed from public accident/wound Excel dataset.
data\raw\hf_accidents_wounds_finetune\finedata.xlsx,584,data\processed\classification\normal\normal_00165.jpg,mild,normal,Weak label parsed from public accident/wound Excel dataset.
data\raw\hf_accidents_wounds_finetune\finedata.xlsx,585,data\processed\classification\normal\normal_00166.jpg,mild,normal,Weak label parsed from public accident/wound Excel dataset.
data\raw\hf_accidents_wounds_finetune\finedata.xlsx,586,data\processed\classification\normal\normal_00167.jpg,mild,normal,Weak label parsed from public accident/wound Excel dataset.
data\raw\hf_accidents_wounds_finetune\finedata.xlsx,587,data\processed\classification\normal\normal_00168.jpg,mild,normal,Weak label parsed from public accident/wound Excel dataset.
data\raw\hf_accidents_wounds_finetune\finedata.xlsx,588,data\processed\classification\mild_concern\mild_concern_00280.jpg,moderate,mild_concern,Weak label parsed from public accident/wound Excel dataset.
data\raw\hf_accidents_wounds_finetune\finedata.xlsx,589,data\processed\classification\normal\normal_00169.jpg,mild,normal,Weak label parsed from public accident/wound Excel dataset.
data\raw\hf_accidents_wounds_finetune\finedata.xlsx,590,data\processed\classification\mild_concern\mild_concern_00281.jpg,moderate,mild_concern,Weak label parsed from public accident/wound Excel dataset.
data\raw\hf_accidents_wounds_finetune\finedata.xlsx,591,data\processed\classification\mild_concern\mild_concern_00282.jpg,mild/moderate,mild_concern,Weak label parsed from public accident/wound Excel dataset.
data\raw\hf_accidents_wounds_finetune\finedata.xlsx,592,data\processed\classification\normal\normal_00170.jpg,mild,normal,Weak label parsed from public accident/wound Excel dataset.
data\raw\hf_accidents_wounds_finetune\finedata.xlsx,593,data\processed\classification\normal\normal_00171.jpg,mild,normal,Weak label parsed from public accident/wound Excel dataset.
data\raw\hf_accidents_wounds_finetune\finedata.xlsx,594,data\processed\classification\normal\normal_00172.jpg,mild,normal,Weak label parsed from public accident/wound Excel dataset.
data\raw\hf_accidents_wounds_finetune\finedata.xlsx,595,data\processed\classification\mild_concern\mild_concern_00283.jpg,moderate,mild_concern,Weak label parsed from public accident/wound Excel dataset.
data\raw\hf_accidents_wounds_finetune\finedata.xlsx,596,data\processed\classification\normal\normal_00173.jpg,mild,normal,Weak label parsed from public accident/wound Excel dataset.
data\raw\hf_accidents_wounds_finetune\finedata.xlsx,597,data\processed\classification\mild_concern\mild_concern_00284.jpg,moderate,mild_concern,Weak label parsed from public accident/wound Excel dataset.
data\raw\hf_accidents_wounds_finetune\finedata.xlsx,598,data\processed\classification\mild_concern\mild_concern_00285.jpg,moderate,mild_concern,Weak label parsed from public accident/wound Excel dataset.
data\raw\hf_accidents_wounds_finetune\finedata.xlsx,599,data\processed\classification\mild_concern\mild_concern_00286.jpg,moderate,mild_concern,Weak label parsed from public accident/wound Excel dataset.
data\raw\hf_accidents_wounds_finetune\finedata.xlsx,600,data\processed\classification\mild_concern\mild_concern_00287.jpg,mild/moderate,mild_concern,Weak label parsed from public accident/wound Excel dataset.
data\raw\hf_accidents_wounds_finetune\finedata.xlsx,601,data\processed\classification\mild_concern\mild_concern_00288.jpg,mild/moderate,mild_concern,Weak label parsed from public accident/wound Excel dataset.
data\raw\hf_accidents_wounds_finetune\finedata.xlsx,602,data\processed\classification\mild_concern\mild_concern_00289.jpg,moderate,mild_concern,Weak label parsed from public accident/wound Excel dataset.
data\raw\hf_accidents_wounds_finetune\finedata.xlsx,603,data\processed\classification\mild_concern\mild_concern_00290.jpg,mild/moderate,mild_concern,Weak label parsed from public accident/wound Excel dataset.
data\raw\hf_accidents_wounds_finetune\finedata.xlsx,604,data\processed\classification\mild_concern\mild_concern_00291.jpg,moderate,mild_concern,Weak label parsed from public accident/wound Excel dataset.
data\raw\hf_accidents_wounds_finetune\finedata.xlsx,605,data\processed\classification\mild_concern\mild_concern_00292.jpg,moderate,mild_concern,Weak label parsed from public accident/wound Excel dataset.
data\raw\hf_accidents_wounds_finetune\finedata.xlsx,606,data\processed\classification\mild_concern\mild_concern_00293.jpg,moderate,mild_concern,Weak label parsed from public accident/wound Excel dataset.
data\raw\hf_accidents_wounds_finetune\finedata.xlsx,607,data\processed\classification\normal\normal_00174.jpg,mild,normal,Weak label parsed from public accident/wound Excel dataset.
data\raw\hf_accidents_wounds_finetune\finedata.xlsx,608,data\processed\classification\normal\normal_00175.jpg,mild,normal,Weak label parsed from public accident/wound Excel dataset.
data\raw\hf_accidents_wounds_finetune\finedata.xlsx,609,data\processed\classification\normal\normal_00176.jpg,mild,normal,Weak label parsed from public accident/wound Excel dataset.
data\raw\hf_accidents_wounds_finetune\finedata.xlsx,610,data\processed\classification\normal\normal_00177.jpg,mild,normal,Weak label parsed from public accident/wound Excel dataset.
data\raw\hf_accidents_wounds_finetune\finedata.xlsx,611,data\processed\classification\normal\normal_00178.jpg,mild,normal,Weak label parsed from public accident/wound Excel dataset.
data\raw\hf_accidents_wounds_finetune\finedata.xlsx,612,data\processed\classification\mild_concern\mild_concern_00294.jpg,moderate,mild_concern,Weak label parsed from public accident/wound Excel dataset.
data\raw\hf_accidents_wounds_finetune\finedata.xlsx,613,data\processed\classification\mild_concern\mild_concern_00295.jpg,mild/moderate,mild_concern,Weak label parsed from public accident/wound Excel dataset.
data\raw\hf_accidents_wounds_finetune\finedata.xlsx,614,data\processed\classification\mild_concern\mild_concern_00296.jpg,moderate,mild_concern,Weak label parsed from public accident/wound Excel dataset.
data\raw\hf_accidents_wounds_finetune\finedata.xlsx,615,data\processed\classification\normal\normal_00179.jpg,mild,normal,Weak label parsed from public accident/wound Excel dataset.
data\raw\hf_accidents_wounds_finetune\finedata.xlsx,616,data\processed\classification\normal\normal_00180.jpg,mild,normal,Weak label parsed from public accident/wound Excel dataset.
data\raw\hf_accidents_wounds_finetune\finedata.xlsx,617,data\processed\classification\mild_concern\mild_concern_00297.jpg,moderate,mild_concern,Weak label parsed from public accident/wound Excel dataset.
data\raw\hf_accidents_wounds_finetune\finedata.xlsx,618,data\processed\classification\normal\normal_00181.jpg,mild,normal,Weak label parsed from public accident/wound Excel dataset.
data\raw\hf_accidents_wounds_finetune\finedata.xlsx,619,data\processed\classification\mild_concern\mild_concern_00298.jpg,moderate,mild_concern,Weak label parsed from public accident/wound Excel dataset.
data\raw\hf_accidents_wounds_finetune\finedata.xlsx,620,data\processed\classification\normal\normal_00182.jpg,mild,normal,Weak label parsed from public accident/wound Excel dataset.
data\raw\hf_accidents_wounds_finetune\finedata.xlsx,621,data\processed\classification\mild_concern\mild_concern_00299.jpg,moderate,mild_concern,Weak label parsed from public accident/wound Excel dataset.
data\raw\hf_accidents_wounds_finetune\finedata.xlsx,622,data\processed\classification\urgent\urgent_00134.jpg,severe,urgent,Weak label parsed from public accident/wound Excel dataset.
data\raw\hf_accidents_wounds_finetune\finedata.xlsx,623,data\processed\classification\normal\normal_00183.jpg,mild,normal,Weak label parsed from public accident/wound Excel dataset.
data\raw\hf_accidents_wounds_finetune\finedata.xlsx,624,data\processed\classification\mild_concern\mild_concern_00300.jpg,moderate,mild_concern,Weak label parsed from public accident/wound Excel dataset.
data\raw\hf_accidents_wounds_finetune\finedata.xlsx,625,data\processed\classification\normal\normal_00184.jpg,mild,normal,Weak label parsed from public accident/wound Excel dataset.
data\raw\hf_accidents_wounds_finetune\finedata.xlsx,626,data\processed\classification\normal\normal_00185.jpg,mild,normal,Weak label parsed from public accident/wound Excel dataset.
data\raw\hf_accidents_wounds_finetune\finedata.xlsx,627,data\processed\classification\normal\normal_00186.jpg,mild,normal,Weak label parsed from public accident/wound Excel dataset.
data\raw\hf_accidents_wounds_finetune\finedata.xlsx,628,data\processed\classification\normal\normal_00187.jpg,mild,normal,Weak label parsed from public accident/wound Excel dataset.
data\raw\hf_accidents_wounds_finetune\finedata.xlsx,629,data\processed\classification\normal\normal_00188.jpg,mild,normal,Weak label parsed from public accident/wound Excel dataset.
data\raw\hf_accidents_wounds_finetune\finedata.xlsx,630,data\processed\classification\mild_concern\mild_concern_00301.jpg,moderate,mild_concern,Weak label parsed from public accident/wound Excel dataset.
data\raw\hf_accidents_wounds_finetune\finedata.xlsx,631,data\processed\classification\mild_concern\mild_concern_00302.jpg,moderate,mild_concern,Weak label parsed from public accident/wound Excel dataset.
data\raw\hf_accidents_wounds_finetune\finedata.xlsx,632,data\processed\classification\mild_concern\mild_concern_00303.jpg,moderate,mild_concern,Weak label parsed from public accident/wound Excel dataset.
data\raw\hf_accidents_wounds_finetune\finedata.xlsx,633,data\processed\classification\urgent\urgent_00135.jpg,severe,urgent,Weak label parsed from public accident/wound Excel dataset.
data\raw\hf_accidents_wounds_finetune\finedata.xlsx,634,data\processed\classification\mild_concern\mild_concern_00304.jpg,moderate,mild_concern,Weak label parsed from public accident/wound Excel dataset.
data\raw\hf_accidents_wounds_finetune\finedata.xlsx,635,data\processed\classification\mild_concern\mild_concern_00305.jpg,moderate,mild_concern,Weak label parsed from public accident/wound Excel dataset.
data\raw\hf_accidents_wounds_finetune\finedata.xlsx,636,data\processed\classification\normal\normal_00189.jpg,mild,normal,Weak label parsed from public accident/wound Excel dataset.
data\raw\hf_accidents_wounds_finetune\finedata.xlsx,637,data\processed\classification\mild_concern\mild_concern_00306.jpg,moderate,mild_concern,Weak label parsed from public accident/wound Excel dataset.
data\raw\hf_accidents_wounds_finetune\finedata.xlsx,638,data\processed\classification\mild_concern\mild_concern_00307.jpg,moderate,mild_concern,Weak label parsed from public accident/wound Excel dataset.
data\raw\hf_accidents_wounds_finetune\finedata.xlsx,639,data\processed\classification\urgent\urgent_00136.jpg,moderate to severe,urgent,Weak label parsed from public accident/wound Excel dataset.
data\raw\hf_accidents_wounds_finetune\finedata.xlsx,640,data\processed\classification\mild_concern\mild_concern_00308.jpg,moderate,mild_concern,Weak label parsed from public accident/wound Excel dataset.
data\raw\hf_accidents_wounds_finetune\finedata.xlsx,641,data\processed\classification\mild_concern\mild_concern_00309.jpg,moderate,mild_concern,Weak label parsed from public accident/wound Excel dataset.
data\raw\hf_accidents_wounds_finetune\finedata.xlsx,642,data\processed\classification\normal\normal_00190.jpg,mild,normal,Weak label parsed from public accident/wound Excel dataset.
data\raw\hf_accidents_wounds_finetune\finedata.xlsx,643,data\processed\classification\normal\normal_00191.jpg,mild,normal,Weak label parsed from public accident/wound Excel dataset.
data\raw\hf_accidents_wounds_finetune\finedata.xlsx,644,data\processed\classification\normal\normal_00192.jpg,mild,normal,Weak label parsed from public accident/wound Excel dataset.
data\raw\hf_accidents_wounds_finetune\finedata.xlsx,645,data\processed\classification\mild_concern\mild_concern_00310.jpg,moderate,mild_concern,Weak label parsed from public accident/wound Excel dataset.
data\raw\hf_accidents_wounds_finetune\finedata.xlsx,646,data\processed\classification\mild_concern\mild_concern_00311.jpg,moderate,mild_concern,Weak label parsed from public accident/wound Excel dataset.
data\raw\hf_accidents_wounds_finetune\finedata.xlsx,647,data\processed\classification\mild_concern\mild_concern_00312.jpg,moderate,mild_concern,Weak label parsed from public accident/wound Excel dataset.
data\raw\hf_accidents_wounds_finetune\finedata.xlsx,648,data\processed\classification\urgent\urgent_00137.jpg,severe,urgent,Weak label parsed from public accident/wound Excel dataset.
data\raw\hf_accidents_wounds_finetune\finedata.xlsx,649,data\processed\classification\mild_concern\mild_concern_00313.jpg,moderate,mild_concern,Weak label parsed from public accident/wound Excel dataset.
data\raw\hf_accidents_wounds_finetune\finedata.xlsx,650,data\processed\classification\mild_concern\mild_concern_00314.jpg,mild/moderate,mild_concern,Weak label parsed from public accident/wound Excel dataset.
data\raw\hf_accidents_wounds_finetune\finedata.xlsx,651,data\processed\classification\mild_concern\mild_concern_00315.jpg,mild/moderate,mild_concern,Weak label parsed from public accident/wound Excel dataset.
data\raw\hf_accidents_wounds_finetune\finedata.xlsx,652,data\processed\classification\mild_concern\mild_concern_00316.jpg,mild/moderate,mild_concern,Weak label parsed from public accident/wound Excel dataset.
data\raw\hf_accidents_wounds_finetune\finedata.xlsx,653,data\processed\classification\mild_concern\mild_concern_00317.jpg,moderate,mild_concern,Weak label parsed from public accident/wound Excel dataset.
data\raw\hf_accidents_wounds_finetune\finedata.xlsx,654,data\processed\classification\normal\normal_00193.jpg,mild,normal,Weak label parsed from public accident/wound Excel dataset.
data\raw\hf_accidents_wounds_finetune\finedata.xlsx,655,data\processed\classification\mild_concern\mild_concern_00318.jpg,moderate,mild_concern,Weak label parsed from public accident/wound Excel dataset.
data\raw\hf_accidents_wounds_finetune\finedata.xlsx,656,data\processed\classification\mild_concern\mild_concern_00319.jpg,mild/moderate,mild_concern,Weak label parsed from public accident/wound Excel dataset.
data\raw\hf_accidents_wounds_finetune\finedata.xlsx,657,data\processed\classification\mild_concern\mild_concern_00320.jpg,moderate,mild_concern,Weak label parsed from public accident/wound Excel dataset.
data\raw\hf_accidents_wounds_finetune\finedata.xlsx,658,data\processed\classification\normal\normal_00194.jpg,mild,normal,Weak label parsed from public accident/wound Excel dataset.
data\raw\hf_accidents_wounds_finetune\finedata.xlsx,659,data\processed\classification\urgent\urgent_00138.jpg,severe,urgent,Weak label parsed from public accident/wound Excel dataset.
data\raw\hf_accidents_wounds_finetune\finedata.xlsx,660,data\processed\classification\mild_concern\mild_concern_00321.jpg,mild/moderate,mild_concern,Weak label parsed from public accident/wound Excel dataset.
data\raw\hf_accidents_wounds_finetune\finedata.xlsx,661,data\processed\classification\mild_concern\mild_concern_00322.jpg,moderate,mild_concern,Weak label parsed from public accident/wound Excel dataset.
data\raw\hf_accidents_wounds_finetune\finedata.xlsx,662,data\processed\classification\mild_concern\mild_concern_00323.jpg,moderate,mild_concern,Weak label parsed from public accident/wound Excel dataset.
data\raw\hf_accidents_wounds_finetune\finedata.xlsx,663,data\processed\classification\mild_concern\mild_concern_00324.jpg,moderate,mild_concern,Weak label parsed from public accident/wound Excel dataset.
data\raw\hf_accidents_wounds_finetune\finedata.xlsx,664,data\processed\classification\normal\normal_00195.jpg,mild,normal,Weak label parsed from public accident/wound Excel dataset.
data\raw\hf_accidents_wounds_finetune\finedata.xlsx,665,data\processed\classification\mild_concern\mild_concern_00325.jpg,moderate,mild_concern,Weak label parsed from public accident/wound Excel dataset.
data\raw\hf_accidents_wounds_finetune\finedata.xlsx,666,data\processed\classification\mild_concern\mild_concern_00326.jpg,moderate,mild_concern,Weak label parsed from public accident/wound Excel dataset.
data\raw\hf_accidents_wounds_finetune\finedata.xlsx,667,data\processed\classification\mild_concern\mild_concern_00327.jpg,mild/moderate,mild_concern,Weak label parsed from public accident/wound Excel dataset.
data\raw\hf_accidents_wounds_finetune\finedata.xlsx,668,data\processed\classification\mild_concern\mild_concern_00328.jpg,mild/moderate,mild_concern,Weak label parsed from public accident/wound Excel dataset.
data\raw\hf_accidents_wounds_finetune\finedata.xlsx,669,data\processed\classification\mild_concern\mild_concern_00329.jpg,moderate,mild_concern,Weak label parsed from public accident/wound Excel dataset.
data\raw\hf_accidents_wounds_finetune\finedata.xlsx,670,data\processed\classification\mild_concern\mild_concern_00330.jpg,moderate,mild_concern,Weak label parsed from public accident/wound Excel dataset.
data\raw\hf_accidents_wounds_finetune\finedata.xlsx,671,data\processed\classification\mild_concern\mild_concern_00331.jpg,moderate,mild_concern,Weak label parsed from public accident/wound Excel dataset.
data\raw\hf_accidents_wounds_finetune\finedata.xlsx,672,data\processed\classification\normal\normal_00196.jpg,mild,normal,Weak label parsed from public accident/wound Excel dataset.
data\raw\hf_accidents_wounds_finetune\finedata.xlsx,673,data\processed\classification\mild_concern\mild_concern_00332.jpg,mild/moderate,mild_concern,Weak label parsed from public accident/wound Excel dataset.
data\raw\hf_accidents_wounds_finetune\finedata.xlsx,674,data\processed\classification\mild_concern\mild_concern_00333.jpg,mild/moderate,mild_concern,Weak label parsed from public accident/wound Excel dataset.
data\raw\hf_accidents_wounds_finetune\finedata.xlsx,675,data\processed\classification\urgent\urgent_00139.jpg,severe,urgent,Weak label parsed from public accident/wound Excel dataset.
data\raw\hf_accidents_wounds_finetune\finedata.xlsx,676,data\processed\classification\urgent\urgent_00140.jpg,severe,urgent,Weak label parsed from public accident/wound Excel dataset.
data\raw\hf_accidents_wounds_finetune\finedata.xlsx,677,data\processed\classification\normal\normal_00197.jpg,mild,normal,Weak label parsed from public accident/wound Excel dataset.
data\raw\hf_accidents_wounds_finetune\finedata.xlsx,678,data\processed\classification\mild_concern\mild_concern_00334.jpg,moderate,mild_concern,Weak label parsed from public accident/wound Excel dataset.
data\raw\hf_accidents_wounds_finetune\finedata.xlsx,679,data\processed\classification\mild_concern\mild_concern_00335.jpg,moderate,mild_concern,Weak label parsed from public accident/wound Excel dataset.
data\raw\hf_accidents_wounds_finetune\finedata.xlsx,680,data\processed\classification\urgent\urgent_00141.jpg,severe,urgent,Weak label parsed from public accident/wound Excel dataset.
data\raw\hf_accidents_wounds_finetune\finedata.xlsx,681,data\processed\classification\urgent\urgent_00142.jpg,severe,urgent,Weak label parsed from public accident/wound Excel dataset.
data\raw\hf_accidents_wounds_finetune\finedata.xlsx,682,data\processed\classification\normal\normal_00198.jpg,mild,normal,Weak label parsed from public accident/wound Excel dataset.
data\raw\hf_accidents_wounds_finetune\finedata.xlsx,683,data\processed\classification\mild_concern\mild_concern_00336.jpg,moderate,mild_concern,Weak label parsed from public accident/wound Excel dataset.
data\raw\hf_accidents_wounds_finetune\finedata.xlsx,684,data\processed\classification\mild_concern\mild_concern_00337.jpg,moderate,mild_concern,Weak label parsed from public accident/wound Excel dataset.
data\raw\hf_accidents_wounds_finetune\finedata.xlsx,685,data\processed\classification\normal\normal_00199.jpg,mild,normal,Weak label parsed from public accident/wound Excel dataset.
data\raw\hf_accidents_wounds_finetune\finedata.xlsx,686,data\processed\classification\mild_concern\mild_concern_00338.jpg,moderate,mild_concern,Weak label parsed from public accident/wound Excel dataset.
data\raw\hf_accidents_wounds_finetune\finedata.xlsx,687,data\processed\classification\mild_concern\mild_concern_00339.jpg,mild/moderate,mild_concern,Weak label parsed from public accident/wound Excel dataset.
data\raw\hf_accidents_wounds_finetune\finedata.xlsx,688,data\processed\classification\mild_concern\mild_concern_00340.jpg,moderate,mild_concern,Weak label parsed from public accident/wound Excel dataset.
data\raw\hf_accidents_wounds_finetune\finedata.xlsx,689,data\processed\classification\urgent\urgent_00143.jpg,severe,urgent,Weak label parsed from public accident/wound Excel dataset.
data\raw\hf_accidents_wounds_finetune\finedata.xlsx,690,data\processed\classification\mild_concern\mild_concern_00341.jpg,moderate,mild_concern,Weak label parsed from public accident/wound Excel dataset.
data\raw\hf_accidents_wounds_finetune\finedata.xlsx,691,data\processed\classification\mild_concern\mild_concern_00342.jpg,moderate,mild_concern,Weak label parsed from public accident/wound Excel dataset.
data\raw\hf_accidents_wounds_finetune\finedata.xlsx,692,data\processed\classification\normal\normal_00200.jpg,mild,normal,Weak label parsed from public accident/wound Excel dataset.
data\raw\hf_accidents_wounds_finetune\finedata.xlsx,693,data\processed\classification\mild_concern\mild_concern_00343.jpg,moderate,mild_concern,Weak label parsed from public accident/wound Excel dataset.
data\raw\hf_accidents_wounds_finetune\finedata.xlsx,694,data\processed\classification\urgent\urgent_00144.jpg,severe,urgent,Weak label parsed from public accident/wound Excel dataset.
data\raw\hf_accidents_wounds_finetune\finedata.xlsx,695,data\processed\classification\urgent\urgent_00145.jpg,severe,urgent,Weak label parsed from public accident/wound Excel dataset.
data\raw\hf_accidents_wounds_finetune\finedata.xlsx,696,data\processed\classification\mild_concern\mild_concern_00344.jpg,moderate,mild_concern,Weak label parsed from public accident/wound Excel dataset.
data\raw\hf_accidents_wounds_finetune\finedata.xlsx,697,data\processed\classification\normal\normal_00201.jpg,mild,normal,Weak label parsed from public accident/wound Excel dataset.
data\raw\hf_accidents_wounds_finetune\finedata.xlsx,698,data\processed\classification\urgent\urgent_00146.jpg,moderate to severe,urgent,Weak label parsed from public accident/wound Excel dataset.
data\raw\hf_accidents_wounds_finetune\finedata.xlsx,699,data\processed\classification\mild_concern\mild_concern_00345.jpg,moderate,mild_concern,Weak label parsed from public accident/wound Excel dataset.
data\raw\hf_accidents_wounds_finetune\finedata.xlsx,700,data\processed\classification\mild_concern\mild_concern_00346.jpg,moderate,mild_concern,Weak label parsed from public accident/wound Excel dataset.
data\raw\hf_accidents_wounds_finetune\finedata.xlsx,701,data\processed\classification\normal\normal_00202.jpg,mild,normal,Weak label parsed from public accident/wound Excel dataset.
data\raw\hf_accidents_wounds_finetune\finedata.xlsx,702,data\processed\classification\urgent\urgent_00147.jpg,severe,urgent,Weak label parsed from public accident/wound Excel dataset.
data\raw\hf_accidents_wounds_finetune\finedata.xlsx,703,data\processed\classification\urgent\urgent_00148.jpg,severe,urgent,Weak label parsed from public accident/wound Excel dataset.
data\raw\hf_accidents_wounds_finetune\finedata.xlsx,704,data\processed\classification\urgent\urgent_00149.jpg,moderate to severe,urgent,Weak label parsed from public accident/wound Excel dataset.
data\raw\hf_accidents_wounds_finetune\finedata.xlsx,705,data\processed\classification\mild_concern\mild_concern_00347.jpg,moderate,mild_concern,Weak label parsed from public accident/wound Excel dataset.
data\raw\hf_accidents_wounds_finetune\finedata.xlsx,706,data\processed\classification\mild_concern\mild_concern_00348.jpg,moderate,mild_concern,Weak label parsed from public accident/wound Excel dataset.
data\raw\hf_accidents_wounds_finetune\finedata.xlsx,707,data\processed\classification\urgent\urgent_00150.jpg,severe,urgent,Weak label parsed from public accident/wound Excel dataset.
data\raw\hf_accidents_wounds_finetune\finedata.xlsx,708,data\processed\classification\mild_concern\mild_concern_00349.jpg,moderate,mild_concern,Weak label parsed from public accident/wound Excel dataset.
data\raw\hf_accidents_wounds_finetune\finedata.xlsx,709,data\processed\classification\mild_concern\mild_concern_00350.jpg,mild/moderate,mild_concern,Weak label parsed from public accident/wound Excel dataset.
data\raw\hf_accidents_wounds_finetune\finedata.xlsx,710,data\processed\classification\urgent\urgent_00151.jpg,severe,urgent,Weak label parsed from public accident/wound Excel dataset.
data\raw\hf_accidents_wounds_finetune\finedata.xlsx,711,data\processed\classification\mild_concern\mild_concern_00351.jpg,mild/moderate,mild_concern,Weak label parsed from public accident/wound Excel dataset.
data\raw\hf_accidents_wounds_finetune\finedata.xlsx,712,data\processed\classification\mild_concern\mild_concern_00352.jpg,moderate,mild_concern,Weak label parsed from public accident/wound Excel dataset.
data\raw\hf_accidents_wounds_finetune\finedata.xlsx,713,data\processed\classification\mild_concern\mild_concern_00353.jpg,mild/moderate,mild_concern,Weak label parsed from public accident/wound Excel dataset.
data\raw\hf_accidents_wounds_finetune\finedata.xlsx,714,data\processed\classification\normal\normal_00203.jpg,mild,normal,Weak label parsed from public accident/wound Excel dataset.
data\raw\hf_accidents_wounds_finetune\finedata.xlsx,715,data\processed\classification\mild_concern\mild_concern_00354.jpg,moderate,mild_concern,Weak label parsed from public accident/wound Excel dataset.
data\raw\hf_accidents_wounds_finetune\finedata.xlsx,716,data\processed\classification\urgent\urgent_00152.jpg,moderate to severe,urgent,Weak label parsed from public accident/wound Excel dataset.
data\raw\hf_accidents_wounds_finetune\finedata.xlsx,717,data\processed\classification\normal\normal_00204.jpg,mild,normal,Weak label parsed from public accident/wound Excel dataset.
data\raw\hf_accidents_wounds_finetune\finedata.xlsx,718,data\processed\classification\urgent\urgent_00153.jpg,severe,urgent,Weak label parsed from public accident/wound Excel dataset.
data\raw\hf_accidents_wounds_finetune\finedata.xlsx,719,data\processed\classification\urgent\urgent_00154.jpg,severe,urgent,Weak label parsed from public accident/wound Excel dataset.
data\raw\hf_accidents_wounds_finetune\finedata.xlsx,720,data\processed\classification\mild_concern\mild_concern_00355.jpg,mild/moderate,mild_concern,Weak label parsed from public accident/wound Excel dataset.
data\raw\hf_accidents_wounds_finetune\finedata.xlsx,721,data\processed\classification\mild_concern\mild_concern_00356.jpg,moderate,mild_concern,Weak label parsed from public accident/wound Excel dataset.
data\raw\hf_accidents_wounds_finetune\finedata.xlsx,722,data\processed\classification\normal\normal_00205.jpg,mild,normal,Weak label parsed from public accident/wound Excel dataset.
data\raw\hf_accidents_wounds_finetune\finedata.xlsx,723,data\processed\classification\mild_concern\mild_concern_00357.jpg,moderate,mild_concern,Weak label parsed from public accident/wound Excel dataset.
data\raw\hf_accidents_wounds_finetune\finedata.xlsx,724,data\processed\classification\normal\normal_00206.jpg,mild,normal,Weak label parsed from public accident/wound Excel dataset.
data\raw\hf_accidents_wounds_finetune\finedata.xlsx,725,data\processed\classification\mild_concern\mild_concern_00358.jpg,moderate,mild_concern,Weak label parsed from public accident/wound Excel dataset.
data\raw\hf_accidents_wounds_finetune\finedata.xlsx,726,data\processed\classification\mild_concern\mild_concern_00359.jpg,moderate,mild_concern,Weak label parsed from public accident/wound Excel dataset.
data\raw\hf_accidents_wounds_finetune\finedata.xlsx,727,data\processed\classification\mild_concern\mild_concern_00360.jpg,moderate,mild_concern,Weak label parsed from public accident/wound Excel dataset.
data\raw\hf_accidents_wounds_finetune\finedata.xlsx,728,data\processed\classification\mild_concern\mild_concern_00361.jpg,moderate,mild_concern,Weak label parsed from public accident/wound Excel dataset.
data\raw\hf_accidents_wounds_finetune\finedata.xlsx,729,data\processed\classification\mild_concern\mild_concern_00362.jpg,moderate,mild_concern,Weak label parsed from public accident/wound Excel dataset.
data\raw\hf_accidents_wounds_finetune\finedata.xlsx,730,data\processed\classification\normal\normal_00207.jpg,mild,normal,Weak label parsed from public accident/wound Excel dataset.
data\raw\hf_accidents_wounds_finetune\finedata.xlsx,731,data\processed\classification\normal\normal_00208.jpg,mild,normal,Weak label parsed from public accident/wound Excel dataset.
data\raw\hf_accidents_wounds_finetune\finedata.xlsx,732,data\processed\classification\normal\normal_00209.jpg,mild,normal,Weak label parsed from public accident/wound Excel dataset.
data\raw\hf_accidents_wounds_finetune\finedata.xlsx,733,data\processed\classification\urgent\urgent_00155.jpg,severe,urgent,Weak label parsed from public accident/wound Excel dataset.
data\raw\hf_accidents_wounds_finetune\finedata.xlsx,734,data\processed\classification\mild_concern\mild_concern_00363.jpg,moderate,mild_concern,Weak label parsed from public accident/wound Excel dataset.
data\raw\hf_accidents_wounds_finetune\finedata.xlsx,735,data\processed\classification\mild_concern\mild_concern_00364.jpg,moderate,mild_concern,Weak label parsed from public accident/wound Excel dataset.
data\raw\hf_accidents_wounds_finetune\finedata.xlsx,736,data\processed\classification\urgent\urgent_00156.jpg,severe,urgent,Weak label parsed from public accident/wound Excel dataset.
data\raw\hf_accidents_wounds_finetune\finedata.xlsx,737,data\processed\classification\normal\normal_00210.jpg,mild,normal,Weak label parsed from public accident/wound Excel dataset.
data\raw\hf_accidents_wounds_finetune\finedata.xlsx,738,data\processed\classification\mild_concern\mild_concern_00365.jpg,mild/moderate,mild_concern,Weak label parsed from public accident/wound Excel dataset.
data\raw\hf_accidents_wounds_finetune\finedata.xlsx,739,data\processed\classification\normal\normal_00211.jpg,mild,normal,Weak label parsed from public accident/wound Excel dataset.
data\raw\hf_accidents_wounds_finetune\finedata.xlsx,740,data\processed\classification\mild_concern\mild_concern_00366.jpg,moderate,mild_concern,Weak label parsed from public accident/wound Excel dataset.
data\raw\hf_accidents_wounds_finetune\finedata.xlsx,741,data\processed\classification\mild_concern\mild_concern_00367.jpg,moderate,mild_concern,Weak label parsed from public accident/wound Excel dataset.
data\raw\hf_accidents_wounds_finetune\finedata.xlsx,742,data\processed\classification\urgent\urgent_00157.jpg,severe,urgent,Weak label parsed from public accident/wound Excel dataset.
data\raw\hf_accidents_wounds_finetune\finedata.xlsx,743,data\processed\classification\mild_concern\mild_concern_00368.jpg,moderate,mild_concern,Weak label parsed from public accident/wound Excel dataset.
data\raw\hf_accidents_wounds_finetune\finedata.xlsx,744,data\processed\classification\mild_concern\mild_concern_00369.jpg,moderate,mild_concern,Weak label parsed from public accident/wound Excel dataset.
data\raw\hf_accidents_wounds_finetune\finedata.xlsx,745,data\processed\classification\mild_concern\mild_concern_00370.jpg,moderate,mild_concern,Weak label parsed from public accident/wound Excel dataset.
data\raw\hf_accidents_wounds_finetune\finedata.xlsx,746,data\processed\classification\normal\normal_00212.jpg,mild,normal,Weak label parsed from public accident/wound Excel dataset.
data\raw\hf_accidents_wounds_finetune\finedata.xlsx,747,data\processed\classification\mild_concern\mild_concern_00371.jpg,moderate,mild_concern,Weak label parsed from public accident/wound Excel dataset.
data\raw\hf_accidents_wounds_finetune\finedata.xlsx,748,data\processed\classification\normal\normal_00213.jpg,mild,normal,Weak label parsed from public accident/wound Excel dataset.
data\raw\hf_accidents_wounds_finetune\finedata.xlsx,749,data\processed\classification\mild_concern\mild_concern_00372.jpg,mild/moderate,mild_concern,Weak label parsed from public accident/wound Excel dataset.
data\raw\hf_accidents_wounds_finetune\finedata.xlsx,750,data\processed\classification\normal\normal_00214.jpg,mild,normal,Weak label parsed from public accident/wound Excel dataset.
data\raw\hf_accidents_wounds_finetune\finedata.xlsx,751,data\processed\classification\mild_concern\mild_concern_00373.jpg,moderate,mild_concern,Weak label parsed from public accident/wound Excel dataset.
data\raw\hf_accidents_wounds_finetune\finedata.xlsx,752,data\processed\classification\normal\normal_00215.jpg,mild,normal,Weak label parsed from public accident/wound Excel dataset.
data\raw\hf_accidents_wounds_finetune\finedata.xlsx,753,data\processed\classification\mild_concern\mild_concern_00374.jpg,moderate,mild_concern,Weak label parsed from public accident/wound Excel dataset.
data\raw\hf_accidents_wounds_finetune\finedata.xlsx,754,data\processed\classification\normal\normal_00216.jpg,mild,normal,Weak label parsed from public accident/wound Excel dataset.
data\raw\hf_accidents_wounds_finetune\finedata.xlsx,755,data\processed\classification\mild_concern\mild_concern_00375.jpg,moderate,mild_concern,Weak label parsed from public accident/wound Excel dataset.
data\raw\hf_accidents_wounds_finetune\finedata.xlsx,756,data\processed\classification\urgent\urgent_00158.jpg,severe,urgent,Weak label parsed from public accident/wound Excel dataset.
data\raw\hf_accidents_wounds_finetune\finedata.xlsx,757,data\processed\classification\mild_concern\mild_concern_00376.jpg,moderate,mild_concern,Weak label parsed from public accident/wound Excel dataset.
data\raw\hf_accidents_wounds_finetune\finedata.xlsx,758,data\processed\classification\urgent\urgent_00159.jpg,severe,urgent,Weak label parsed from public accident/wound Excel dataset.
data\raw\hf_accidents_wounds_finetune\finedata.xlsx,759,data\processed\classification\mild_concern\mild_concern_00377.jpg,mild/moderate,mild_concern,Weak label parsed from public accident/wound Excel dataset.
data\raw\hf_accidents_wounds_finetune\finedata.xlsx,760,data\processed\classification\normal\normal_00217.jpg,mild,normal,Weak label parsed from public accident/wound Excel dataset.
data\raw\hf_accidents_wounds_finetune\finedata.xlsx,761,data\processed\classification\mild_concern\mild_concern_00378.jpg,moderate,mild_concern,Weak label parsed from public accident/wound Excel dataset.
data\raw\hf_accidents_wounds_finetune\finedata.xlsx,762,data\processed\classification\mild_concern\mild_concern_00379.jpg,moderate,mild_concern,Weak label parsed from public accident/wound Excel dataset.
data\raw\hf_accidents_wounds_finetune\finedata.xlsx,763,data\processed\classification\mild_concern\mild_concern_00380.jpg,moderate,mild_concern,Weak label parsed from public accident/wound Excel dataset.
data\raw\hf_accidents_wounds_finetune\finedata.xlsx,764,data\processed\classification\mild_concern\mild_concern_00381.jpg,moderate,mild_concern,Weak label parsed from public accident/wound Excel dataset.
data\raw\hf_accidents_wounds_finetune\finedata.xlsx,765,data\processed\classification\normal\normal_00218.jpg,mild,normal,Weak label parsed from public accident/wound Excel dataset.
data\raw\hf_accidents_wounds_finetune\finedata.xlsx,766,data\processed\classification\mild_concern\mild_concern_00382.jpg,mild/moderate,mild_concern,Weak label parsed from public accident/wound Excel dataset.
data\raw\hf_accidents_wounds_finetune\finedata.xlsx,767,data\processed\classification\normal\normal_00219.jpg,mild,normal,Weak label parsed from public accident/wound Excel dataset.
data\raw\hf_accidents_wounds_finetune\finedata.xlsx,768,data\processed\classification\mild_concern\mild_concern_00383.jpg,moderate,mild_concern,Weak label parsed from public accident/wound Excel dataset.
data\raw\hf_accidents_wounds_finetune\finedata.xlsx,769,data\processed\classification\mild_concern\mild_concern_00384.jpg,moderate,mild_concern,Weak label parsed from public accident/wound Excel dataset.
data\raw\hf_accidents_wounds_finetune\finedata.xlsx,770,data\processed\classification\normal\normal_00220.jpg,mild,normal,Weak label parsed from public accident/wound Excel dataset.
data\raw\hf_accidents_wounds_finetune\finedata.xlsx,771,data\processed\classification\mild_concern\mild_concern_00385.jpg,moderate,mild_concern,Weak label parsed from public accident/wound Excel dataset.
data\raw\hf_accidents_wounds_finetune\finedata.xlsx,772,data\processed\classification\mild_concern\mild_concern_00386.jpg,moderate,mild_concern,Weak label parsed from public accident/wound Excel dataset.
data\raw\hf_accidents_wounds_finetune\finedata.xlsx,773,data\processed\classification\normal\normal_00221.jpg,mild,normal,Weak label parsed from public accident/wound Excel dataset.
data\raw\hf_accidents_wounds_finetune\finedata.xlsx,774,data\processed\classification\normal\normal_00222.jpg,mild,normal,Weak label parsed from public accident/wound Excel dataset.
data\raw\hf_accidents_wounds_finetune\finedata.xlsx,775,data\processed\classification\mild_concern\mild_concern_00387.jpg,moderate,mild_concern,Weak label parsed from public accident/wound Excel dataset.
data\raw\hf_accidents_wounds_finetune\finedata.xlsx,776,data\processed\classification\normal\normal_00223.jpg,mild,normal,Weak label parsed from public accident/wound Excel dataset.
data\raw\hf_accidents_wounds_finetune\finedata.xlsx,777,data\processed\classification\mild_concern\mild_concern_00388.jpg,mild/moderate,mild_concern,Weak label parsed from public accident/wound Excel dataset.
data\raw\hf_accidents_wounds_finetune\finedata.xlsx,778,data\processed\classification\normal\normal_00224.jpg,mild,normal,Weak label parsed from public accident/wound Excel dataset.
data\raw\hf_accidents_wounds_finetune\finedata.xlsx,779,data\processed\classification\normal\normal_00225.jpg,mild,normal,Weak label parsed from public accident/wound Excel dataset.
data\raw\hf_accidents_wounds_finetune\finedata.xlsx,780,data\processed\classification\urgent\urgent_00160.jpg,severe,urgent,Weak label parsed from public accident/wound Excel dataset.
data\raw\hf_accidents_wounds_finetune\finedata.xlsx,782,data\processed\classification\mild_concern\mild_concern_00389.jpg,moderate,mild_concern,Weak label parsed from public accident/wound Excel dataset.
data\raw\hf_accidents_wounds_finetune\finedata.xlsx,783,data\processed\classification\urgent\urgent_00161.jpg,severe,urgent,Weak label parsed from public accident/wound Excel dataset.
data\raw\hf_accidents_wounds_finetune\finedata.xlsx,784,data\processed\classification\normal\normal_00226.jpg,mild,normal,Weak label parsed from public accident/wound Excel dataset.
data\raw\hf_accidents_wounds_finetune\finedata.xlsx,785,data\processed\classification\normal\normal_00227.jpg,mild,normal,Weak label parsed from public accident/wound Excel dataset.
data\raw\hf_accidents_wounds_finetune\finedata.xlsx,786,data\processed\classification\mild_concern\mild_concern_00390.jpg,moderate,mild_concern,Weak label parsed from public accident/wound Excel dataset.
data\raw\hf_accidents_wounds_finetune\finedata.xlsx,787,data\processed\classification\urgent\urgent_00162.jpg,severe,urgent,Weak label parsed from public accident/wound Excel dataset.
data\raw\hf_accidents_wounds_finetune\finedata.xlsx,788,data\processed\classification\normal\normal_00228.jpg,mild,normal,Weak label parsed from public accident/wound Excel dataset.
data\raw\hf_accidents_wounds_finetune\finedata.xlsx,789,data\processed\classification\mild_concern\mild_concern_00391.jpg,moderate,mild_concern,Weak label parsed from public accident/wound Excel dataset.
data\raw\hf_accidents_wounds_finetune\finedata.xlsx,790,data\processed\classification\mild_concern\mild_concern_00392.jpg,moderate,mild_concern,Weak label parsed from public accident/wound Excel dataset.
data\raw\hf_accidents_wounds_finetune\finedata.xlsx,791,data\processed\classification\mild_concern\mild_concern_00393.jpg,moderate,mild_concern,Weak label parsed from public accident/wound Excel dataset.
data\raw\hf_accidents_wounds_finetune\finedata.xlsx,792,data\processed\classification\urgent\urgent_00163.jpg,severe,urgent,Weak label parsed from public accident/wound Excel dataset.
data\raw\hf_accidents_wounds_finetune\finedata.xlsx,793,data\processed\classification\mild_concern\mild_concern_00394.jpg,moderate,mild_concern,Weak label parsed from public accident/wound Excel dataset.
data\raw\hf_accidents_wounds_finetune\finedata.xlsx,794,data\processed\classification\mild_concern\mild_concern_00395.jpg,mild/moderate,mild_concern,Weak label parsed from public accident/wound Excel dataset.
data\raw\hf_accidents_wounds_finetune\finedata.xlsx,795,data\processed\classification\urgent\urgent_00164.jpg,severe,urgent,Weak label parsed from public accident/wound Excel dataset.
data\raw\hf_accidents_wounds_finetune\finedata.xlsx,796,data\processed\classification\mild_concern\mild_concern_00396.jpg,moderate,mild_concern,Weak label parsed from public accident/wound Excel dataset.
data\raw\hf_accidents_wounds_finetune\finedata.xlsx,797,data\processed\classification\mild_concern\mild_concern_00397.jpg,moderate,mild_concern,Weak label parsed from public accident/wound Excel dataset.
data\raw\hf_accidents_wounds_finetune\finedata.xlsx,799,data\processed\classification\mild_concern\mild_concern_00398.jpg,mild/moderate,mild_concern,Weak label parsed from public accident/wound Excel dataset.
data\raw\hf_accidents_wounds_finetune\finedata.xlsx,800,data\processed\classification\normal\normal_00229.jpg,mild,normal,Weak label parsed from public accident/wound Excel dataset.
data\raw\hf_accidents_wounds_finetune\finedata.xlsx,801,data\processed\classification\mild_concern\mild_concern_00399.jpg,moderate,mild_concern,Weak label parsed from public accident/wound Excel dataset.
data\raw\hf_accidents_wounds_finetune\finedata.xlsx,802,data\processed\classification\mild_concern\mild_concern_00400.jpg,moderate,mild_concern,Weak label parsed from public accident/wound Excel dataset.
data\raw\hf_accidents_wounds_finetune\finedata.xlsx,803,data\processed\classification\normal\normal_00230.jpg,mild,normal,Weak label parsed from public accident/wound Excel dataset.
data\raw\hf_accidents_wounds_finetune\finedata.xlsx,804,data\processed\classification\mild_concern\mild_concern_00401.jpg,mild/moderate,mild_concern,Weak label parsed from public accident/wound Excel dataset.
data\raw\hf_accidents_wounds_finetune\finedata.xlsx,805,data\processed\classification\mild_concern\mild_concern_00402.jpg,mild/moderate,mild_concern,Weak label parsed from public accident/wound Excel dataset.
data\raw\hf_accidents_wounds_finetune\finedata.xlsx,806,data\processed\classification\normal\normal_00231.jpg,mild,normal,Weak label parsed from public accident/wound Excel dataset.
data\raw\hf_accidents_wounds_finetune\finedata.xlsx,807,data\processed\classification\mild_concern\mild_concern_00403.jpg,mild/moderate,mild_concern,Weak label parsed from public accident/wound Excel dataset.
data\raw\hf_accidents_wounds_finetune\finedata.xlsx,808,data\processed\classification\normal\normal_00232.jpg,mild,normal,Weak label parsed from public accident/wound Excel dataset.
data\raw\hf_accidents_wounds_finetune\finedata.xlsx,809,data\processed\classification\normal\normal_00233.jpg,mild,normal,Weak label parsed from public accident/wound Excel dataset.
data\raw\hf_accidents_wounds_finetune\finedata.xlsx,810,data\processed\classification\normal\normal_00234.jpg,mild,normal,Weak label parsed from public accident/wound Excel dataset.
data\raw\hf_accidents_wounds_finetune\finedata.xlsx,811,data\processed\classification\normal\normal_00235.jpg,mild,normal,Weak label parsed from public accident/wound Excel dataset.
data\raw\hf_accidents_wounds_finetune\finedata.xlsx,812,data\processed\classification\normal\normal_00236.jpg,mild,normal,Weak label parsed from public accident/wound Excel dataset.
data\raw\hf_accidents_wounds_finetune\finedata.xlsx,813,data\processed\classification\normal\normal_00237.jpg,mild,normal,Weak label parsed from public accident/wound Excel dataset.
data\raw\hf_accidents_wounds_finetune\finedata.xlsx,814,data\processed\classification\mild_concern\mild_concern_00404.jpg,moderate,mild_concern,Weak label parsed from public accident/wound Excel dataset.
data\raw\hf_accidents_wounds_finetune\finedata.xlsx,815,data\processed\classification\mild_concern\mild_concern_00405.jpg,moderate,mild_concern,Weak label parsed from public accident/wound Excel dataset.
data\raw\hf_accidents_wounds_finetune\finedata.xlsx,816,data\processed\classification\mild_concern\mild_concern_00406.jpg,moderate,mild_concern,Weak label parsed from public accident/wound Excel dataset.
data\raw\hf_accidents_wounds_finetune\finedata.xlsx,817,data\processed\classification\mild_concern\mild_concern_00407.jpg,mild/moderate,mild_concern,Weak label parsed from public accident/wound Excel dataset.
data\raw\hf_accidents_wounds_finetune\finedata.xlsx,818,data\processed\classification\normal\normal_00238.jpg,mild,normal,Weak label parsed from public accident/wound Excel dataset.
data\raw\hf_accidents_wounds_finetune\finedata.xlsx,819,data\processed\classification\mild_concern\mild_concern_00408.jpg,moderate,mild_concern,Weak label parsed from public accident/wound Excel dataset.
data\raw\hf_accidents_wounds_finetune\finedata.xlsx,820,data\processed\classification\mild_concern\mild_concern_00409.jpg,moderate,mild_concern,Weak label parsed from public accident/wound Excel dataset.
data\raw\hf_accidents_wounds_finetune\finedata.xlsx,821,data\processed\classification\normal\normal_00239.jpg,mild,normal,Weak label parsed from public accident/wound Excel dataset.
data\raw\hf_accidents_wounds_finetune\finedata.xlsx,822,data\processed\classification\normal\normal_00240.jpg,mild,normal,Weak label parsed from public accident/wound Excel dataset.
data\raw\hf_accidents_wounds_finetune\finedata.xlsx,823,data\processed\classification\urgent\urgent_00165.jpg,severe,urgent,Weak label parsed from public accident/wound Excel dataset.
data\raw\hf_accidents_wounds_finetune\finedata.xlsx,824,data\processed\classification\mild_concern\mild_concern_00410.jpg,moderate,mild_concern,Weak label parsed from public accident/wound Excel dataset.
data\raw\hf_accidents_wounds_finetune\finedata.xlsx,825,data\processed\classification\mild_concern\mild_concern_00411.jpg,moderate,mild_concern,Weak label parsed from public accident/wound Excel dataset.
data\raw\hf_accidents_wounds_finetune\finedata.xlsx,826,data\processed\classification\mild_concern\mild_concern_00412.jpg,moderate,mild_concern,Weak label parsed from public accident/wound Excel dataset.
data\raw\hf_accidents_wounds_finetune\finedata.xlsx,827,data\processed\classification\urgent\urgent_00166.jpg,severe,urgent,Weak label parsed from public accident/wound Excel dataset.
data\raw\hf_accidents_wounds_finetune\finedata.xlsx,828,data\processed\classification\mild_concern\mild_concern_00413.jpg,moderate,mild_concern,Weak label parsed from public accident/wound Excel dataset.
data\raw\hf_accidents_wounds_finetune\finedata.xlsx,829,data\processed\classification\normal\normal_00241.jpg,mild,normal,Weak label parsed from public accident/wound Excel dataset.
data\raw\hf_accidents_wounds_finetune\finedata.xlsx,830,data\processed\classification\normal\normal_00242.jpg,mild,normal,Weak label parsed from public accident/wound Excel dataset.
data\raw\hf_accidents_wounds_finetune\finedata.xlsx,831,data\processed\classification\normal\normal_00243.jpg,mild,normal,Weak label parsed from public accident/wound Excel dataset.
data\raw\hf_accidents_wounds_finetune\finedata.xlsx,832,data\processed\classification\normal\normal_00244.jpg,mild,normal,Weak label parsed from public accident/wound Excel dataset.
data\raw\hf_accidents_wounds_finetune\finedata.xlsx,833,data\processed\classification\normal\normal_00245.jpg,mild,normal,Weak label parsed from public accident/wound Excel dataset.
data\raw\hf_accidents_wounds_finetune\finedata.xlsx,834,data\processed\classification\normal\normal_00246.jpg,mild,normal,Weak label parsed from public accident/wound Excel dataset.
data\raw\hf_accidents_wounds_finetune\finedata.xlsx,835,data\processed\classification\mild_concern\mild_concern_00414.jpg,mild/moderate,mild_concern,Weak label parsed from public accident/wound Excel dataset.
data\raw\hf_accidents_wounds_finetune\finedata.xlsx,836,data\processed\classification\mild_concern\mild_concern_00415.jpg,moderate,mild_concern,Weak label parsed from public accident/wound Excel dataset.
data\raw\hf_accidents_wounds_finetune\finedata.xlsx,837,data\processed\classification\normal\normal_00247.jpg,mild,normal,Weak label parsed from public accident/wound Excel dataset.
data\raw\hf_accidents_wounds_finetune\finedata.xlsx,838,data\processed\classification\normal\normal_00248.jpg,mild,normal,Weak label parsed from public accident/wound Excel dataset.
data\raw\hf_accidents_wounds_finetune\finedata.xlsx,839,data\processed\classification\normal\normal_00249.jpg,mild,normal,Weak label parsed from public accident/wound Excel dataset.
data\raw\hf_accidents_wounds_finetune\finedata.xlsx,841,data\processed\classification\mild_concern\mild_concern_00416.jpg,moderate,mild_concern,Weak label parsed from public accident/wound Excel dataset.
data\raw\hf_accidents_wounds_finetune\finedata.xlsx,842,data\processed\classification\normal\normal_00250.jpg,mild,normal,Weak label parsed from public accident/wound Excel dataset.
data\raw\hf_accidents_wounds_finetune\finedata.xlsx,843,data\processed\classification\urgent\urgent_00167.jpg,moderate to severe,urgent,Weak label parsed from public accident/wound Excel dataset.
data\raw\hf_accidents_wounds_finetune\finedata.xlsx,844,data\processed\classification\urgent\urgent_00168.jpg,severe,urgent,Weak label parsed from public accident/wound Excel dataset.
data\raw\hf_accidents_wounds_finetune\finedata.xlsx,845,data\processed\classification\normal\normal_00251.jpg,mild,normal,Weak label parsed from public accident/wound Excel dataset.
data\raw\hf_accidents_wounds_finetune\finedata.xlsx,846,data\processed\classification\mild_concern\mild_concern_00417.jpg,mild/moderate,mild_concern,Weak label parsed from public accident/wound Excel dataset.
data\raw\hf_accidents_wounds_finetune\finedata.xlsx,847,data\processed\classification\mild_concern\mild_concern_00418.jpg,moderate,mild_concern,Weak label parsed from public accident/wound Excel dataset.
data\raw\hf_accidents_wounds_finetune\finedata.xlsx,848,data\processed\classification\normal\normal_00252.jpg,mild,normal,Weak label parsed from public accident/wound Excel dataset.
data\raw\hf_accidents_wounds_finetune\finedata.xlsx,849,data\processed\classification\normal\normal_00253.jpg,mild,normal,Weak label parsed from public accident/wound Excel dataset.
data\raw\hf_accidents_wounds_finetune\finedata.xlsx,850,data\processed\classification\urgent\urgent_00169.jpg,severe,urgent,Weak label parsed from public accident/wound Excel dataset.
data\raw\hf_accidents_wounds_finetune\finedata.xlsx,851,data\processed\classification\mild_concern\mild_concern_00419.jpg,moderate,mild_concern,Weak label parsed from public accident/wound Excel dataset.
