image,mask,image_width,image_height,mask_width,mask_height,source
data\raw\DFUC2022_train_release\DFUC2022_train_images\100001.jpg,data\raw\DFUC2022_train_release\DFUC2022_train_masks\100001.png,640,480,640,480,DFUC2022_train_release
data\raw\DFUC2022_train_release\DFUC2022_train_images\100002.jpg,data\raw\DFUC2022_train_release\DFUC2022_train_masks\100002.png,640,480,640,480,DFUC2022_train_release
data\raw\DFUC2022_train_release\DFUC2022_train_images\100003.jpg,data\raw\DFUC2022_train_release\DFUC2022_train_masks\100003.png,640,480,640,480,DFUC2022_train_release
data\raw\DFUC2022_train_release\DFUC2022_train_images\100004.jpg,data\raw\DFUC2022_train_release\DFUC2022_train_masks\100004.png,640,480,640,480,DFUC2022_train_release
data\raw\DFUC2022_train_release\DFUC2022_train_images\100005.jpg,data\raw\DFUC2022_train_release\DFUC2022_train_masks\100005.png,640,480,640,480,DFUC2022_train_release
data\raw\DFUC2022_train_release\DFUC2022_train_images\100006.jpg,data\raw\DFUC2022_train_release\DFUC2022_train_masks\100006.png,640,480,640,480,DFUC2022_train_release
data\raw\DFUC2022_train_release\DFUC2022_train_images\100007.jpg,data\raw\DFUC2022_train_release\DFUC2022_train_masks\100007.png,640,480,640,480,DFUC2022_train_release
data\raw\DFUC2022_train_release\DFUC2022_train_images\100008.jpg,data\raw\DFUC2022_train_release\DFUC2022_train_masks\100008.png,640,480,640,480,DFUC2022_train_release
data\raw\DFUC2022_train_release\DFUC2022_train_images\100009.jpg,data\raw\DFUC2022_train_release\DFUC2022_train_masks\100009.png,640,480,640,480,DFUC2022_train_release
data\raw\DFUC2022_train_release\DFUC2022_train_images\100010.jpg,data\raw\DFUC2022_train_release\DFUC2022_train_masks\100010.png,640,480,640,480,DFUC2022_train_release
data\raw\DFUC2022_train_release\DFUC2022_train_images\100011.jpg,data\raw\DFUC2022_train_release\DFUC2022_train_masks\100011.png,640,480,640,480,DFUC2022_train_release
data\raw\DFUC2022_train_release\DFUC2022_train_images\100012.jpg,data\raw\DFUC2022_train_release\DFUC2022_train_masks\100012.png,640,480,640,480,DFUC2022_train_release
data\raw\DFUC2022_train_release\DFUC2022_train_images\100013.jpg,data\raw\DFUC2022_train_release\DFUC2022_train_masks\100013.png,640,480,640,480,DFUC2022_train_release
data\raw\DFUC2022_train_release\DFUC2022_train_images\100014.jpg,data\raw\DFUC2022_train_release\DFUC2022_train_masks\100014.png,640,480,640,480,DFUC2022_train_release
data\raw\DFUC2022_train_release\DFUC2022_train_images\100015.jpg,data\raw\DFUC2022_train_release\DFUC2022_train_masks\100015.png,640,480,640,480,DFUC2022_train_release
data\raw\DFUC2022_train_release\DFUC2022_train_images\100016.jpg,data\raw\DFUC2022_train_release\DFUC2022_train_masks\100016.png,640,480,640,480,DFUC2022_train_release
data\raw\DFUC2022_train_release\DFUC2022_train_images\100017.jpg,data\raw\DFUC2022_train_release\DFUC2022_train_masks\100017.png,640,480,640,480,DFUC2022_train_release
data\raw\DFUC2022_train_release\DFUC2022_train_images\100018.jpg,data\raw\DFUC2022_train_release\DFUC2022_train_masks\100018.png,640,480,640,480,DFUC2022_train_release
data\raw\DFUC2022_train_release\DFUC2022_train_images\100019.jpg,data\raw\DFUC2022_train_release\DFUC2022_train_masks\100019.png,640,480,640,480,DFUC2022_train_release
data\raw\DFUC2022_train_release\DFUC2022_train_images\100020.jpg,data\raw\DFUC2022_train_release\DFUC2022_train_masks\100020.png,640,480,640,480,DFUC2022_train_release
data\raw\DFUC2022_train_release\DFUC2022_train_images\100021.jpg,data\raw\DFUC2022_train_release\DFUC2022_train_masks\100021.png,640,480,640,480,DFUC2022_train_release
data\raw\DFUC2022_train_release\DFUC2022_train_images\100022.jpg,data\raw\DFUC2022_train_release\DFUC2022_train_masks\100022.png,640,480,640,480,DFUC2022_train_release
data\raw\DFUC2022_train_release\DFUC2022_train_images\100023.jpg,data\raw\DFUC2022_train_release\DFUC2022_train_masks\100023.png,640,480,640,480,DFUC2022_train_release
data\raw\DFUC2022_train_release\DFUC2022_train_images\100024.jpg,data\raw\DFUC2022_train_release\DFUC2022_train_masks\100024.png,640,480,640,480,DFUC2022_train_release
data\raw\DFUC2022_train_release\DFUC2022_train_images\100025.jpg,data\raw\DFUC2022_train_release\DFUC2022_train_masks\100025.png,640,480,640,480,DFUC2022_train_release
data\raw\DFUC2022_train_release\DFUC2022_train_images\100026.jpg,data\raw\DFUC2022_train_release\DFUC2022_train_masks\100026.png,640,480,640,480,DFUC2022_train_release
data\raw\DFUC2022_train_release\DFUC2022_train_images\100027.jpg,data\raw\DFUC2022_train_release\DFUC2022_train_masks\100027.png,640,480,640,480,DFUC2022_train_release
data\raw\DFUC2022_train_release\DFUC2022_train_images\100028.jpg,data\raw\DFUC2022_train_release\DFUC2022_train_masks\100028.png,640,480,640,480,DFUC2022_train_release
data\raw\DFUC2022_train_release\DFUC2022_train_images\100029.jpg,data\raw\DFUC2022_train_release\DFUC2022_train_masks\100029.png,640,480,640,480,DFUC2022_train_release
data\raw\DFUC2022_train_release\DFUC2022_train_images\100030.jpg,data\raw\DFUC2022_train_release\DFUC2022_train_masks\100030.png,640,480,640,480,DFUC2022_train_release
data\raw\DFUC2022_train_release\DFUC2022_train_images\100031.jpg,data\raw\DFUC2022_train_release\DFUC2022_train_masks\100031.png,640,480,640,480,DFUC2022_train_release
data\raw\DFUC2022_train_release\DFUC2022_train_images\100032.jpg,data\raw\DFUC2022_train_release\DFUC2022_train_masks\100032.png,640,480,640,480,DFUC2022_train_release
data\raw\DFUC2022_train_release\DFUC2022_train_images\100033.jpg,data\raw\DFUC2022_train_release\DFUC2022_train_masks\100033.png,640,480,640,480,DFUC2022_train_release
data\raw\DFUC2022_train_release\DFUC2022_train_images\100034.jpg,data\raw\DFUC2022_train_release\DFUC2022_train_masks\100034.png,640,480,640,480,DFUC2022_train_release
data\raw\DFUC2022_train_release\DFUC2022_train_images\100035.jpg,data\raw\DFUC2022_train_release\DFUC2022_train_masks\100035.png,640,480,640,480,DFUC2022_train_release
data\raw\DFUC2022_train_release\DFUC2022_train_images\100036.jpg,data\raw\DFUC2022_train_release\DFUC2022_train_masks\100036.png,640,480,640,480,DFUC2022_train_release
data\raw\DFUC2022_train_release\DFUC2022_train_images\100037.jpg,data\raw\DFUC2022_train_release\DFUC2022_train_masks\100037.png,640,480,640,480,DFUC2022_train_release
data\raw\DFUC2022_train_release\DFUC2022_train_images\100038.jpg,data\raw\DFUC2022_train_release\DFUC2022_train_masks\100038.png,640,480,640,480,DFUC2022_train_release
data\raw\DFUC2022_train_release\DFUC2022_train_images\100039.jpg,data\raw\DFUC2022_train_release\DFUC2022_train_masks\100039.png,640,480,640,480,DFUC2022_train_release
data\raw\DFUC2022_train_release\DFUC2022_train_images\100040.jpg,data\raw\DFUC2022_train_release\DFUC2022_train_masks\100040.png,640,480,640,480,DFUC2022_train_release
data\raw\DFUC2022_train_release\DFUC2022_train_images\100041.jpg,data\raw\DFUC2022_train_release\DFUC2022_train_masks\100041.png,640,480,640,480,DFUC2022_train_release
data\raw\DFUC2022_train_release\DFUC2022_train_images\100042.jpg,data\raw\DFUC2022_train_release\DFUC2022_train_masks\100042.png,640,480,640,480,DFUC2022_train_release
data\raw\DFUC2022_train_release\DFUC2022_train_images\100043.jpg,data\raw\DFUC2022_train_release\DFUC2022_train_masks\100043.png,640,480,640,480,DFUC2022_train_release
data\raw\DFUC2022_train_release\DFUC2022_train_images\100044.jpg,data\raw\DFUC2022_train_release\DFUC2022_train_masks\100044.png,640,480,640,480,DFUC2022_train_release
data\raw\DFUC2022_train_release\DFUC2022_train_images\100045.jpg,data\raw\DFUC2022_train_release\DFUC2022_train_masks\100045.png,640,480,640,480,DFUC2022_train_release
data\raw\DFUC2022_train_release\DFUC2022_train_images\100046.jpg,data\raw\DFUC2022_train_release\DFUC2022_train_masks\100046.png,640,480,640,480,DFUC2022_train_release
data\raw\DFUC2022_train_release\DFUC2022_train_images\100047.jpg,data\raw\DFUC2022_train_release\DFUC2022_train_masks\100047.png,640,480,640,480,DFUC2022_train_release
data\raw\DFUC2022_train_release\DFUC2022_train_images\100048.jpg,data\raw\DFUC2022_train_release\DFUC2022_train_masks\100048.png,640,480,640,480,DFUC2022_train_release
data\raw\DFUC2022_train_release\DFUC2022_train_images\100049.jpg,data\raw\DFUC2022_train_release\DFUC2022_train_masks\100049.png,640,480,640,480,DFUC2022_train_release
data\raw\DFUC2022_train_release\DFUC2022_train_images\100050.jpg,data\raw\DFUC2022_train_release\DFUC2022_train_masks\100050.png,640,480,640,480,DFUC2022_train_release
data\raw\DFUC2022_train_release\DFUC2022_train_images\100051.jpg,data\raw\DFUC2022_train_release\DFUC2022_train_masks\100051.png,640,480,640,480,DFUC2022_train_release
data\raw\DFUC2022_train_release\DFUC2022_train_images\100052.jpg,data\raw\DFUC2022_train_release\DFUC2022_train_masks\100052.png,640,480,640,480,DFUC2022_train_release
data\raw\DFUC2022_train_release\DFUC2022_train_images\100053.jpg,data\raw\DFUC2022_train_release\DFUC2022_train_masks\100053.png,640,480,640,480,DFUC2022_train_release
data\raw\DFUC2022_train_release\DFUC2022_train_images\100054.jpg,data\raw\DFUC2022_train_release\DFUC2022_train_masks\100054.png,640,480,640,480,DFUC2022_train_release
data\raw\DFUC2022_train_release\DFUC2022_train_images\100055.jpg,data\raw\DFUC2022_train_release\DFUC2022_train_masks\100055.png,640,480,640,480,DFUC2022_train_release
data\raw\DFUC2022_train_release\DFUC2022_train_images\100056.jpg,data\raw\DFUC2022_train_release\DFUC2022_train_masks\100056.png,640,480,640,480,DFUC2022_train_release
data\raw\DFUC2022_train_release\DFUC2022_train_images\100057.jpg,data\raw\DFUC2022_train_release\DFUC2022_train_masks\100057.png,640,480,640,480,DFUC2022_train_release
data\raw\DFUC2022_train_release\DFUC2022_train_images\100058.jpg,data\raw\DFUC2022_train_release\DFUC2022_train_masks\100058.png,640,480,640,480,DFUC2022_train_release
data\raw\DFUC2022_train_release\DFUC2022_train_images\100059.jpg,data\raw\DFUC2022_train_release\DFUC2022_train_masks\100059.png,640,480,640,480,DFUC2022_train_release
data\raw\DFUC2022_train_release\DFUC2022_train_images\100060.jpg,data\raw\DFUC2022_train_release\DFUC2022_train_masks\100060.png,640,480,640,480,DFUC2022_train_release
data\raw\DFUC2022_train_release\DFUC2022_train_images\100061.jpg,data\raw\DFUC2022_train_release\DFUC2022_train_masks\100061.png,640,480,640,480,DFUC2022_train_release
data\raw\DFUC2022_train_release\DFUC2022_train_images\100062.jpg,data\raw\DFUC2022_train_release\DFUC2022_train_masks\100062.png,640,480,640,480,DFUC2022_train_release
data\raw\DFUC2022_train_release\DFUC2022_train_images\100063.jpg,data\raw\DFUC2022_train_release\DFUC2022_train_masks\100063.png,640,480,640,480,DFUC2022_train_release
data\raw\DFUC2022_train_release\DFUC2022_train_images\100064.jpg,data\raw\DFUC2022_train_release\DFUC2022_train_masks\100064.png,640,480,640,480,DFUC2022_train_release
data\raw\DFUC2022_train_release\DFUC2022_train_images\100065.jpg,data\raw\DFUC2022_train_release\DFUC2022_train_masks\100065.png,640,480,640,480,DFUC2022_train_release
data\raw\DFUC2022_train_release\DFUC2022_train_images\100066.jpg,data\raw\DFUC2022_train_release\DFUC2022_train_masks\100066.png,640,480,640,480,DFUC2022_train_release
data\raw\DFUC2022_train_release\DFUC2022_train_images\100067.jpg,data\raw\DFUC2022_train_release\DFUC2022_train_masks\100067.png,640,480,640,480,DFUC2022_train_release
data\raw\DFUC2022_train_release\DFUC2022_train_images\100068.jpg,data\raw\DFUC2022_train_release\DFUC2022_train_masks\100068.png,640,480,640,480,DFUC2022_train_release
data\raw\DFUC2022_train_release\DFUC2022_train_images\100069.jpg,data\raw\DFUC2022_train_release\DFUC2022_train_masks\100069.png,640,480,640,480,DFUC2022_train_release
data\raw\DFUC2022_train_release\DFUC2022_train_images\100070.jpg,data\raw\DFUC2022_train_release\DFUC2022_train_masks\100070.png,640,480,640,480,DFUC2022_train_release
data\raw\DFUC2022_train_release\DFUC2022_train_images\100071.jpg,data\raw\DFUC2022_train_release\DFUC2022_train_masks\100071.png,640,480,640,480,DFUC2022_train_release
data\raw\DFUC2022_train_release\DFUC2022_train_images\100072.jpg,data\raw\DFUC2022_train_release\DFUC2022_train_masks\100072.png,640,480,640,480,DFUC2022_train_release
data\raw\DFUC2022_train_release\DFUC2022_train_images\100073.jpg,data\raw\DFUC2022_train_release\DFUC2022_train_masks\100073.png,640,480,640,480,DFUC2022_train_release
data\raw\DFUC2022_train_release\DFUC2022_train_images\100074.jpg,data\raw\DFUC2022_train_release\DFUC2022_train_masks\100074.png,640,480,640,480,DFUC2022_train_release
data\raw\DFUC2022_train_release\DFUC2022_train_images\100075.jpg,data\raw\DFUC2022_train_release\DFUC2022_train_masks\100075.png,640,480,640,480,DFUC2022_train_release
data\raw\DFUC2022_train_release\DFUC2022_train_images\100076.jpg,data\raw\DFUC2022_train_release\DFUC2022_train_masks\100076.png,640,480,640,480,DFUC2022_train_release
data\raw\DFUC2022_train_release\DFUC2022_train_images\100077.jpg,data\raw\DFUC2022_train_release\DFUC2022_train_masks\100077.png,640,480,640,480,DFUC2022_train_release
data\raw\DFUC2022_train_release\DFUC2022_train_images\100078.jpg,data\raw\DFUC2022_train_release\DFUC2022_train_masks\100078.png,640,480,640,480,DFUC2022_train_release
data\raw\DFUC2022_train_release\DFUC2022_train_images\100079.jpg,data\raw\DFUC2022_train_release\DFUC2022_train_masks\100079.png,640,480,640,480,DFUC2022_train_release
data\raw\DFUC2022_train_release\DFUC2022_train_images\100080.jpg,data\raw\DFUC2022_train_release\DFUC2022_train_masks\100080.png,640,480,640,480,DFUC2022_train_release
data\raw\DFUC2022_train_release\DFUC2022_train_images\100081.jpg,data\raw\DFUC2022_train_release\DFUC2022_train_masks\100081.png,640,480,640,480,DFUC2022_train_release
data\raw\DFUC2022_train_release\DFUC2022_train_images\100082.jpg,data\raw\DFUC2022_train_release\DFUC2022_train_masks\100082.png,640,480,640,480,DFUC2022_train_release
data\raw\DFUC2022_train_release\DFUC2022_train_images\100083.jpg,data\raw\DFUC2022_train_release\DFUC2022_train_masks\100083.png,640,480,640,480,DFUC2022_train_release
data\raw\DFUC2022_train_release\DFUC2022_train_images\100084.jpg,data\raw\DFUC2022_train_release\DFUC2022_train_masks\100084.png,640,480,640,480,DFUC2022_train_release
data\raw\DFUC2022_train_release\DFUC2022_train_images\100085.jpg,data\raw\DFUC2022_train_release\DFUC2022_train_masks\100085.png,640,480,640,480,DFUC2022_train_release
data\raw\DFUC2022_train_release\DFUC2022_train_images\100086.jpg,data\raw\DFUC2022_train_release\DFUC2022_train_masks\100086.png,640,480,640,480,DFUC2022_train_release
data\raw\DFUC2022_train_release\DFUC2022_train_images\100087.jpg,data\raw\DFUC2022_train_release\DFUC2022_train_masks\100087.png,640,480,640,480,DFUC2022_train_release
data\raw\DFUC2022_train_release\DFUC2022_train_images\100088.jpg,data\raw\DFUC2022_train_release\DFUC2022_train_masks\100088.png,640,480,640,480,DFUC2022_train_release
data\raw\DFUC2022_train_release\DFUC2022_train_images\100089.jpg,data\raw\DFUC2022_train_release\DFUC2022_train_masks\100089.png,640,480,640,480,DFUC2022_train_release
data\raw\DFUC2022_train_release\DFUC2022_train_images\100090.jpg,data\raw\DFUC2022_train_release\DFUC2022_train_masks\100090.png,640,480,640,480,DFUC2022_train_release
data\raw\DFUC2022_train_release\DFUC2022_train_images\100091.jpg,data\raw\DFUC2022_train_release\DFUC2022_train_masks\100091.png,640,480,640,480,DFUC2022_train_release
data\raw\DFUC2022_train_release\DFUC2022_train_images\100092.jpg,data\raw\DFUC2022_train_release\DFUC2022_train_masks\100092.png,640,480,640,480,DFUC2022_train_release
data\raw\DFUC2022_train_release\DFUC2022_train_images\100093.jpg,data\raw\DFUC2022_train_release\DFUC2022_train_masks\100093.png,640,480,640,480,DFUC2022_train_release
data\raw\DFUC2022_train_release\DFUC2022_train_images\100094.jpg,data\raw\DFUC2022_train_release\DFUC2022_train_masks\100094.png,640,480,640,480,DFUC2022_train_release
data\raw\DFUC2022_train_release\DFUC2022_train_images\100095.jpg,data\raw\DFUC2022_train_release\DFUC2022_train_masks\100095.png,640,480,640,480,DFUC2022_train_release
data\raw\DFUC2022_train_release\DFUC2022_train_images\100096.jpg,data\raw\DFUC2022_train_release\DFUC2022_train_masks\100096.png,640,480,640,480,DFUC2022_train_release
data\raw\DFUC2022_train_release\DFUC2022_train_images\100097.jpg,data\raw\DFUC2022_train_release\DFUC2022_train_masks\100097.png,640,480,640,480,DFUC2022_train_release
data\raw\DFUC2022_train_release\DFUC2022_train_images\100098.jpg,data\raw\DFUC2022_train_release\DFUC2022_train_masks\100098.png,640,480,640,480,DFUC2022_train_release
data\raw\DFUC2022_train_release\DFUC2022_train_images\100099.jpg,data\raw\DFUC2022_train_release\DFUC2022_train_masks\100099.png,640,480,640,480,DFUC2022_train_release
data\raw\DFUC2022_train_release\DFUC2022_train_images\100100.jpg,data\raw\DFUC2022_train_release\DFUC2022_train_masks\100100.png,640,480,640,480,DFUC2022_train_release
data\raw\DFUC2022_train_release\DFUC2022_train_images\100101.jpg,data\raw\DFUC2022_train_release\DFUC2022_train_masks\100101.png,640,480,640,480,DFUC2022_train_release
data\raw\DFUC2022_train_release\DFUC2022_train_images\100102.jpg,data\raw\DFUC2022_train_release\DFUC2022_train_masks\100102.png,640,480,640,480,DFUC2022_train_release
data\raw\DFUC2022_train_release\DFUC2022_train_images\100103.jpg,data\raw\DFUC2022_train_release\DFUC2022_train_masks\100103.png,640,480,640,480,DFUC2022_train_release
data\raw\DFUC2022_train_release\DFUC2022_train_images\100104.jpg,data\raw\DFUC2022_train_release\DFUC2022_train_masks\100104.png,640,480,640,480,DFUC2022_train_release
data\raw\DFUC2022_train_release\DFUC2022_train_images\100105.jpg,data\raw\DFUC2022_train_release\DFUC2022_train_masks\100105.png,640,480,640,480,DFUC2022_train_release
data\raw\DFUC2022_train_release\DFUC2022_train_images\100106.jpg,data\raw\DFUC2022_train_release\DFUC2022_train_masks\100106.png,640,480,640,480,DFUC2022_train_release
data\raw\DFUC2022_train_release\DFUC2022_train_images\100107.jpg,data\raw\DFUC2022_train_release\DFUC2022_train_masks\100107.png,640,480,640,480,DFUC2022_train_release
data\raw\DFUC2022_train_release\DFUC2022_train_images\100108.jpg,data\raw\DFUC2022_train_release\DFUC2022_train_masks\100108.png,640,480,640,480,DFUC2022_train_release
data\raw\DFUC2022_train_release\DFUC2022_train_images\100109.jpg,data\raw\DFUC2022_train_release\DFUC2022_train_masks\100109.png,640,480,640,480,DFUC2022_train_release
data\raw\DFUC2022_train_release\DFUC2022_train_images\100110.jpg,data\raw\DFUC2022_train_release\DFUC2022_train_masks\100110.png,640,480,640,480,DFUC2022_train_release
data\raw\DFUC2022_train_release\DFUC2022_train_images\100111.jpg,data\raw\DFUC2022_train_release\DFUC2022_train_masks\100111.png,640,480,640,480,DFUC2022_train_release
data\raw\DFUC2022_train_release\DFUC2022_train_images\100112.jpg,data\raw\DFUC2022_train_release\DFUC2022_train_masks\100112.png,640,480,640,480,DFUC2022_train_release
data\raw\DFUC2022_train_release\DFUC2022_train_images\100113.jpg,data\raw\DFUC2022_train_release\DFUC2022_train_masks\100113.png,640,480,640,480,DFUC2022_train_release
data\raw\DFUC2022_train_release\DFUC2022_train_images\100114.jpg,data\raw\DFUC2022_train_release\DFUC2022_train_masks\100114.png,640,480,640,480,DFUC2022_train_release
data\raw\DFUC2022_train_release\DFUC2022_train_images\100115.jpg,data\raw\DFUC2022_train_release\DFUC2022_train_masks\100115.png,640,480,640,480,DFUC2022_train_release
data\raw\DFUC2022_train_release\DFUC2022_train_images\100116.jpg,data\raw\DFUC2022_train_release\DFUC2022_train_masks\100116.png,640,480,640,480,DFUC2022_train_release
data\raw\DFUC2022_train_release\DFUC2022_train_images\100117.jpg,data\raw\DFUC2022_train_release\DFUC2022_train_masks\100117.png,640,480,640,480,DFUC2022_train_release
data\raw\DFUC2022_train_release\DFUC2022_train_images\100118.jpg,data\raw\DFUC2022_train_release\DFUC2022_train_masks\100118.png,640,480,640,480,DFUC2022_train_release
data\raw\DFUC2022_train_release\DFUC2022_train_images\100119.jpg,data\raw\DFUC2022_train_release\DFUC2022_train_masks\100119.png,640,480,640,480,DFUC2022_train_release
data\raw\DFUC2022_train_release\DFUC2022_train_images\100120.jpg,data\raw\DFUC2022_train_release\DFUC2022_train_masks\100120.png,640,480,640,480,DFUC2022_train_release
data\raw\DFUC2022_train_release\DFUC2022_train_images\100121.jpg,data\raw\DFUC2022_train_release\DFUC2022_train_masks\100121.png,640,480,640,480,DFUC2022_train_release
data\raw\DFUC2022_train_release\DFUC2022_train_images\100122.jpg,data\raw\DFUC2022_train_release\DFUC2022_train_masks\100122.png,640,480,640,480,DFUC2022_train_release
data\raw\DFUC2022_train_release\DFUC2022_train_images\100123.jpg,data\raw\DFUC2022_train_release\DFUC2022_train_masks\100123.png,640,480,640,480,DFUC2022_train_release
data\raw\DFUC2022_train_release\DFUC2022_train_images\100124.jpg,data\raw\DFUC2022_train_release\DFUC2022_train_masks\100124.png,640,480,640,480,DFUC2022_train_release
data\raw\DFUC2022_train_release\DFUC2022_train_images\100125.jpg,data\raw\DFUC2022_train_release\DFUC2022_train_masks\100125.png,640,480,640,480,DFUC2022_train_release
data\raw\DFUC2022_train_release\DFUC2022_train_images\100126.jpg,data\raw\DFUC2022_train_release\DFUC2022_train_masks\100126.png,640,480,640,480,DFUC2022_train_release
data\raw\DFUC2022_train_release\DFUC2022_train_images\100127.jpg,data\raw\DFUC2022_train_release\DFUC2022_train_masks\100127.png,640,480,640,480,DFUC2022_train_release
data\raw\DFUC2022_train_release\DFUC2022_train_images\100128.jpg,data\raw\DFUC2022_train_release\DFUC2022_train_masks\100128.png,640,480,640,480,DFUC2022_train_release
data\raw\DFUC2022_train_release\DFUC2022_train_images\100129.jpg,data\raw\DFUC2022_train_release\DFUC2022_train_masks\100129.png,640,480,640,480,DFUC2022_train_release
data\raw\DFUC2022_train_release\DFUC2022_train_images\100130.jpg,data\raw\DFUC2022_train_release\DFUC2022_train_masks\100130.png,640,480,640,480,DFUC2022_train_release
data\raw\DFUC2022_train_release\DFUC2022_train_images\100131.jpg,data\raw\DFUC2022_train_release\DFUC2022_train_masks\100131.png,640,480,640,480,DFUC2022_train_release
data\raw\DFUC2022_train_release\DFUC2022_train_images\100132.jpg,data\raw\DFUC2022_train_release\DFUC2022_train_masks\100132.png,640,480,640,480,DFUC2022_train_release
data\raw\DFUC2022_train_release\DFUC2022_train_images\100133.jpg,data\raw\DFUC2022_train_release\DFUC2022_train_masks\100133.png,640,480,640,480,DFUC2022_train_release
data\raw\DFUC2022_train_release\DFUC2022_train_images\100134.jpg,data\raw\DFUC2022_train_release\DFUC2022_train_masks\100134.png,640,480,640,480,DFUC2022_train_release
data\raw\DFUC2022_train_release\DFUC2022_train_images\100135.jpg,data\raw\DFUC2022_train_release\DFUC2022_train_masks\100135.png,640,480,640,480,DFUC2022_train_release
data\raw\DFUC2022_train_release\DFUC2022_train_images\100136.jpg,data\raw\DFUC2022_train_release\DFUC2022_train_masks\100136.png,640,480,640,480,DFUC2022_train_release
data\raw\DFUC2022_train_release\DFUC2022_train_images\100137.jpg,data\raw\DFUC2022_train_release\DFUC2022_train_masks\100137.png,640,480,640,480,DFUC2022_train_release
data\raw\DFUC2022_train_release\DFUC2022_train_images\100138.jpg,data\raw\DFUC2022_train_release\DFUC2022_train_masks\100138.png,640,480,640,480,DFUC2022_train_release
data\raw\DFUC2022_train_release\DFUC2022_train_images\100139.jpg,data\raw\DFUC2022_train_release\DFUC2022_train_masks\100139.png,640,480,640,480,DFUC2022_train_release
data\raw\DFUC2022_train_release\DFUC2022_train_images\100140.jpg,data\raw\DFUC2022_train_release\DFUC2022_train_masks\100140.png,640,480,640,480,DFUC2022_train_release
data\raw\DFUC2022_train_release\DFUC2022_train_images\100141.jpg,data\raw\DFUC2022_train_release\DFUC2022_train_masks\100141.png,640,480,640,480,DFUC2022_train_release
data\raw\DFUC2022_train_release\DFUC2022_train_images\100142.jpg,data\raw\DFUC2022_train_release\DFUC2022_train_masks\100142.png,640,480,640,480,DFUC2022_train_release
data\raw\DFUC2022_train_release\DFUC2022_train_images\100143.jpg,data\raw\DFUC2022_train_release\DFUC2022_train_masks\100143.png,640,480,640,480,DFUC2022_train_release
data\raw\DFUC2022_train_release\DFUC2022_train_images\100144.jpg,data\raw\DFUC2022_train_release\DFUC2022_train_masks\100144.png,640,480,640,480,DFUC2022_train_release
data\raw\DFUC2022_train_release\DFUC2022_train_images\100145.jpg,data\raw\DFUC2022_train_release\DFUC2022_train_masks\100145.png,640,480,640,480,DFUC2022_train_release
data\raw\DFUC2022_train_release\DFUC2022_train_images\100146.jpg,data\raw\DFUC2022_train_release\DFUC2022_train_masks\100146.png,640,480,640,480,DFUC2022_train_release
data\raw\DFUC2022_train_release\DFUC2022_train_images\100147.jpg,data\raw\DFUC2022_train_release\DFUC2022_train_masks\100147.png,640,480,640,480,DFUC2022_train_release
data\raw\DFUC2022_train_release\DFUC2022_train_images\100148.jpg,data\raw\DFUC2022_train_release\DFUC2022_train_masks\100148.png,640,480,640,480,DFUC2022_train_release
data\raw\DFUC2022_train_release\DFUC2022_train_images\100149.jpg,data\raw\DFUC2022_train_release\DFUC2022_train_masks\100149.png,640,480,640,480,DFUC2022_train_release
data\raw\DFUC2022_train_release\DFUC2022_train_images\100150.jpg,data\raw\DFUC2022_train_release\DFUC2022_train_masks\100150.png,640,480,640,480,DFUC2022_train_release
data\raw\DFUC2022_train_release\DFUC2022_train_images\100151.jpg,data\raw\DFUC2022_train_release\DFUC2022_train_masks\100151.png,640,480,640,480,DFUC2022_train_release
data\raw\DFUC2022_train_release\DFUC2022_train_images\100152.jpg,data\raw\DFUC2022_train_release\DFUC2022_train_masks\100152.png,640,480,640,480,DFUC2022_train_release
data\raw\DFUC2022_train_release\DFUC2022_train_images\100153.jpg,data\raw\DFUC2022_train_release\DFUC2022_train_masks\100153.png,640,480,640,480,DFUC2022_train_release
data\raw\DFUC2022_train_release\DFUC2022_train_images\100154.jpg,data\raw\DFUC2022_train_release\DFUC2022_train_masks\100154.png,640,480,640,480,DFUC2022_train_release
data\raw\DFUC2022_train_release\DFUC2022_train_images\100155.jpg,data\raw\DFUC2022_train_release\DFUC2022_train_masks\100155.png,640,480,640,480,DFUC2022_train_release
data\raw\DFUC2022_train_release\DFUC2022_train_images\100156.jpg,data\raw\DFUC2022_train_release\DFUC2022_train_masks\100156.png,640,480,640,480,DFUC2022_train_release
data\raw\DFUC2022_train_release\DFUC2022_train_images\100157.jpg,data\raw\DFUC2022_train_release\DFUC2022_train_masks\100157.png,640,480,640,480,DFUC2022_train_release
data\raw\DFUC2022_train_release\DFUC2022_train_images\100158.jpg,data\raw\DFUC2022_train_release\DFUC2022_train_masks\100158.png,640,480,640,480,DFUC2022_train_release
data\raw\DFUC2022_train_release\DFUC2022_train_images\100159.jpg,data\raw\DFUC2022_train_release\DFUC2022_train_masks\100159.png,640,480,640,480,DFUC2022_train_release
data\raw\DFUC2022_train_release\DFUC2022_train_images\100160.jpg,data\raw\DFUC2022_train_release\DFUC2022_train_masks\100160.png,640,480,640,480,DFUC2022_train_release
data\raw\DFUC2022_train_release\DFUC2022_train_images\100161.jpg,data\raw\DFUC2022_train_release\DFUC2022_train_masks\100161.png,640,480,640,480,DFUC2022_train_release
data\raw\DFUC2022_train_release\DFUC2022_train_images\100162.jpg,data\raw\DFUC2022_train_release\DFUC2022_train_masks\100162.png,640,480,640,480,DFUC2022_train_release
data\raw\DFUC2022_train_release\DFUC2022_train_images\100163.jpg,data\raw\DFUC2022_train_release\DFUC2022_train_masks\100163.png,640,480,640,480,DFUC2022_train_release
data\raw\DFUC2022_train_release\DFUC2022_train_images\100164.jpg,data\raw\DFUC2022_train_release\DFUC2022_train_masks\100164.png,640,480,640,480,DFUC2022_train_release
data\raw\DFUC2022_train_release\DFUC2022_train_images\100165.jpg,data\raw\DFUC2022_train_release\DFUC2022_train_masks\100165.png,640,480,640,480,DFUC2022_train_release
data\raw\DFUC2022_train_release\DFUC2022_train_images\100166.jpg,data\raw\DFUC2022_train_release\DFUC2022_train_masks\100166.png,640,480,640,480,DFUC2022_train_release
data\raw\DFUC2022_train_release\DFUC2022_train_images\100167.jpg,data\raw\DFUC2022_train_release\DFUC2022_train_masks\100167.png,640,480,640,480,DFUC2022_train_release
data\raw\DFUC2022_train_release\DFUC2022_train_images\100168.jpg,data\raw\DFUC2022_train_release\DFUC2022_train_masks\100168.png,640,480,640,480,DFUC2022_train_release
data\raw\DFUC2022_train_release\DFUC2022_train_images\100169.jpg,data\raw\DFUC2022_train_release\DFUC2022_train_masks\100169.png,640,480,640,480,DFUC2022_train_release
data\raw\DFUC2022_train_release\DFUC2022_train_images\100170.jpg,data\raw\DFUC2022_train_release\DFUC2022_train_masks\100170.png,640,480,640,480,DFUC2022_train_release
data\raw\DFUC2022_train_release\DFUC2022_train_images\100171.jpg,data\raw\DFUC2022_train_release\DFUC2022_train_masks\100171.png,640,480,640,480,DFUC2022_train_release
data\raw\DFUC2022_train_release\DFUC2022_train_images\100172.jpg,data\raw\DFUC2022_train_release\DFUC2022_train_masks\100172.png,640,480,640,480,DFUC2022_train_release
data\raw\DFUC2022_train_release\DFUC2022_train_images\100173.jpg,data\raw\DFUC2022_train_release\DFUC2022_train_masks\100173.png,640,480,640,480,DFUC2022_train_release
data\raw\DFUC2022_train_release\DFUC2022_train_images\100174.jpg,data\raw\DFUC2022_train_release\DFUC2022_train_masks\100174.png,640,480,640,480,DFUC2022_train_release
data\raw\DFUC2022_train_release\DFUC2022_train_images\100175.jpg,data\raw\DFUC2022_train_release\DFUC2022_train_masks\100175.png,640,480,640,480,DFUC2022_train_release
data\raw\DFUC2022_train_release\DFUC2022_train_images\100176.jpg,data\raw\DFUC2022_train_release\DFUC2022_train_masks\100176.png,640,480,640,480,DFUC2022_train_release
data\raw\DFUC2022_train_release\DFUC2022_train_images\100177.jpg,data\raw\DFUC2022_train_release\DFUC2022_train_masks\100177.png,640,480,640,480,DFUC2022_train_release
data\raw\DFUC2022_train_release\DFUC2022_train_images\100178.jpg,data\raw\DFUC2022_train_release\DFUC2022_train_masks\100178.png,640,480,640,480,DFUC2022_train_release
data\raw\DFUC2022_train_release\DFUC2022_train_images\100179.jpg,data\raw\DFUC2022_train_release\DFUC2022_train_masks\100179.png,640,480,640,480,DFUC2022_train_release
data\raw\DFUC2022_train_release\DFUC2022_train_images\100180.jpg,data\raw\DFUC2022_train_release\DFUC2022_train_masks\100180.png,640,480,640,480,DFUC2022_train_release
data\raw\DFUC2022_train_release\DFUC2022_train_images\100181.jpg,data\raw\DFUC2022_train_release\DFUC2022_train_masks\100181.png,640,480,640,480,DFUC2022_train_release
data\raw\DFUC2022_train_release\DFUC2022_train_images\100182.jpg,data\raw\DFUC2022_train_release\DFUC2022_train_masks\100182.png,640,480,640,480,DFUC2022_train_release
data\raw\DFUC2022_train_release\DFUC2022_train_images\100183.jpg,data\raw\DFUC2022_train_release\DFUC2022_train_masks\100183.png,640,480,640,480,DFUC2022_train_release
data\raw\DFUC2022_train_release\DFUC2022_train_images\100184.jpg,data\raw\DFUC2022_train_release\DFUC2022_train_masks\100184.png,640,480,640,480,DFUC2022_train_release
data\raw\DFUC2022_train_release\DFUC2022_train_images\100185.jpg,data\raw\DFUC2022_train_release\DFUC2022_train_masks\100185.png,640,480,640,480,DFUC2022_train_release
data\raw\DFUC2022_train_release\DFUC2022_train_images\100186.jpg,data\raw\DFUC2022_train_release\DFUC2022_train_masks\100186.png,640,480,640,480,DFUC2022_train_release
data\raw\DFUC2022_train_release\DFUC2022_train_images\100187.jpg,data\raw\DFUC2022_train_release\DFUC2022_train_masks\100187.png,640,480,640,480,DFUC2022_train_release
data\raw\DFUC2022_train_release\DFUC2022_train_images\100188.jpg,data\raw\DFUC2022_train_release\DFUC2022_train_masks\100188.png,640,480,640,480,DFUC2022_train_release
data\raw\DFUC2022_train_release\DFUC2022_train_images\100189.jpg,data\raw\DFUC2022_train_release\DFUC2022_train_masks\100189.png,640,480,640,480,DFUC2022_train_release
data\raw\DFUC2022_train_release\DFUC2022_train_images\100190.jpg,data\raw\DFUC2022_train_release\DFUC2022_train_masks\100190.png,640,480,640,480,DFUC2022_train_release
data\raw\DFUC2022_train_release\DFUC2022_train_images\100191.jpg,data\raw\DFUC2022_train_release\DFUC2022_train_masks\100191.png,640,480,640,480,DFUC2022_train_release
data\raw\DFUC2022_train_release\DFUC2022_train_images\100192.jpg,data\raw\DFUC2022_train_release\DFUC2022_train_masks\100192.png,640,480,640,480,DFUC2022_train_release
data\raw\DFUC2022_train_release\DFUC2022_train_images\100193.jpg,data\raw\DFUC2022_train_release\DFUC2022_train_masks\100193.png,640,480,640,480,DFUC2022_train_release
data\raw\DFUC2022_train_release\DFUC2022_train_images\100194.jpg,data\raw\DFUC2022_train_release\DFUC2022_train_masks\100194.png,640,480,640,480,DFUC2022_train_release
data\raw\DFUC2022_train_release\DFUC2022_train_images\100195.jpg,data\raw\DFUC2022_train_release\DFUC2022_train_masks\100195.png,640,480,640,480,DFUC2022_train_release
data\raw\DFUC2022_train_release\DFUC2022_train_images\100196.jpg,data\raw\DFUC2022_train_release\DFUC2022_train_masks\100196.png,640,480,640,480,DFUC2022_train_release
data\raw\DFUC2022_train_release\DFUC2022_train_images\100197.jpg,data\raw\DFUC2022_train_release\DFUC2022_train_masks\100197.png,640,480,640,480,DFUC2022_train_release
data\raw\DFUC2022_train_release\DFUC2022_train_images\100198.jpg,data\raw\DFUC2022_train_release\DFUC2022_train_masks\100198.png,640,480,640,480,DFUC2022_train_release
data\raw\DFUC2022_train_release\DFUC2022_train_images\100199.jpg,data\raw\DFUC2022_train_release\DFUC2022_train_masks\100199.png,640,480,640,480,DFUC2022_train_release
data\raw\DFUC2022_train_release\DFUC2022_train_images\100200.jpg,data\raw\DFUC2022_train_release\DFUC2022_train_masks\100200.png,640,480,640,480,DFUC2022_train_release
data\raw\DFUC2022_train_release\DFUC2022_train_images\100201.jpg,data\raw\DFUC2022_train_release\DFUC2022_train_masks\100201.png,640,480,640,480,DFUC2022_train_release
data\raw\DFUC2022_train_release\DFUC2022_train_images\100202.jpg,data\raw\DFUC2022_train_release\DFUC2022_train_masks\100202.png,640,480,640,480,DFUC2022_train_release
data\raw\DFUC2022_train_release\DFUC2022_train_images\100203.jpg,data\raw\DFUC2022_train_release\DFUC2022_train_masks\100203.png,640,480,640,480,DFUC2022_train_release
data\raw\DFUC2022_train_release\DFUC2022_train_images\100204.jpg,data\raw\DFUC2022_train_release\DFUC2022_train_masks\100204.png,640,480,640,480,DFUC2022_train_release
data\raw\DFUC2022_train_release\DFUC2022_train_images\100205.jpg,data\raw\DFUC2022_train_release\DFUC2022_train_masks\100205.png,640,480,640,480,DFUC2022_train_release
data\raw\DFUC2022_train_release\DFUC2022_train_images\100206.jpg,data\raw\DFUC2022_train_release\DFUC2022_train_masks\100206.png,640,480,640,480,DFUC2022_train_release
data\raw\DFUC2022_train_release\DFUC2022_train_images\100207.jpg,data\raw\DFUC2022_train_release\DFUC2022_train_masks\100207.png,640,480,640,480,DFUC2022_train_release
data\raw\DFUC2022_train_release\DFUC2022_train_images\100208.jpg,data\raw\DFUC2022_train_release\DFUC2022_train_masks\100208.png,640,480,640,480,DFUC2022_train_release
data\raw\DFUC2022_train_release\DFUC2022_train_images\100209.jpg,data\raw\DFUC2022_train_release\DFUC2022_train_masks\100209.png,640,480,640,480,DFUC2022_train_release
data\raw\DFUC2022_train_release\DFUC2022_train_images\100210.jpg,data\raw\DFUC2022_train_release\DFUC2022_train_masks\100210.png,640,480,640,480,DFUC2022_train_release
data\raw\DFUC2022_train_release\DFUC2022_train_images\100211.jpg,data\raw\DFUC2022_train_release\DFUC2022_train_masks\100211.png,640,480,640,480,DFUC2022_train_release
data\raw\DFUC2022_train_release\DFUC2022_train_images\100212.jpg,data\raw\DFUC2022_train_release\DFUC2022_train_masks\100212.png,640,480,640,480,DFUC2022_train_release
data\raw\DFUC2022_train_release\DFUC2022_train_images\100213.jpg,data\raw\DFUC2022_train_release\DFUC2022_train_masks\100213.png,640,480,640,480,DFUC2022_train_release
data\raw\DFUC2022_train_release\DFUC2022_train_images\100214.jpg,data\raw\DFUC2022_train_release\DFUC2022_train_masks\100214.png,640,480,640,480,DFUC2022_train_release
data\raw\DFUC2022_train_release\DFUC2022_train_images\100215.jpg,data\raw\DFUC2022_train_release\DFUC2022_train_masks\100215.png,640,480,640,480,DFUC2022_train_release
data\raw\DFUC2022_train_release\DFUC2022_train_images\100216.jpg,data\raw\DFUC2022_train_release\DFUC2022_train_masks\100216.png,640,480,640,480,DFUC2022_train_release
data\raw\DFUC2022_train_release\DFUC2022_train_images\100217.jpg,data\raw\DFUC2022_train_release\DFUC2022_train_masks\100217.png,640,480,640,480,DFUC2022_train_release
data\raw\DFUC2022_train_release\DFUC2022_train_images\100218.jpg,data\raw\DFUC2022_train_release\DFUC2022_train_masks\100218.png,640,480,640,480,DFUC2022_train_release
data\raw\DFUC2022_train_release\DFUC2022_train_images\100219.jpg,data\raw\DFUC2022_train_release\DFUC2022_train_masks\100219.png,640,480,640,480,DFUC2022_train_release
data\raw\DFUC2022_train_release\DFUC2022_train_images\100220.jpg,data\raw\DFUC2022_train_release\DFUC2022_train_masks\100220.png,640,480,640,480,DFUC2022_train_release
data\raw\DFUC2022_train_release\DFUC2022_train_images\100221.jpg,data\raw\DFUC2022_train_release\DFUC2022_train_masks\100221.png,640,480,640,480,DFUC2022_train_release
data\raw\DFUC2022_train_release\DFUC2022_train_images\100222.jpg,data\raw\DFUC2022_train_release\DFUC2022_train_masks\100222.png,640,480,640,480,DFUC2022_train_release
data\raw\DFUC2022_train_release\DFUC2022_train_images\100223.jpg,data\raw\DFUC2022_train_release\DFUC2022_train_masks\100223.png,640,480,640,480,DFUC2022_train_release
data\raw\DFUC2022_train_release\DFUC2022_train_images\100224.jpg,data\raw\DFUC2022_train_release\DFUC2022_train_masks\100224.png,640,480,640,480,DFUC2022_train_release
data\raw\DFUC2022_train_release\DFUC2022_train_images\100225.jpg,data\raw\DFUC2022_train_release\DFUC2022_train_masks\100225.png,640,480,640,480,DFUC2022_train_release
data\raw\DFUC2022_train_release\DFUC2022_train_images\100226.jpg,data\raw\DFUC2022_train_release\DFUC2022_train_masks\100226.png,640,480,640,480,DFUC2022_train_release
data\raw\DFUC2022_train_release\DFUC2022_train_images\100227.jpg,data\raw\DFUC2022_train_release\DFUC2022_train_masks\100227.png,640,480,640,480,DFUC2022_train_release
data\raw\DFUC2022_train_release\DFUC2022_train_images\100228.jpg,data\raw\DFUC2022_train_release\DFUC2022_train_masks\100228.png,640,480,640,480,DFUC2022_train_release
data\raw\DFUC2022_train_release\DFUC2022_train_images\100229.jpg,data\raw\DFUC2022_train_release\DFUC2022_train_masks\100229.png,640,480,640,480,DFUC2022_train_release
data\raw\DFUC2022_train_release\DFUC2022_train_images\100230.jpg,data\raw\DFUC2022_train_release\DFUC2022_train_masks\100230.png,640,480,640,480,DFUC2022_train_release
data\raw\DFUC2022_train_release\DFUC2022_train_images\100231.jpg,data\raw\DFUC2022_train_release\DFUC2022_train_masks\100231.png,640,480,640,480,DFUC2022_train_release
data\raw\DFUC2022_train_release\DFUC2022_train_images\100232.jpg,data\raw\DFUC2022_train_release\DFUC2022_train_masks\100232.png,640,480,640,480,DFUC2022_train_release
data\raw\DFUC2022_train_release\DFUC2022_train_images\100233.jpg,data\raw\DFUC2022_train_release\DFUC2022_train_masks\100233.png,640,480,640,480,DFUC2022_train_release
data\raw\DFUC2022_train_release\DFUC2022_train_images\100234.jpg,data\raw\DFUC2022_train_release\DFUC2022_train_masks\100234.png,640,480,640,480,DFUC2022_train_release
data\raw\DFUC2022_train_release\DFUC2022_train_images\100235.jpg,data\raw\DFUC2022_train_release\DFUC2022_train_masks\100235.png,640,480,640,480,DFUC2022_train_release
data\raw\DFUC2022_train_release\DFUC2022_train_images\100236.jpg,data\raw\DFUC2022_train_release\DFUC2022_train_masks\100236.png,640,480,640,480,DFUC2022_train_release
data\raw\DFUC2022_train_release\DFUC2022_train_images\100237.jpg,data\raw\DFUC2022_train_release\DFUC2022_train_masks\100237.png,640,480,640,480,DFUC2022_train_release
data\raw\DFUC2022_train_release\DFUC2022_train_images\100238.jpg,data\raw\DFUC2022_train_release\DFUC2022_train_masks\100238.png,640,480,640,480,DFUC2022_train_release
data\raw\DFUC2022_train_release\DFUC2022_train_images\100239.jpg,data\raw\DFUC2022_train_release\DFUC2022_train_masks\100239.png,640,480,640,480,DFUC2022_train_release
data\raw\DFUC2022_train_release\DFUC2022_train_images\100240.jpg,data\raw\DFUC2022_train_release\DFUC2022_train_masks\100240.png,640,480,640,480,DFUC2022_train_release
data\raw\DFUC2022_train_release\DFUC2022_train_images\100241.jpg,data\raw\DFUC2022_train_release\DFUC2022_train_masks\100241.png,640,480,640,480,DFUC2022_train_release
data\raw\DFUC2022_train_release\DFUC2022_train_images\100242.jpg,data\raw\DFUC2022_train_release\DFUC2022_train_masks\100242.png,640,480,640,480,DFUC2022_train_release
data\raw\DFUC2022_train_release\DFUC2022_train_images\100243.jpg,data\raw\DFUC2022_train_release\DFUC2022_train_masks\100243.png,640,480,640,480,DFUC2022_train_release
data\raw\DFUC2022_train_release\DFUC2022_train_images\100244.jpg,data\raw\DFUC2022_train_release\DFUC2022_train_masks\100244.png,640,480,640,480,DFUC2022_train_release
data\raw\DFUC2022_train_release\DFUC2022_train_images\100245.jpg,data\raw\DFUC2022_train_release\DFUC2022_train_masks\100245.png,640,480,640,480,DFUC2022_train_release
data\raw\DFUC2022_train_release\DFUC2022_train_images\100246.jpg,data\raw\DFUC2022_train_release\DFUC2022_train_masks\100246.png,640,480,640,480,DFUC2022_train_release
data\raw\DFUC2022_train_release\DFUC2022_train_images\100247.jpg,data\raw\DFUC2022_train_release\DFUC2022_train_masks\100247.png,640,480,640,480,DFUC2022_train_release
data\raw\DFUC2022_train_release\DFUC2022_train_images\100248.jpg,data\raw\DFUC2022_train_release\DFUC2022_train_masks\100248.png,640,480,640,480,DFUC2022_train_release
data\raw\DFUC2022_train_release\DFUC2022_train_images\100249.jpg,data\raw\DFUC2022_train_release\DFUC2022_train_masks\100249.png,640,480,640,480,DFUC2022_train_release
data\raw\DFUC2022_train_release\DFUC2022_train_images\100250.jpg,data\raw\DFUC2022_train_release\DFUC2022_train_masks\100250.png,640,480,640,480,DFUC2022_train_release
data\raw\DFUC2022_train_release\DFUC2022_train_images\100251.jpg,data\raw\DFUC2022_train_release\DFUC2022_train_masks\100251.png,640,480,640,480,DFUC2022_train_release
data\raw\DFUC2022_train_release\DFUC2022_train_images\100252.jpg,data\raw\DFUC2022_train_release\DFUC2022_train_masks\100252.png,640,480,640,480,DFUC2022_train_release
data\raw\DFUC2022_train_release\DFUC2022_train_images\100253.jpg,data\raw\DFUC2022_train_release\DFUC2022_train_masks\100253.png,640,480,640,480,DFUC2022_train_release
data\raw\DFUC2022_train_release\DFUC2022_train_images\100254.jpg,data\raw\DFUC2022_train_release\DFUC2022_train_masks\100254.png,640,480,640,480,DFUC2022_train_release
data\raw\DFUC2022_train_release\DFUC2022_train_images\100255.jpg,data\raw\DFUC2022_train_release\DFUC2022_train_masks\100255.png,640,480,640,480,DFUC2022_train_release
data\raw\DFUC2022_train_release\DFUC2022_train_images\100256.jpg,data\raw\DFUC2022_train_release\DFUC2022_train_masks\100256.png,640,480,640,480,DFUC2022_train_release
data\raw\DFUC2022_train_release\DFUC2022_train_images\100257.jpg,data\raw\DFUC2022_train_release\DFUC2022_train_masks\100257.png,640,480,640,480,DFUC2022_train_release
data\raw\DFUC2022_train_release\DFUC2022_train_images\100258.jpg,data\raw\DFUC2022_train_release\DFUC2022_train_masks\100258.png,640,480,640,480,DFUC2022_train_release
data\raw\DFUC2022_train_release\DFUC2022_train_images\100259.jpg,data\raw\DFUC2022_train_release\DFUC2022_train_masks\100259.png,640,480,640,480,DFUC2022_train_release
data\raw\DFUC2022_train_release\DFUC2022_train_images\100260.jpg,data\raw\DFUC2022_train_release\DFUC2022_train_masks\100260.png,640,480,640,480,DFUC2022_train_release
data\raw\DFUC2022_train_release\DFUC2022_train_images\100261.jpg,data\raw\DFUC2022_train_release\DFUC2022_train_masks\100261.png,640,480,640,480,DFUC2022_train_release
data\raw\DFUC2022_train_release\DFUC2022_train_images\100262.jpg,data\raw\DFUC2022_train_release\DFUC2022_train_masks\100262.png,640,480,640,480,DFUC2022_train_release
data\raw\DFUC2022_train_release\DFUC2022_train_images\100263.jpg,data\raw\DFUC2022_train_release\DFUC2022_train_masks\100263.png,640,480,640,480,DFUC2022_train_release
data\raw\DFUC2022_train_release\DFUC2022_train_images\100264.jpg,data\raw\DFUC2022_train_release\DFUC2022_train_masks\100264.png,640,480,640,480,DFUC2022_train_release
data\raw\DFUC2022_train_release\DFUC2022_train_images\100265.jpg,data\raw\DFUC2022_train_release\DFUC2022_train_masks\100265.png,640,480,640,480,DFUC2022_train_release
data\raw\DFUC2022_train_release\DFUC2022_train_images\100266.jpg,data\raw\DFUC2022_train_release\DFUC2022_train_masks\100266.png,640,480,640,480,DFUC2022_train_release
data\raw\DFUC2022_train_release\DFUC2022_train_images\100267.jpg,data\raw\DFUC2022_train_release\DFUC2022_train_masks\100267.png,640,480,640,480,DFUC2022_train_release
data\raw\DFUC2022_train_release\DFUC2022_train_images\100268.jpg,data\raw\DFUC2022_train_release\DFUC2022_train_masks\100268.png,640,480,640,480,DFUC2022_train_release
data\raw\DFUC2022_train_release\DFUC2022_train_images\100269.jpg,data\raw\DFUC2022_train_release\DFUC2022_train_masks\100269.png,640,480,640,480,DFUC2022_train_release
data\raw\DFUC2022_train_release\DFUC2022_train_images\100270.jpg,data\raw\DFUC2022_train_release\DFUC2022_train_masks\100270.png,640,480,640,480,DFUC2022_train_release
data\raw\DFUC2022_train_release\DFUC2022_train_images\100271.jpg,data\raw\DFUC2022_train_release\DFUC2022_train_masks\100271.png,640,480,640,480,DFUC2022_train_release
data\raw\DFUC2022_train_release\DFUC2022_train_images\100272.jpg,data\raw\DFUC2022_train_release\DFUC2022_train_masks\100272.png,640,480,640,480,DFUC2022_train_release
data\raw\DFUC2022_train_release\DFUC2022_train_images\100273.jpg,data\raw\DFUC2022_train_release\DFUC2022_train_masks\100273.png,640,480,640,480,DFUC2022_train_release
data\raw\DFUC2022_train_release\DFUC2022_train_images\100274.jpg,data\raw\DFUC2022_train_release\DFUC2022_train_masks\100274.png,640,480,640,480,DFUC2022_train_release
data\raw\DFUC2022_train_release\DFUC2022_train_images\100275.jpg,data\raw\DFUC2022_train_release\DFUC2022_train_masks\100275.png,640,480,640,480,DFUC2022_train_release
data\raw\DFUC2022_train_release\DFUC2022_train_images\100276.jpg,data\raw\DFUC2022_train_release\DFUC2022_train_masks\100276.png,640,480,640,480,DFUC2022_train_release
data\raw\DFUC2022_train_release\DFUC2022_train_images\100277.jpg,data\raw\DFUC2022_train_release\DFUC2022_train_masks\100277.png,640,480,640,480,DFUC2022_train_release
data\raw\DFUC2022_train_release\DFUC2022_train_images\100278.jpg,data\raw\DFUC2022_train_release\DFUC2022_train_masks\100278.png,640,480,640,480,DFUC2022_train_release
data\raw\DFUC2022_train_release\DFUC2022_train_images\100279.jpg,data\raw\DFUC2022_train_release\DFUC2022_train_masks\100279.png,640,480,640,480,DFUC2022_train_release
data\raw\DFUC2022_train_release\DFUC2022_train_images\100280.jpg,data\raw\DFUC2022_train_release\DFUC2022_train_masks\100280.png,640,480,640,480,DFUC2022_train_release
data\raw\DFUC2022_train_release\DFUC2022_train_images\100281.jpg,data\raw\DFUC2022_train_release\DFUC2022_train_masks\100281.png,640,480,640,480,DFUC2022_train_release
data\raw\DFUC2022_train_release\DFUC2022_train_images\100282.jpg,data\raw\DFUC2022_train_release\DFUC2022_train_masks\100282.png,640,480,640,480,DFUC2022_train_release
data\raw\DFUC2022_train_release\DFUC2022_train_images\100283.jpg,data\raw\DFUC2022_train_release\DFUC2022_train_masks\100283.png,640,480,640,480,DFUC2022_train_release
data\raw\DFUC2022_train_release\DFUC2022_train_images\100284.jpg,data\raw\DFUC2022_train_release\DFUC2022_train_masks\100284.png,640,480,640,480,DFUC2022_train_release
data\raw\DFUC2022_train_release\DFUC2022_train_images\100285.jpg,data\raw\DFUC2022_train_release\DFUC2022_train_masks\100285.png,640,480,640,480,DFUC2022_train_release
data\raw\DFUC2022_train_release\DFUC2022_train_images\100286.jpg,data\raw\DFUC2022_train_release\DFUC2022_train_masks\100286.png,640,480,640,480,DFUC2022_train_release
data\raw\DFUC2022_train_release\DFUC2022_train_images\100287.jpg,data\raw\DFUC2022_train_release\DFUC2022_train_masks\100287.png,640,480,640,480,DFUC2022_train_release
data\raw\DFUC2022_train_release\DFUC2022_train_images\100288.jpg,data\raw\DFUC2022_train_release\DFUC2022_train_masks\100288.png,640,480,640,480,DFUC2022_train_release
data\raw\DFUC2022_train_release\DFUC2022_train_images\100289.jpg,data\raw\DFUC2022_train_release\DFUC2022_train_masks\100289.png,640,480,640,480,DFUC2022_train_release
data\raw\DFUC2022_train_release\DFUC2022_train_images\100290.jpg,data\raw\DFUC2022_train_release\DFUC2022_train_masks\100290.png,640,480,640,480,DFUC2022_train_release
data\raw\DFUC2022_train_release\DFUC2022_train_images\100291.jpg,data\raw\DFUC2022_train_release\DFUC2022_train_masks\100291.png,640,480,640,480,DFUC2022_train_release
data\raw\DFUC2022_train_release\DFUC2022_train_images\100292.jpg,data\raw\DFUC2022_train_release\DFUC2022_train_masks\100292.png,640,480,640,480,DFUC2022_train_release
data\raw\DFUC2022_train_release\DFUC2022_train_images\100293.jpg,data\raw\DFUC2022_train_release\DFUC2022_train_masks\100293.png,640,480,640,480,DFUC2022_train_release
data\raw\DFUC2022_train_release\DFUC2022_train_images\100294.jpg,data\raw\DFUC2022_train_release\DFUC2022_train_masks\100294.png,640,480,640,480,DFUC2022_train_release
data\raw\DFUC2022_train_release\DFUC2022_train_images\100295.jpg,data\raw\DFUC2022_train_release\DFUC2022_train_masks\100295.png,640,480,640,480,DFUC2022_train_release
data\raw\DFUC2022_train_release\DFUC2022_train_images\100296.jpg,data\raw\DFUC2022_train_release\DFUC2022_train_masks\100296.png,640,480,640,480,DFUC2022_train_release
data\raw\DFUC2022_train_release\DFUC2022_train_images\100297.jpg,data\raw\DFUC2022_train_release\DFUC2022_train_masks\100297.png,640,480,640,480,DFUC2022_train_release
data\raw\DFUC2022_train_release\DFUC2022_train_images\100298.jpg,data\raw\DFUC2022_train_release\DFUC2022_train_masks\100298.png,640,480,640,480,DFUC2022_train_release
data\raw\DFUC2022_train_release\DFUC2022_train_images\100299.jpg,data\raw\DFUC2022_train_release\DFUC2022_train_masks\100299.png,640,480,640,480,DFUC2022_train_release
data\raw\DFUC2022_train_release\DFUC2022_train_images\100300.jpg,data\raw\DFUC2022_train_release\DFUC2022_train_masks\100300.png,640,480,640,480,DFUC2022_train_release
data\raw\DFUC2022_train_release\DFUC2022_train_images\100301.jpg,data\raw\DFUC2022_train_release\DFUC2022_train_masks\100301.png,640,480,640,480,DFUC2022_train_release
data\raw\DFUC2022_train_release\DFUC2022_train_images\100302.jpg,data\raw\DFUC2022_train_release\DFUC2022_train_masks\100302.png,640,480,640,480,DFUC2022_train_release
data\raw\DFUC2022_train_release\DFUC2022_train_images\100303.jpg,data\raw\DFUC2022_train_release\DFUC2022_train_masks\100303.png,640,480,640,480,DFUC2022_train_release
data\raw\DFUC2022_train_release\DFUC2022_train_images\100304.jpg,data\raw\DFUC2022_train_release\DFUC2022_train_masks\100304.png,640,480,640,480,DFUC2022_train_release
data\raw\DFUC2022_train_release\DFUC2022_train_images\100305.jpg,data\raw\DFUC2022_train_release\DFUC2022_train_masks\100305.png,640,480,640,480,DFUC2022_train_release
data\raw\DFUC2022_train_release\DFUC2022_train_images\100306.jpg,data\raw\DFUC2022_train_release\DFUC2022_train_masks\100306.png,640,480,640,480,DFUC2022_train_release
data\raw\DFUC2022_train_release\DFUC2022_train_images\100307.jpg,data\raw\DFUC2022_train_release\DFUC2022_train_masks\100307.png,640,480,640,480,DFUC2022_train_release
data\raw\DFUC2022_train_release\DFUC2022_train_images\100308.jpg,data\raw\DFUC2022_train_release\DFUC2022_train_masks\100308.png,640,480,640,480,DFUC2022_train_release
data\raw\DFUC2022_train_release\DFUC2022_train_images\100309.jpg,data\raw\DFUC2022_train_release\DFUC2022_train_masks\100309.png,640,480,640,480,DFUC2022_train_release
data\raw\DFUC2022_train_release\DFUC2022_train_images\100310.jpg,data\raw\DFUC2022_train_release\DFUC2022_train_masks\100310.png,640,480,640,480,DFUC2022_train_release
data\raw\DFUC2022_train_release\DFUC2022_train_images\100311.jpg,data\raw\DFUC2022_train_release\DFUC2022_train_masks\100311.png,640,480,640,480,DFUC2022_train_release
data\raw\DFUC2022_train_release\DFUC2022_train_images\100312.jpg,data\raw\DFUC2022_train_release\DFUC2022_train_masks\100312.png,640,480,640,480,DFUC2022_train_release
data\raw\DFUC2022_train_release\DFUC2022_train_images\100313.jpg,data\raw\DFUC2022_train_release\DFUC2022_train_masks\100313.png,640,480,640,480,DFUC2022_train_release
data\raw\DFUC2022_train_release\DFUC2022_train_images\100314.jpg,data\raw\DFUC2022_train_release\DFUC2022_train_masks\100314.png,640,480,640,480,DFUC2022_train_release
data\raw\DFUC2022_train_release\DFUC2022_train_images\100315.jpg,data\raw\DFUC2022_train_release\DFUC2022_train_masks\100315.png,640,480,640,480,DFUC2022_train_release
data\raw\DFUC2022_train_release\DFUC2022_train_images\100316.jpg,data\raw\DFUC2022_train_release\DFUC2022_train_masks\100316.png,640,480,640,480,DFUC2022_train_release
data\raw\DFUC2022_train_release\DFUC2022_train_images\100317.jpg,data\raw\DFUC2022_train_release\DFUC2022_train_masks\100317.png,640,480,640,480,DFUC2022_train_release
data\raw\DFUC2022_train_release\DFUC2022_train_images\100318.jpg,data\raw\DFUC2022_train_release\DFUC2022_train_masks\100318.png,640,480,640,480,DFUC2022_train_release
data\raw\DFUC2022_train_release\DFUC2022_train_images\100319.jpg,data\raw\DFUC2022_train_release\DFUC2022_train_masks\100319.png,640,480,640,480,DFUC2022_train_release
data\raw\DFUC2022_train_release\DFUC2022_train_images\100320.jpg,data\raw\DFUC2022_train_release\DFUC2022_train_masks\100320.png,640,480,640,480,DFUC2022_train_release
data\raw\DFUC2022_train_release\DFUC2022_train_images\100321.jpg,data\raw\DFUC2022_train_release\DFUC2022_train_masks\100321.png,640,480,640,480,DFUC2022_train_release
data\raw\DFUC2022_train_release\DFUC2022_train_images\100322.jpg,data\raw\DFUC2022_train_release\DFUC2022_train_masks\100322.png,640,480,640,480,DFUC2022_train_release
data\raw\DFUC2022_train_release\DFUC2022_train_images\100323.jpg,data\raw\DFUC2022_train_release\DFUC2022_train_masks\100323.png,640,480,640,480,DFUC2022_train_release
data\raw\DFUC2022_train_release\DFUC2022_train_images\100324.jpg,data\raw\DFUC2022_train_release\DFUC2022_train_masks\100324.png,640,480,640,480,DFUC2022_train_release
data\raw\DFUC2022_train_release\DFUC2022_train_images\100325.jpg,data\raw\DFUC2022_train_release\DFUC2022_train_masks\100325.png,640,480,640,480,DFUC2022_train_release
data\raw\DFUC2022_train_release\DFUC2022_train_images\100326.jpg,data\raw\DFUC2022_train_release\DFUC2022_train_masks\100326.png,640,480,640,480,DFUC2022_train_release
data\raw\DFUC2022_train_release\DFUC2022_train_images\100327.jpg,data\raw\DFUC2022_train_release\DFUC2022_train_masks\100327.png,640,480,640,480,DFUC2022_train_release
data\raw\DFUC2022_train_release\DFUC2022_train_images\100328.jpg,data\raw\DFUC2022_train_release\DFUC2022_train_masks\100328.png,640,480,640,480,DFUC2022_train_release
data\raw\DFUC2022_train_release\DFUC2022_train_images\100329.jpg,data\raw\DFUC2022_train_release\DFUC2022_train_masks\100329.png,640,480,640,480,DFUC2022_train_release
data\raw\DFUC2022_train_release\DFUC2022_train_images\100330.jpg,data\raw\DFUC2022_train_release\DFUC2022_train_masks\100330.png,640,480,640,480,DFUC2022_train_release
data\raw\DFUC2022_train_release\DFUC2022_train_images\100331.jpg,data\raw\DFUC2022_train_release\DFUC2022_train_masks\100331.png,640,480,640,480,DFUC2022_train_release
data\raw\DFUC2022_train_release\DFUC2022_train_images\100332.jpg,data\raw\DFUC2022_train_release\DFUC2022_train_masks\100332.png,640,480,640,480,DFUC2022_train_release
data\raw\DFUC2022_train_release\DFUC2022_train_images\100333.jpg,data\raw\DFUC2022_train_release\DFUC2022_train_masks\100333.png,640,480,640,480,DFUC2022_train_release
data\raw\DFUC2022_train_release\DFUC2022_train_images\100334.jpg,data\raw\DFUC2022_train_release\DFUC2022_train_masks\100334.png,640,480,640,480,DFUC2022_train_release
data\raw\DFUC2022_train_release\DFUC2022_train_images\100335.jpg,data\raw\DFUC2022_train_release\DFUC2022_train_masks\100335.png,640,480,640,480,DFUC2022_train_release
data\raw\DFUC2022_train_release\DFUC2022_train_images\100336.jpg,data\raw\DFUC2022_train_release\DFUC2022_train_masks\100336.png,640,480,640,480,DFUC2022_train_release
data\raw\DFUC2022_train_release\DFUC2022_train_images\100337.jpg,data\raw\DFUC2022_train_release\DFUC2022_train_masks\100337.png,640,480,640,480,DFUC2022_train_release
data\raw\DFUC2022_train_release\DFUC2022_train_images\100338.jpg,data\raw\DFUC2022_train_release\DFUC2022_train_masks\100338.png,640,480,640,480,DFUC2022_train_release
data\raw\DFUC2022_train_release\DFUC2022_train_images\100339.jpg,data\raw\DFUC2022_train_release\DFUC2022_train_masks\100339.png,640,480,640,480,DFUC2022_train_release
data\raw\DFUC2022_train_release\DFUC2022_train_images\100340.jpg,data\raw\DFUC2022_train_release\DFUC2022_train_masks\100340.png,640,480,640,480,DFUC2022_train_release
data\raw\DFUC2022_train_release\DFUC2022_train_images\100341.jpg,data\raw\DFUC2022_train_release\DFUC2022_train_masks\100341.png,640,480,640,480,DFUC2022_train_release
data\raw\DFUC2022_train_release\DFUC2022_train_images\100342.jpg,data\raw\DFUC2022_train_release\DFUC2022_train_masks\100342.png,640,480,640,480,DFUC2022_train_release
data\raw\DFUC2022_train_release\DFUC2022_train_images\100343.jpg,data\raw\DFUC2022_train_release\DFUC2022_train_masks\100343.png,640,480,640,480,DFUC2022_train_release
data\raw\DFUC2022_train_release\DFUC2022_train_images\100344.jpg,data\raw\DFUC2022_train_release\DFUC2022_train_masks\100344.png,640,480,640,480,DFUC2022_train_release
data\raw\DFUC2022_train_release\DFUC2022_train_images\100345.jpg,data\raw\DFUC2022_train_release\DFUC2022_train_masks\100345.png,640,480,640,480,DFUC2022_train_release
data\raw\DFUC2022_train_release\DFUC2022_train_images\100346.jpg,data\raw\DFUC2022_train_release\DFUC2022_train_masks\100346.png,640,480,640,480,DFUC2022_train_release
data\raw\DFUC2022_train_release\DFUC2022_train_images\100347.jpg,data\raw\DFUC2022_train_release\DFUC2022_train_masks\100347.png,640,480,640,480,DFUC2022_train_release
data\raw\DFUC2022_train_release\DFUC2022_train_images\100348.jpg,data\raw\DFUC2022_train_release\DFUC2022_train_masks\100348.png,640,480,640,480,DFUC2022_train_release
data\raw\DFUC2022_train_release\DFUC2022_train_images\100349.jpg,data\raw\DFUC2022_train_release\DFUC2022_train_masks\100349.png,640,480,640,480,DFUC2022_train_release
data\raw\DFUC2022_train_release\DFUC2022_train_images\100350.jpg,data\raw\DFUC2022_train_release\DFUC2022_train_masks\100350.png,640,480,640,480,DFUC2022_train_release
data\raw\DFUC2022_train_release\DFUC2022_train_images\100351.jpg,data\raw\DFUC2022_train_release\DFUC2022_train_masks\100351.png,640,480,640,480,DFUC2022_train_release
data\raw\DFUC2022_train_release\DFUC2022_train_images\100352.jpg,data\raw\DFUC2022_train_release\DFUC2022_train_masks\100352.png,640,480,640,480,DFUC2022_train_release
data\raw\DFUC2022_train_release\DFUC2022_train_images\100353.jpg,data\raw\DFUC2022_train_release\DFUC2022_train_masks\100353.png,640,480,640,480,DFUC2022_train_release
data\raw\DFUC2022_train_release\DFUC2022_train_images\100354.jpg,data\raw\DFUC2022_train_release\DFUC2022_train_masks\100354.png,640,480,640,480,DFUC2022_train_release
data\raw\DFUC2022_train_release\DFUC2022_train_images\100355.jpg,data\raw\DFUC2022_train_release\DFUC2022_train_masks\100355.png,640,480,640,480,DFUC2022_train_release
data\raw\DFUC2022_train_release\DFUC2022_train_images\100356.jpg,data\raw\DFUC2022_train_release\DFUC2022_train_masks\100356.png,640,480,640,480,DFUC2022_train_release
data\raw\DFUC2022_train_release\DFUC2022_train_images\100357.jpg,data\raw\DFUC2022_train_release\DFUC2022_train_masks\100357.png,640,480,640,480,DFUC2022_train_release
data\raw\DFUC2022_train_release\DFUC2022_train_images\100358.jpg,data\raw\DFUC2022_train_release\DFUC2022_train_masks\100358.png,640,480,640,480,DFUC2022_train_release
data\raw\DFUC2022_train_release\DFUC2022_train_images\100359.jpg,data\raw\DFUC2022_train_release\DFUC2022_train_masks\100359.png,640,480,640,480,DFUC2022_train_release
data\raw\DFUC2022_train_release\DFUC2022_train_images\100360.jpg,data\raw\DFUC2022_train_release\DFUC2022_train_masks\100360.png,640,480,640,480,DFUC2022_train_release
data\raw\DFUC2022_train_release\DFUC2022_train_images\100361.jpg,data\raw\DFUC2022_train_release\DFUC2022_train_masks\100361.png,640,480,640,480,DFUC2022_train_release
data\raw\DFUC2022_train_release\DFUC2022_train_images\100362.jpg,data\raw\DFUC2022_train_release\DFUC2022_train_masks\100362.png,640,480,640,480,DFUC2022_train_release
data\raw\DFUC2022_train_release\DFUC2022_train_images\100363.jpg,data\raw\DFUC2022_train_release\DFUC2022_train_masks\100363.png,640,480,640,480,DFUC2022_train_release
data\raw\DFUC2022_train_release\DFUC2022_train_images\100364.jpg,data\raw\DFUC2022_train_release\DFUC2022_train_masks\100364.png,640,480,640,480,DFUC2022_train_release
data\raw\DFUC2022_train_release\DFUC2022_train_images\100365.jpg,data\raw\DFUC2022_train_release\DFUC2022_train_masks\100365.png,640,480,640,480,DFUC2022_train_release
data\raw\DFUC2022_train_release\DFUC2022_train_images\100366.jpg,data\raw\DFUC2022_train_release\DFUC2022_train_masks\100366.png,640,480,640,480,DFUC2022_train_release
data\raw\DFUC2022_train_release\DFUC2022_train_images\100367.jpg,data\raw\DFUC2022_train_release\DFUC2022_train_masks\100367.png,640,480,640,480,DFUC2022_train_release
data\raw\DFUC2022_train_release\DFUC2022_train_images\100368.jpg,data\raw\DFUC2022_train_release\DFUC2022_train_masks\100368.png,640,480,640,480,DFUC2022_train_release
data\raw\DFUC2022_train_release\DFUC2022_train_images\100369.jpg,data\raw\DFUC2022_train_release\DFUC2022_train_masks\100369.png,640,480,640,480,DFUC2022_train_release
data\raw\DFUC2022_train_release\DFUC2022_train_images\100370.jpg,data\raw\DFUC2022_train_release\DFUC2022_train_masks\100370.png,640,480,640,480,DFUC2022_train_release
data\raw\DFUC2022_train_release\DFUC2022_train_images\100371.jpg,data\raw\DFUC2022_train_release\DFUC2022_train_masks\100371.png,640,480,640,480,DFUC2022_train_release
data\raw\DFUC2022_train_release\DFUC2022_train_images\100372.jpg,data\raw\DFUC2022_train_release\DFUC2022_train_masks\100372.png,640,480,640,480,DFUC2022_train_release
data\raw\DFUC2022_train_release\DFUC2022_train_images\100373.jpg,data\raw\DFUC2022_train_release\DFUC2022_train_masks\100373.png,640,480,640,480,DFUC2022_train_release
data\raw\DFUC2022_train_release\DFUC2022_train_images\100374.jpg,data\raw\DFUC2022_train_release\DFUC2022_train_masks\100374.png,640,480,640,480,DFUC2022_train_release
data\raw\DFUC2022_train_release\DFUC2022_train_images\100375.jpg,data\raw\DFUC2022_train_release\DFUC2022_train_masks\100375.png,640,480,640,480,DFUC2022_train_release
data\raw\DFUC2022_train_release\DFUC2022_train_images\100376.jpg,data\raw\DFUC2022_train_release\DFUC2022_train_masks\100376.png,640,480,640,480,DFUC2022_train_release
data\raw\DFUC2022_train_release\DFUC2022_train_images\100377.jpg,data\raw\DFUC2022_train_release\DFUC2022_train_masks\100377.png,640,480,640,480,DFUC2022_train_release
data\raw\DFUC2022_train_release\DFUC2022_train_images\100378.jpg,data\raw\DFUC2022_train_release\DFUC2022_train_masks\100378.png,640,480,640,480,DFUC2022_train_release
data\raw\DFUC2022_train_release\DFUC2022_train_images\100379.jpg,data\raw\DFUC2022_train_release\DFUC2022_train_masks\100379.png,640,480,640,480,DFUC2022_train_release
data\raw\DFUC2022_train_release\DFUC2022_train_images\100380.jpg,data\raw\DFUC2022_train_release\DFUC2022_train_masks\100380.png,640,480,640,480,DFUC2022_train_release
data\raw\DFUC2022_train_release\DFUC2022_train_images\100381.jpg,data\raw\DFUC2022_train_release\DFUC2022_train_masks\100381.png,640,480,640,480,DFUC2022_train_release
data\raw\DFUC2022_train_release\DFUC2022_train_images\100382.jpg,data\raw\DFUC2022_train_release\DFUC2022_train_masks\100382.png,640,480,640,480,DFUC2022_train_release
data\raw\DFUC2022_train_release\DFUC2022_train_images\100383.jpg,data\raw\DFUC2022_train_release\DFUC2022_train_masks\100383.png,640,480,640,480,DFUC2022_train_release
data\raw\DFUC2022_train_release\DFUC2022_train_images\100384.jpg,data\raw\DFUC2022_train_release\DFUC2022_train_masks\100384.png,640,480,640,480,DFUC2022_train_release
data\raw\DFUC2022_train_release\DFUC2022_train_images\100385.jpg,data\raw\DFUC2022_train_release\DFUC2022_train_masks\100385.png,640,480,640,480,DFUC2022_train_release
data\raw\DFUC2022_train_release\DFUC2022_train_images\100386.jpg,data\raw\DFUC2022_train_release\DFUC2022_train_masks\100386.png,640,480,640,480,DFUC2022_train_release
data\raw\DFUC2022_train_release\DFUC2022_train_images\100387.jpg,data\raw\DFUC2022_train_release\DFUC2022_train_masks\100387.png,640,480,640,480,DFUC2022_train_release
data\raw\DFUC2022_train_release\DFUC2022_train_images\100388.jpg,data\raw\DFUC2022_train_release\DFUC2022_train_masks\100388.png,640,480,640,480,DFUC2022_train_release
data\raw\DFUC2022_train_release\DFUC2022_train_images\100389.jpg,data\raw\DFUC2022_train_release\DFUC2022_train_masks\100389.png,640,480,640,480,DFUC2022_train_release
data\raw\DFUC2022_train_release\DFUC2022_train_images\100390.jpg,data\raw\DFUC2022_train_release\DFUC2022_train_masks\100390.png,640,480,640,480,DFUC2022_train_release
data\raw\DFUC2022_train_release\DFUC2022_train_images\100391.jpg,data\raw\DFUC2022_train_release\DFUC2022_train_masks\100391.png,640,480,640,480,DFUC2022_train_release
data\raw\DFUC2022_train_release\DFUC2022_train_images\100392.jpg,data\raw\DFUC2022_train_release\DFUC2022_train_masks\100392.png,640,480,640,480,DFUC2022_train_release
data\raw\DFUC2022_train_release\DFUC2022_train_images\100393.jpg,data\raw\DFUC2022_train_release\DFUC2022_train_masks\100393.png,640,480,640,480,DFUC2022_train_release
data\raw\DFUC2022_train_release\DFUC2022_train_images\100394.jpg,data\raw\DFUC2022_train_release\DFUC2022_train_masks\100394.png,640,480,640,480,DFUC2022_train_release
data\raw\DFUC2022_train_release\DFUC2022_train_images\100395.jpg,data\raw\DFUC2022_train_release\DFUC2022_train_masks\100395.png,640,480,640,480,DFUC2022_train_release
data\raw\DFUC2022_train_release\DFUC2022_train_images\100396.jpg,data\raw\DFUC2022_train_release\DFUC2022_train_masks\100396.png,640,480,640,480,DFUC2022_train_release
data\raw\DFUC2022_train_release\DFUC2022_train_images\100397.jpg,data\raw\DFUC2022_train_release\DFUC2022_train_masks\100397.png,640,480,640,480,DFUC2022_train_release
data\raw\DFUC2022_train_release\DFUC2022_train_images\100398.jpg,data\raw\DFUC2022_train_release\DFUC2022_train_masks\100398.png,640,480,640,480,DFUC2022_train_release
data\raw\DFUC2022_train_release\DFUC2022_train_images\100399.jpg,data\raw\DFUC2022_train_release\DFUC2022_train_masks\100399.png,640,480,640,480,DFUC2022_train_release
data\raw\DFUC2022_train_release\DFUC2022_train_images\100400.jpg,data\raw\DFUC2022_train_release\DFUC2022_train_masks\100400.png,640,480,640,480,DFUC2022_train_release
data\raw\DFUC2022_train_release\DFUC2022_train_images\100401.jpg,data\raw\DFUC2022_train_release\DFUC2022_train_masks\100401.png,640,480,640,480,DFUC2022_train_release
data\raw\DFUC2022_train_release\DFUC2022_train_images\100402.jpg,data\raw\DFUC2022_train_release\DFUC2022_train_masks\100402.png,640,480,640,480,DFUC2022_train_release
data\raw\DFUC2022_train_release\DFUC2022_train_images\100403.jpg,data\raw\DFUC2022_train_release\DFUC2022_train_masks\100403.png,640,480,640,480,DFUC2022_train_release
data\raw\DFUC2022_train_release\DFUC2022_train_images\100404.jpg,data\raw\DFUC2022_train_release\DFUC2022_train_masks\100404.png,640,480,640,480,DFUC2022_train_release
data\raw\DFUC2022_train_release\DFUC2022_train_images\100405.jpg,data\raw\DFUC2022_train_release\DFUC2022_train_masks\100405.png,640,480,640,480,DFUC2022_train_release
data\raw\DFUC2022_train_release\DFUC2022_train_images\100406.jpg,data\raw\DFUC2022_train_release\DFUC2022_train_masks\100406.png,640,480,640,480,DFUC2022_train_release
data\raw\DFUC2022_train_release\DFUC2022_train_images\100407.jpg,data\raw\DFUC2022_train_release\DFUC2022_train_masks\100407.png,640,480,640,480,DFUC2022_train_release
data\raw\DFUC2022_train_release\DFUC2022_train_images\100408.jpg,data\raw\DFUC2022_train_release\DFUC2022_train_masks\100408.png,640,480,640,480,DFUC2022_train_release
data\raw\DFUC2022_train_release\DFUC2022_train_images\100409.jpg,data\raw\DFUC2022_train_release\DFUC2022_train_masks\100409.png,640,480,640,480,DFUC2022_train_release
data\raw\DFUC2022_train_release\DFUC2022_train_images\100410.jpg,data\raw\DFUC2022_train_release\DFUC2022_train_masks\100410.png,640,480,640,480,DFUC2022_train_release
data\raw\DFUC2022_train_release\DFUC2022_train_images\100411.jpg,data\raw\DFUC2022_train_release\DFUC2022_train_masks\100411.png,640,480,640,480,DFUC2022_train_release
data\raw\DFUC2022_train_release\DFUC2022_train_images\100412.jpg,data\raw\DFUC2022_train_release\DFUC2022_train_masks\100412.png,640,480,640,480,DFUC2022_train_release
data\raw\DFUC2022_train_release\DFUC2022_train_images\100413.jpg,data\raw\DFUC2022_train_release\DFUC2022_train_masks\100413.png,640,480,640,480,DFUC2022_train_release
data\raw\DFUC2022_train_release\DFUC2022_train_images\100414.jpg,data\raw\DFUC2022_train_release\DFUC2022_train_masks\100414.png,640,480,640,480,DFUC2022_train_release
data\raw\DFUC2022_train_release\DFUC2022_train_images\100415.jpg,data\raw\DFUC2022_train_release\DFUC2022_train_masks\100415.png,640,480,640,480,DFUC2022_train_release
data\raw\DFUC2022_train_release\DFUC2022_train_images\100416.jpg,data\raw\DFUC2022_train_release\DFUC2022_train_masks\100416.png,640,480,640,480,DFUC2022_train_release
data\raw\DFUC2022_train_release\DFUC2022_train_images\100417.jpg,data\raw\DFUC2022_train_release\DFUC2022_train_masks\100417.png,640,480,640,480,DFUC2022_train_release
data\raw\DFUC2022_train_release\DFUC2022_train_images\100418.jpg,data\raw\DFUC2022_train_release\DFUC2022_train_masks\100418.png,640,480,640,480,DFUC2022_train_release
data\raw\DFUC2022_train_release\DFUC2022_train_images\100419.jpg,data\raw\DFUC2022_train_release\DFUC2022_train_masks\100419.png,640,480,640,480,DFUC2022_train_release
data\raw\DFUC2022_train_release\DFUC2022_train_images\100420.jpg,data\raw\DFUC2022_train_release\DFUC2022_train_masks\100420.png,640,480,640,480,DFUC2022_train_release
data\raw\DFUC2022_train_release\DFUC2022_train_images\100421.jpg,data\raw\DFUC2022_train_release\DFUC2022_train_masks\100421.png,640,480,640,480,DFUC2022_train_release
data\raw\DFUC2022_train_release\DFUC2022_train_images\100422.jpg,data\raw\DFUC2022_train_release\DFUC2022_train_masks\100422.png,640,480,640,480,DFUC2022_train_release
data\raw\DFUC2022_train_release\DFUC2022_train_images\100423.jpg,data\raw\DFUC2022_train_release\DFUC2022_train_masks\100423.png,640,480,640,480,DFUC2022_train_release
data\raw\DFUC2022_train_release\DFUC2022_train_images\100424.jpg,data\raw\DFUC2022_train_release\DFUC2022_train_masks\100424.png,640,480,640,480,DFUC2022_train_release
data\raw\DFUC2022_train_release\DFUC2022_train_images\100425.jpg,data\raw\DFUC2022_train_release\DFUC2022_train_masks\100425.png,640,480,640,480,DFUC2022_train_release
data\raw\DFUC2022_train_release\DFUC2022_train_images\100426.jpg,data\raw\DFUC2022_train_release\DFUC2022_train_masks\100426.png,640,480,640,480,DFUC2022_train_release
data\raw\DFUC2022_train_release\DFUC2022_train_images\100427.jpg,data\raw\DFUC2022_train_release\DFUC2022_train_masks\100427.png,640,480,640,480,DFUC2022_train_release
data\raw\DFUC2022_train_release\DFUC2022_train_images\100428.jpg,data\raw\DFUC2022_train_release\DFUC2022_train_masks\100428.png,640,480,640,480,DFUC2022_train_release
data\raw\DFUC2022_train_release\DFUC2022_train_images\100429.jpg,data\raw\DFUC2022_train_release\DFUC2022_train_masks\100429.png,640,480,640,480,DFUC2022_train_release
data\raw\DFUC2022_train_release\DFUC2022_train_images\100430.jpg,data\raw\DFUC2022_train_release\DFUC2022_train_masks\100430.png,640,480,640,480,DFUC2022_train_release
data\raw\DFUC2022_train_release\DFUC2022_train_images\100431.jpg,data\raw\DFUC2022_train_release\DFUC2022_train_masks\100431.png,640,480,640,480,DFUC2022_train_release
data\raw\DFUC2022_train_release\DFUC2022_train_images\100432.jpg,data\raw\DFUC2022_train_release\DFUC2022_train_masks\100432.png,640,480,640,480,DFUC2022_train_release
data\raw\DFUC2022_train_release\DFUC2022_train_images\100433.jpg,data\raw\DFUC2022_train_release\DFUC2022_train_masks\100433.png,640,480,640,480,DFUC2022_train_release
data\raw\DFUC2022_train_release\DFUC2022_train_images\100434.jpg,data\raw\DFUC2022_train_release\DFUC2022_train_masks\100434.png,640,480,640,480,DFUC2022_train_release
data\raw\DFUC2022_train_release\DFUC2022_train_images\100435.jpg,data\raw\DFUC2022_train_release\DFUC2022_train_masks\100435.png,640,480,640,480,DFUC2022_train_release
data\raw\DFUC2022_train_release\DFUC2022_train_images\100436.jpg,data\raw\DFUC2022_train_release\DFUC2022_train_masks\100436.png,640,480,640,480,DFUC2022_train_release
data\raw\DFUC2022_train_release\DFUC2022_train_images\100437.jpg,data\raw\DFUC2022_train_release\DFUC2022_train_masks\100437.png,640,480,640,480,DFUC2022_train_release
data\raw\DFUC2022_train_release\DFUC2022_train_images\100438.jpg,data\raw\DFUC2022_train_release\DFUC2022_train_masks\100438.png,640,480,640,480,DFUC2022_train_release
data\raw\DFUC2022_train_release\DFUC2022_train_images\100439.jpg,data\raw\DFUC2022_train_release\DFUC2022_train_masks\100439.png,640,480,640,480,DFUC2022_train_release
data\raw\DFUC2022_train_release\DFUC2022_train_images\100440.jpg,data\raw\DFUC2022_train_release\DFUC2022_train_masks\100440.png,640,480,640,480,DFUC2022_train_release
data\raw\DFUC2022_train_release\DFUC2022_train_images\100441.jpg,data\raw\DFUC2022_train_release\DFUC2022_train_masks\100441.png,640,480,640,480,DFUC2022_train_release
data\raw\DFUC2022_train_release\DFUC2022_train_images\100442.jpg,data\raw\DFUC2022_train_release\DFUC2022_train_masks\100442.png,640,480,640,480,DFUC2022_train_release
data\raw\DFUC2022_train_release\DFUC2022_train_images\100443.jpg,data\raw\DFUC2022_train_release\DFUC2022_train_masks\100443.png,640,480,640,480,DFUC2022_train_release
data\raw\DFUC2022_train_release\DFUC2022_train_images\100444.jpg,data\raw\DFUC2022_train_release\DFUC2022_train_masks\100444.png,640,480,640,480,DFUC2022_train_release
data\raw\DFUC2022_train_release\DFUC2022_train_images\100445.jpg,data\raw\DFUC2022_train_release\DFUC2022_train_masks\100445.png,640,480,640,480,DFUC2022_train_release
data\raw\DFUC2022_train_release\DFUC2022_train_images\100446.jpg,data\raw\DFUC2022_train_release\DFUC2022_train_masks\100446.png,640,480,640,480,DFUC2022_train_release
data\raw\DFUC2022_train_release\DFUC2022_train_images\100447.jpg,data\raw\DFUC2022_train_release\DFUC2022_train_masks\100447.png,640,480,640,480,DFUC2022_train_release
data\raw\DFUC2022_train_release\DFUC2022_train_images\100448.jpg,data\raw\DFUC2022_train_release\DFUC2022_train_masks\100448.png,640,480,640,480,DFUC2022_train_release
data\raw\DFUC2022_train_release\DFUC2022_train_images\100449.jpg,data\raw\DFUC2022_train_release\DFUC2022_train_masks\100449.png,640,480,640,480,DFUC2022_train_release
data\raw\DFUC2022_train_release\DFUC2022_train_images\100450.jpg,data\raw\DFUC2022_train_release\DFUC2022_train_masks\100450.png,640,480,640,480,DFUC2022_train_release
data\raw\DFUC2022_train_release\DFUC2022_train_images\100451.jpg,data\raw\DFUC2022_train_release\DFUC2022_train_masks\100451.png,640,480,640,480,DFUC2022_train_release
data\raw\DFUC2022_train_release\DFUC2022_train_images\100452.jpg,data\raw\DFUC2022_train_release\DFUC2022_train_masks\100452.png,640,480,640,480,DFUC2022_train_release
data\raw\DFUC2022_train_release\DFUC2022_train_images\100453.jpg,data\raw\DFUC2022_train_release\DFUC2022_train_masks\100453.png,640,480,640,480,DFUC2022_train_release
data\raw\DFUC2022_train_release\DFUC2022_train_images\100454.jpg,data\raw\DFUC2022_train_release\DFUC2022_train_masks\100454.png,640,480,640,480,DFUC2022_train_release
data\raw\DFUC2022_train_release\DFUC2022_train_images\100455.jpg,data\raw\DFUC2022_train_release\DFUC2022_train_masks\100455.png,640,480,640,480,DFUC2022_train_release
data\raw\DFUC2022_train_release\DFUC2022_train_images\100456.jpg,data\raw\DFUC2022_train_release\DFUC2022_train_masks\100456.png,640,480,640,480,DFUC2022_train_release
data\raw\DFUC2022_train_release\DFUC2022_train_images\100457.jpg,data\raw\DFUC2022_train_release\DFUC2022_train_masks\100457.png,640,480,640,480,DFUC2022_train_release
data\raw\DFUC2022_train_release\DFUC2022_train_images\100458.jpg,data\raw\DFUC2022_train_release\DFUC2022_train_masks\100458.png,640,480,640,480,DFUC2022_train_release
data\raw\DFUC2022_train_release\DFUC2022_train_images\100459.jpg,data\raw\DFUC2022_train_release\DFUC2022_train_masks\100459.png,640,480,640,480,DFUC2022_train_release
data\raw\DFUC2022_train_release\DFUC2022_train_images\100460.jpg,data\raw\DFUC2022_train_release\DFUC2022_train_masks\100460.png,640,480,640,480,DFUC2022_train_release
data\raw\DFUC2022_train_release\DFUC2022_train_images\100461.jpg,data\raw\DFUC2022_train_release\DFUC2022_train_masks\100461.png,640,480,640,480,DFUC2022_train_release
data\raw\DFUC2022_train_release\DFUC2022_train_images\100462.jpg,data\raw\DFUC2022_train_release\DFUC2022_train_masks\100462.png,640,480,640,480,DFUC2022_train_release
data\raw\DFUC2022_train_release\DFUC2022_train_images\100463.jpg,data\raw\DFUC2022_train_release\DFUC2022_train_masks\100463.png,640,480,640,480,DFUC2022_train_release
data\raw\DFUC2022_train_release\DFUC2022_train_images\100464.jpg,data\raw\DFUC2022_train_release\DFUC2022_train_masks\100464.png,640,480,640,480,DFUC2022_train_release
data\raw\DFUC2022_train_release\DFUC2022_train_images\100465.jpg,data\raw\DFUC2022_train_release\DFUC2022_train_masks\100465.png,640,480,640,480,DFUC2022_train_release
data\raw\DFUC2022_train_release\DFUC2022_train_images\100466.jpg,data\raw\DFUC2022_train_release\DFUC2022_train_masks\100466.png,640,480,640,480,DFUC2022_train_release
data\raw\DFUC2022_train_release\DFUC2022_train_images\100467.jpg,data\raw\DFUC2022_train_release\DFUC2022_train_masks\100467.png,640,480,640,480,DFUC2022_train_release
data\raw\DFUC2022_train_release\DFUC2022_train_images\100468.jpg,data\raw\DFUC2022_train_release\DFUC2022_train_masks\100468.png,640,480,640,480,DFUC2022_train_release
data\raw\DFUC2022_train_release\DFUC2022_train_images\100469.jpg,data\raw\DFUC2022_train_release\DFUC2022_train_masks\100469.png,640,480,640,480,DFUC2022_train_release
data\raw\DFUC2022_train_release\DFUC2022_train_images\100470.jpg,data\raw\DFUC2022_train_release\DFUC2022_train_masks\100470.png,640,480,640,480,DFUC2022_train_release
data\raw\DFUC2022_train_release\DFUC2022_train_images\100471.jpg,data\raw\DFUC2022_train_release\DFUC2022_train_masks\100471.png,640,480,640,480,DFUC2022_train_release
data\raw\DFUC2022_train_release\DFUC2022_train_images\100472.jpg,data\raw\DFUC2022_train_release\DFUC2022_train_masks\100472.png,640,480,640,480,DFUC2022_train_release
data\raw\DFUC2022_train_release\DFUC2022_train_images\100473.jpg,data\raw\DFUC2022_train_release\DFUC2022_train_masks\100473.png,640,480,640,480,DFUC2022_train_release
data\raw\DFUC2022_train_release\DFUC2022_train_images\100474.jpg,data\raw\DFUC2022_train_release\DFUC2022_train_masks\100474.png,640,480,640,480,DFUC2022_train_release
data\raw\DFUC2022_train_release\DFUC2022_train_images\100475.jpg,data\raw\DFUC2022_train_release\DFUC2022_train_masks\100475.png,640,480,640,480,DFUC2022_train_release
data\raw\DFUC2022_train_release\DFUC2022_train_images\100476.jpg,data\raw\DFUC2022_train_release\DFUC2022_train_masks\100476.png,640,480,640,480,DFUC2022_train_release
data\raw\DFUC2022_train_release\DFUC2022_train_images\100477.jpg,data\raw\DFUC2022_train_release\DFUC2022_train_masks\100477.png,640,480,640,480,DFUC2022_train_release
data\raw\DFUC2022_train_release\DFUC2022_train_images\100478.jpg,data\raw\DFUC2022_train_release\DFUC2022_train_masks\100478.png,640,480,640,480,DFUC2022_train_release
data\raw\DFUC2022_train_release\DFUC2022_train_images\100479.jpg,data\raw\DFUC2022_train_release\DFUC2022_train_masks\100479.png,640,480,640,480,DFUC2022_train_release
data\raw\DFUC2022_train_release\DFUC2022_train_images\100480.jpg,data\raw\DFUC2022_train_release\DFUC2022_train_masks\100480.png,640,480,640,480,DFUC2022_train_release
data\raw\DFUC2022_train_release\DFUC2022_train_images\100481.jpg,data\raw\DFUC2022_train_release\DFUC2022_train_masks\100481.png,640,480,640,480,DFUC2022_train_release
data\raw\DFUC2022_train_release\DFUC2022_train_images\100482.jpg,data\raw\DFUC2022_train_release\DFUC2022_train_masks\100482.png,640,480,640,480,DFUC2022_train_release
data\raw\DFUC2022_train_release\DFUC2022_train_images\100483.jpg,data\raw\DFUC2022_train_release\DFUC2022_train_masks\100483.png,640,480,640,480,DFUC2022_train_release
data\raw\DFUC2022_train_release\DFUC2022_train_images\100484.jpg,data\raw\DFUC2022_train_release\DFUC2022_train_masks\100484.png,640,480,640,480,DFUC2022_train_release
data\raw\DFUC2022_train_release\DFUC2022_train_images\100485.jpg,data\raw\DFUC2022_train_release\DFUC2022_train_masks\100485.png,640,480,640,480,DFUC2022_train_release
data\raw\DFUC2022_train_release\DFUC2022_train_images\100486.jpg,data\raw\DFUC2022_train_release\DFUC2022_train_masks\100486.png,640,480,640,480,DFUC2022_train_release
data\raw\DFUC2022_train_release\DFUC2022_train_images\100487.jpg,data\raw\DFUC2022_train_release\DFUC2022_train_masks\100487.png,640,480,640,480,DFUC2022_train_release
data\raw\DFUC2022_train_release\DFUC2022_train_images\100488.jpg,data\raw\DFUC2022_train_release\DFUC2022_train_masks\100488.png,640,480,640,480,DFUC2022_train_release
data\raw\DFUC2022_train_release\DFUC2022_train_images\100489.jpg,data\raw\DFUC2022_train_release\DFUC2022_train_masks\100489.png,640,480,640,480,DFUC2022_train_release
data\raw\DFUC2022_train_release\DFUC2022_train_images\100490.jpg,data\raw\DFUC2022_train_release\DFUC2022_train_masks\100490.png,640,480,640,480,DFUC2022_train_release
data\raw\DFUC2022_train_release\DFUC2022_train_images\100491.jpg,data\raw\DFUC2022_train_release\DFUC2022_train_masks\100491.png,640,480,640,480,DFUC2022_train_release
data\raw\DFUC2022_train_release\DFUC2022_train_images\100492.jpg,data\raw\DFUC2022_train_release\DFUC2022_train_masks\100492.png,640,480,640,480,DFUC2022_train_release
data\raw\DFUC2022_train_release\DFUC2022_train_images\100493.jpg,data\raw\DFUC2022_train_release\DFUC2022_train_masks\100493.png,640,480,640,480,DFUC2022_train_release
data\raw\DFUC2022_train_release\DFUC2022_train_images\100494.jpg,data\raw\DFUC2022_train_release\DFUC2022_train_masks\100494.png,640,480,640,480,DFUC2022_train_release
data\raw\DFUC2022_train_release\DFUC2022_train_images\100495.jpg,data\raw\DFUC2022_train_release\DFUC2022_train_masks\100495.png,640,480,640,480,DFUC2022_train_release
data\raw\DFUC2022_train_release\DFUC2022_train_images\100496.jpg,data\raw\DFUC2022_train_release\DFUC2022_train_masks\100496.png,640,480,640,480,DFUC2022_train_release
data\raw\DFUC2022_train_release\DFUC2022_train_images\100497.jpg,data\raw\DFUC2022_train_release\DFUC2022_train_masks\100497.png,640,480,640,480,DFUC2022_train_release
data\raw\DFUC2022_train_release\DFUC2022_train_images\100498.jpg,data\raw\DFUC2022_train_release\DFUC2022_train_masks\100498.png,640,480,640,480,DFUC2022_train_release
data\raw\DFUC2022_train_release\DFUC2022_train_images\100499.jpg,data\raw\DFUC2022_train_release\DFUC2022_train_masks\100499.png,640,480,640,480,DFUC2022_train_release
data\raw\DFUC2022_train_release\DFUC2022_train_images\100500.jpg,data\raw\DFUC2022_train_release\DFUC2022_train_masks\100500.png,640,480,640,480,DFUC2022_train_release
data\raw\DFUC2022_train_release\DFUC2022_train_images\100501.jpg,data\raw\DFUC2022_train_release\DFUC2022_train_masks\100501.png,640,480,640,480,DFUC2022_train_release
data\raw\DFUC2022_train_release\DFUC2022_train_images\100502.jpg,data\raw\DFUC2022_train_release\DFUC2022_train_masks\100502.png,640,480,640,480,DFUC2022_train_release
data\raw\DFUC2022_train_release\DFUC2022_train_images\100503.jpg,data\raw\DFUC2022_train_release\DFUC2022_train_masks\100503.png,640,480,640,480,DFUC2022_train_release
data\raw\DFUC2022_train_release\DFUC2022_train_images\100504.jpg,data\raw\DFUC2022_train_release\DFUC2022_train_masks\100504.png,640,480,640,480,DFUC2022_train_release
data\raw\DFUC2022_train_release\DFUC2022_train_images\100505.jpg,data\raw\DFUC2022_train_release\DFUC2022_train_masks\100505.png,640,480,640,480,DFUC2022_train_release
data\raw\DFUC2022_train_release\DFUC2022_train_images\100506.jpg,data\raw\DFUC2022_train_release\DFUC2022_train_masks\100506.png,640,480,640,480,DFUC2022_train_release
data\raw\DFUC2022_train_release\DFUC2022_train_images\100507.jpg,data\raw\DFUC2022_train_release\DFUC2022_train_masks\100507.png,640,480,640,480,DFUC2022_train_release
data\raw\DFUC2022_train_release\DFUC2022_train_images\100508.jpg,data\raw\DFUC2022_train_release\DFUC2022_train_masks\100508.png,640,480,640,480,DFUC2022_train_release
data\raw\DFUC2022_train_release\DFUC2022_train_images\100509.jpg,data\raw\DFUC2022_train_release\DFUC2022_train_masks\100509.png,640,480,640,480,DFUC2022_train_release
data\raw\DFUC2022_train_release\DFUC2022_train_images\100510.jpg,data\raw\DFUC2022_train_release\DFUC2022_train_masks\100510.png,640,480,640,480,DFUC2022_train_release
data\raw\DFUC2022_train_release\DFUC2022_train_images\100511.jpg,data\raw\DFUC2022_train_release\DFUC2022_train_masks\100511.png,640,480,640,480,DFUC2022_train_release
data\raw\DFUC2022_train_release\DFUC2022_train_images\100512.jpg,data\raw\DFUC2022_train_release\DFUC2022_train_masks\100512.png,640,480,640,480,DFUC2022_train_release
data\raw\DFUC2022_train_release\DFUC2022_train_images\100513.jpg,data\raw\DFUC2022_train_release\DFUC2022_train_masks\100513.png,640,480,640,480,DFUC2022_train_release
data\raw\DFUC2022_train_release\DFUC2022_train_images\100514.jpg,data\raw\DFUC2022_train_release\DFUC2022_train_masks\100514.png,640,480,640,480,DFUC2022_train_release
data\raw\DFUC2022_train_release\DFUC2022_train_images\100515.jpg,data\raw\DFUC2022_train_release\DFUC2022_train_masks\100515.png,640,480,640,480,DFUC2022_train_release
data\raw\DFUC2022_train_release\DFUC2022_train_images\100516.jpg,data\raw\DFUC2022_train_release\DFUC2022_train_masks\100516.png,640,480,640,480,DFUC2022_train_release
data\raw\DFUC2022_train_release\DFUC2022_train_images\100517.jpg,data\raw\DFUC2022_train_release\DFUC2022_train_masks\100517.png,640,480,640,480,DFUC2022_train_release
data\raw\DFUC2022_train_release\DFUC2022_train_images\100518.jpg,data\raw\DFUC2022_train_release\DFUC2022_train_masks\100518.png,640,480,640,480,DFUC2022_train_release
data\raw\DFUC2022_train_release\DFUC2022_train_images\100519.jpg,data\raw\DFUC2022_train_release\DFUC2022_train_masks\100519.png,640,480,640,480,DFUC2022_train_release
data\raw\DFUC2022_train_release\DFUC2022_train_images\100520.jpg,data\raw\DFUC2022_train_release\DFUC2022_train_masks\100520.png,640,480,640,480,DFUC2022_train_release
data\raw\DFUC2022_train_release\DFUC2022_train_images\100521.jpg,data\raw\DFUC2022_train_release\DFUC2022_train_masks\100521.png,640,480,640,480,DFUC2022_train_release
data\raw\DFUC2022_train_release\DFUC2022_train_images\100522.jpg,data\raw\DFUC2022_train_release\DFUC2022_train_masks\100522.png,640,480,640,480,DFUC2022_train_release
data\raw\DFUC2022_train_release\DFUC2022_train_images\100523.jpg,data\raw\DFUC2022_train_release\DFUC2022_train_masks\100523.png,640,480,640,480,DFUC2022_train_release
data\raw\DFUC2022_train_release\DFUC2022_train_images\100524.jpg,data\raw\DFUC2022_train_release\DFUC2022_train_masks\100524.png,640,480,640,480,DFUC2022_train_release
data\raw\DFUC2022_train_release\DFUC2022_train_images\100525.jpg,data\raw\DFUC2022_train_release\DFUC2022_train_masks\100525.png,640,480,640,480,DFUC2022_train_release
data\raw\DFUC2022_train_release\DFUC2022_train_images\100526.jpg,data\raw\DFUC2022_train_release\DFUC2022_train_masks\100526.png,640,480,640,480,DFUC2022_train_release
data\raw\DFUC2022_train_release\DFUC2022_train_images\100527.jpg,data\raw\DFUC2022_train_release\DFUC2022_train_masks\100527.png,640,480,640,480,DFUC2022_train_release
data\raw\DFUC2022_train_release\DFUC2022_train_images\100528.jpg,data\raw\DFUC2022_train_release\DFUC2022_train_masks\100528.png,640,480,640,480,DFUC2022_train_release
data\raw\DFUC2022_train_release\DFUC2022_train_images\100529.jpg,data\raw\DFUC2022_train_release\DFUC2022_train_masks\100529.png,640,480,640,480,DFUC2022_train_release
data\raw\DFUC2022_train_release\DFUC2022_train_images\100530.jpg,data\raw\DFUC2022_train_release\DFUC2022_train_masks\100530.png,640,480,640,480,DFUC2022_train_release
data\raw\DFUC2022_train_release\DFUC2022_train_images\100531.jpg,data\raw\DFUC2022_train_release\DFUC2022_train_masks\100531.png,640,480,640,480,DFUC2022_train_release
data\raw\DFUC2022_train_release\DFUC2022_train_images\100532.jpg,data\raw\DFUC2022_train_release\DFUC2022_train_masks\100532.png,640,480,640,480,DFUC2022_train_release
data\raw\DFUC2022_train_release\DFUC2022_train_images\100533.jpg,data\raw\DFUC2022_train_release\DFUC2022_train_masks\100533.png,640,480,640,480,DFUC2022_train_release
data\raw\DFUC2022_train_release\DFUC2022_train_images\100534.jpg,data\raw\DFUC2022_train_release\DFUC2022_train_masks\100534.png,640,480,640,480,DFUC2022_train_release
data\raw\DFUC2022_train_release\DFUC2022_train_images\100535.jpg,data\raw\DFUC2022_train_release\DFUC2022_train_masks\100535.png,640,480,640,480,DFUC2022_train_release
data\raw\DFUC2022_train_release\DFUC2022_train_images\100536.jpg,data\raw\DFUC2022_train_release\DFUC2022_train_masks\100536.png,640,480,640,480,DFUC2022_train_release
data\raw\DFUC2022_train_release\DFUC2022_train_images\100537.jpg,data\raw\DFUC2022_train_release\DFUC2022_train_masks\100537.png,640,480,640,480,DFUC2022_train_release
data\raw\DFUC2022_train_release\DFUC2022_train_images\100538.jpg,data\raw\DFUC2022_train_release\DFUC2022_train_masks\100538.png,640,480,640,480,DFUC2022_train_release
data\raw\DFUC2022_train_release\DFUC2022_train_images\100539.jpg,data\raw\DFUC2022_train_release\DFUC2022_train_masks\100539.png,640,480,640,480,DFUC2022_train_release
data\raw\DFUC2022_train_release\DFUC2022_train_images\100540.jpg,data\raw\DFUC2022_train_release\DFUC2022_train_masks\100540.png,640,480,640,480,DFUC2022_train_release
data\raw\DFUC2022_train_release\DFUC2022_train_images\100541.jpg,data\raw\DFUC2022_train_release\DFUC2022_train_masks\100541.png,640,480,640,480,DFUC2022_train_release
data\raw\DFUC2022_train_release\DFUC2022_train_images\100542.jpg,data\raw\DFUC2022_train_release\DFUC2022_train_masks\100542.png,640,480,640,480,DFUC2022_train_release
data\raw\DFUC2022_train_release\DFUC2022_train_images\100543.jpg,data\raw\DFUC2022_train_release\DFUC2022_train_masks\100543.png,640,480,640,480,DFUC2022_train_release
data\raw\DFUC2022_train_release\DFUC2022_train_images\100544.jpg,data\raw\DFUC2022_train_release\DFUC2022_train_masks\100544.png,640,480,640,480,DFUC2022_train_release
data\raw\DFUC2022_train_release\DFUC2022_train_images\100545.jpg,data\raw\DFUC2022_train_release\DFUC2022_train_masks\100545.png,640,480,640,480,DFUC2022_train_release
data\raw\DFUC2022_train_release\DFUC2022_train_images\100546.jpg,data\raw\DFUC2022_train_release\DFUC2022_train_masks\100546.png,640,480,640,480,DFUC2022_train_release
data\raw\DFUC2022_train_release\DFUC2022_train_images\100547.jpg,data\raw\DFUC2022_train_release\DFUC2022_train_masks\100547.png,640,480,640,480,DFUC2022_train_release
data\raw\DFUC2022_train_release\DFUC2022_train_images\100548.jpg,data\raw\DFUC2022_train_release\DFUC2022_train_masks\100548.png,640,480,640,480,DFUC2022_train_release
data\raw\DFUC2022_train_release\DFUC2022_train_images\100549.jpg,data\raw\DFUC2022_train_release\DFUC2022_train_masks\100549.png,640,480,640,480,DFUC2022_train_release
data\raw\DFUC2022_train_release\DFUC2022_train_images\100550.jpg,data\raw\DFUC2022_train_release\DFUC2022_train_masks\100550.png,640,480,640,480,DFUC2022_train_release
data\raw\DFUC2022_train_release\DFUC2022_train_images\100551.jpg,data\raw\DFUC2022_train_release\DFUC2022_train_masks\100551.png,640,480,640,480,DFUC2022_train_release
data\raw\DFUC2022_train_release\DFUC2022_train_images\100552.jpg,data\raw\DFUC2022_train_release\DFUC2022_train_masks\100552.png,640,480,640,480,DFUC2022_train_release
data\raw\DFUC2022_train_release\DFUC2022_train_images\100553.jpg,data\raw\DFUC2022_train_release\DFUC2022_train_masks\100553.png,640,480,640,480,DFUC2022_train_release
data\raw\DFUC2022_train_release\DFUC2022_train_images\100554.jpg,data\raw\DFUC2022_train_release\DFUC2022_train_masks\100554.png,640,480,640,480,DFUC2022_train_release
data\raw\DFUC2022_train_release\DFUC2022_train_images\100555.jpg,data\raw\DFUC2022_train_release\DFUC2022_train_masks\100555.png,640,480,640,480,DFUC2022_train_release
data\raw\DFUC2022_train_release\DFUC2022_train_images\100556.jpg,data\raw\DFUC2022_train_release\DFUC2022_train_masks\100556.png,640,480,640,480,DFUC2022_train_release
data\raw\DFUC2022_train_release\DFUC2022_train_images\100557.jpg,data\raw\DFUC2022_train_release\DFUC2022_train_masks\100557.png,640,480,640,480,DFUC2022_train_release
data\raw\DFUC2022_train_release\DFUC2022_train_images\100558.jpg,data\raw\DFUC2022_train_release\DFUC2022_train_masks\100558.png,640,480,640,480,DFUC2022_train_release
data\raw\DFUC2022_train_release\DFUC2022_train_images\100559.jpg,data\raw\DFUC2022_train_release\DFUC2022_train_masks\100559.png,640,480,640,480,DFUC2022_train_release
data\raw\DFUC2022_train_release\DFUC2022_train_images\100560.jpg,data\raw\DFUC2022_train_release\DFUC2022_train_masks\100560.png,640,480,640,480,DFUC2022_train_release
data\raw\DFUC2022_train_release\DFUC2022_train_images\100561.jpg,data\raw\DFUC2022_train_release\DFUC2022_train_masks\100561.png,640,480,640,480,DFUC2022_train_release
data\raw\DFUC2022_train_release\DFUC2022_train_images\100562.jpg,data\raw\DFUC2022_train_release\DFUC2022_train_masks\100562.png,640,480,640,480,DFUC2022_train_release
data\raw\DFUC2022_train_release\DFUC2022_train_images\100563.jpg,data\raw\DFUC2022_train_release\DFUC2022_train_masks\100563.png,640,480,640,480,DFUC2022_train_release
data\raw\DFUC2022_train_release\DFUC2022_train_images\100564.jpg,data\raw\DFUC2022_train_release\DFUC2022_train_masks\100564.png,640,480,640,480,DFUC2022_train_release
data\raw\DFUC2022_train_release\DFUC2022_train_images\100565.jpg,data\raw\DFUC2022_train_release\DFUC2022_train_masks\100565.png,640,480,640,480,DFUC2022_train_release
data\raw\DFUC2022_train_release\DFUC2022_train_images\100566.jpg,data\raw\DFUC2022_train_release\DFUC2022_train_masks\100566.png,640,480,640,480,DFUC2022_train_release
data\raw\DFUC2022_train_release\DFUC2022_train_images\100567.jpg,data\raw\DFUC2022_train_release\DFUC2022_train_masks\100567.png,640,480,640,480,DFUC2022_train_release
data\raw\DFUC2022_train_release\DFUC2022_train_images\100568.jpg,data\raw\DFUC2022_train_release\DFUC2022_train_masks\100568.png,640,480,640,480,DFUC2022_train_release
data\raw\DFUC2022_train_release\DFUC2022_train_images\100569.jpg,data\raw\DFUC2022_train_release\DFUC2022_train_masks\100569.png,640,480,640,480,DFUC2022_train_release
data\raw\DFUC2022_train_release\DFUC2022_train_images\100570.jpg,data\raw\DFUC2022_train_release\DFUC2022_train_masks\100570.png,640,480,640,480,DFUC2022_train_release
data\raw\DFUC2022_train_release\DFUC2022_train_images\100571.jpg,data\raw\DFUC2022_train_release\DFUC2022_train_masks\100571.png,640,480,640,480,DFUC2022_train_release
data\raw\DFUC2022_train_release\DFUC2022_train_images\100572.jpg,data\raw\DFUC2022_train_release\DFUC2022_train_masks\100572.png,640,480,640,480,DFUC2022_train_release
data\raw\DFUC2022_train_release\DFUC2022_train_images\100573.jpg,data\raw\DFUC2022_train_release\DFUC2022_train_masks\100573.png,640,480,640,480,DFUC2022_train_release
data\raw\DFUC2022_train_release\DFUC2022_train_images\100574.jpg,data\raw\DFUC2022_train_release\DFUC2022_train_masks\100574.png,640,480,640,480,DFUC2022_train_release
data\raw\DFUC2022_train_release\DFUC2022_train_images\100575.jpg,data\raw\DFUC2022_train_release\DFUC2022_train_masks\100575.png,640,480,640,480,DFUC2022_train_release
data\raw\DFUC2022_train_release\DFUC2022_train_images\100576.jpg,data\raw\DFUC2022_train_release\DFUC2022_train_masks\100576.png,640,480,640,480,DFUC2022_train_release
data\raw\DFUC2022_train_release\DFUC2022_train_images\100577.jpg,data\raw\DFUC2022_train_release\DFUC2022_train_masks\100577.png,640,480,640,480,DFUC2022_train_release
data\raw\DFUC2022_train_release\DFUC2022_train_images\100578.jpg,data\raw\DFUC2022_train_release\DFUC2022_train_masks\100578.png,640,480,640,480,DFUC2022_train_release
data\raw\DFUC2022_train_release\DFUC2022_train_images\100579.jpg,data\raw\DFUC2022_train_release\DFUC2022_train_masks\100579.png,640,480,640,480,DFUC2022_train_release
data\raw\DFUC2022_train_release\DFUC2022_train_images\100580.jpg,data\raw\DFUC2022_train_release\DFUC2022_train_masks\100580.png,640,480,640,480,DFUC2022_train_release
data\raw\DFUC2022_train_release\DFUC2022_train_images\100581.jpg,data\raw\DFUC2022_train_release\DFUC2022_train_masks\100581.png,640,480,640,480,DFUC2022_train_release
data\raw\DFUC2022_train_release\DFUC2022_train_images\100582.jpg,data\raw\DFUC2022_train_release\DFUC2022_train_masks\100582.png,640,480,640,480,DFUC2022_train_release
data\raw\DFUC2022_train_release\DFUC2022_train_images\100583.jpg,data\raw\DFUC2022_train_release\DFUC2022_train_masks\100583.png,640,480,640,480,DFUC2022_train_release
data\raw\DFUC2022_train_release\DFUC2022_train_images\100584.jpg,data\raw\DFUC2022_train_release\DFUC2022_train_masks\100584.png,640,480,640,480,DFUC2022_train_release
data\raw\DFUC2022_train_release\DFUC2022_train_images\100585.jpg,data\raw\DFUC2022_train_release\DFUC2022_train_masks\100585.png,640,480,640,480,DFUC2022_train_release
data\raw\DFUC2022_train_release\DFUC2022_train_images\100586.jpg,data\raw\DFUC2022_train_release\DFUC2022_train_masks\100586.png,640,480,640,480,DFUC2022_train_release
data\raw\DFUC2022_train_release\DFUC2022_train_images\100587.jpg,data\raw\DFUC2022_train_release\DFUC2022_train_masks\100587.png,640,480,640,480,DFUC2022_train_release
data\raw\DFUC2022_train_release\DFUC2022_train_images\100588.jpg,data\raw\DFUC2022_train_release\DFUC2022_train_masks\100588.png,640,480,640,480,DFUC2022_train_release
data\raw\DFUC2022_train_release\DFUC2022_train_images\100589.jpg,data\raw\DFUC2022_train_release\DFUC2022_train_masks\100589.png,640,480,640,480,DFUC2022_train_release
data\raw\DFUC2022_train_release\DFUC2022_train_images\100590.jpg,data\raw\DFUC2022_train_release\DFUC2022_train_masks\100590.png,640,480,640,480,DFUC2022_train_release
data\raw\DFUC2022_train_release\DFUC2022_train_images\100591.jpg,data\raw\DFUC2022_train_release\DFUC2022_train_masks\100591.png,640,480,640,480,DFUC2022_train_release
data\raw\DFUC2022_train_release\DFUC2022_train_images\100592.jpg,data\raw\DFUC2022_train_release\DFUC2022_train_masks\100592.png,640,480,640,480,DFUC2022_train_release
data\raw\DFUC2022_train_release\DFUC2022_train_images\100593.jpg,data\raw\DFUC2022_train_release\DFUC2022_train_masks\100593.png,640,480,640,480,DFUC2022_train_release
data\raw\DFUC2022_train_release\DFUC2022_train_images\100594.jpg,data\raw\DFUC2022_train_release\DFUC2022_train_masks\100594.png,640,480,640,480,DFUC2022_train_release
data\raw\DFUC2022_train_release\DFUC2022_train_images\100595.jpg,data\raw\DFUC2022_train_release\DFUC2022_train_masks\100595.png,640,480,640,480,DFUC2022_train_release
data\raw\DFUC2022_train_release\DFUC2022_train_images\100596.jpg,data\raw\DFUC2022_train_release\DFUC2022_train_masks\100596.png,640,480,640,480,DFUC2022_train_release
data\raw\DFUC2022_train_release\DFUC2022_train_images\100597.jpg,data\raw\DFUC2022_train_release\DFUC2022_train_masks\100597.png,640,480,640,480,DFUC2022_train_release
data\raw\DFUC2022_train_release\DFUC2022_train_images\100598.jpg,data\raw\DFUC2022_train_release\DFUC2022_train_masks\100598.png,640,480,640,480,DFUC2022_train_release
data\raw\DFUC2022_train_release\DFUC2022_train_images\100599.jpg,data\raw\DFUC2022_train_release\DFUC2022_train_masks\100599.png,640,480,640,480,DFUC2022_train_release
data\raw\DFUC2022_train_release\DFUC2022_train_images\100600.jpg,data\raw\DFUC2022_train_release\DFUC2022_train_masks\100600.png,640,480,640,480,DFUC2022_train_release
data\raw\DFUC2022_train_release\DFUC2022_train_images\100601.jpg,data\raw\DFUC2022_train_release\DFUC2022_train_masks\100601.png,640,480,640,480,DFUC2022_train_release
data\raw\DFUC2022_train_release\DFUC2022_train_images\100602.jpg,data\raw\DFUC2022_train_release\DFUC2022_train_masks\100602.png,640,480,640,480,DFUC2022_train_release
data\raw\DFUC2022_train_release\DFUC2022_train_images\100603.jpg,data\raw\DFUC2022_train_release\DFUC2022_train_masks\100603.png,640,480,640,480,DFUC2022_train_release
data\raw\DFUC2022_train_release\DFUC2022_train_images\100604.jpg,data\raw\DFUC2022_train_release\DFUC2022_train_masks\100604.png,640,480,640,480,DFUC2022_train_release
data\raw\DFUC2022_train_release\DFUC2022_train_images\100605.jpg,data\raw\DFUC2022_train_release\DFUC2022_train_masks\100605.png,640,480,640,480,DFUC2022_train_release
data\raw\DFUC2022_train_release\DFUC2022_train_images\100606.jpg,data\raw\DFUC2022_train_release\DFUC2022_train_masks\100606.png,640,480,640,480,DFUC2022_train_release
data\raw\DFUC2022_train_release\DFUC2022_train_images\100607.jpg,data\raw\DFUC2022_train_release\DFUC2022_train_masks\100607.png,640,480,640,480,DFUC2022_train_release
data\raw\DFUC2022_train_release\DFUC2022_train_images\100608.jpg,data\raw\DFUC2022_train_release\DFUC2022_train_masks\100608.png,640,480,640,480,DFUC2022_train_release
data\raw\DFUC2022_train_release\DFUC2022_train_images\100609.jpg,data\raw\DFUC2022_train_release\DFUC2022_train_masks\100609.png,640,480,640,480,DFUC2022_train_release
data\raw\DFUC2022_train_release\DFUC2022_train_images\100610.jpg,data\raw\DFUC2022_train_release\DFUC2022_train_masks\100610.png,640,480,640,480,DFUC2022_train_release
data\raw\DFUC2022_train_release\DFUC2022_train_images\100611.jpg,data\raw\DFUC2022_train_release\DFUC2022_train_masks\100611.png,640,480,640,480,DFUC2022_train_release
data\raw\DFUC2022_train_release\DFUC2022_train_images\100612.jpg,data\raw\DFUC2022_train_release\DFUC2022_train_masks\100612.png,640,480,640,480,DFUC2022_train_release
data\raw\DFUC2022_train_release\DFUC2022_train_images\100613.jpg,data\raw\DFUC2022_train_release\DFUC2022_train_masks\100613.png,640,480,640,480,DFUC2022_train_release
data\raw\DFUC2022_train_release\DFUC2022_train_images\100614.jpg,data\raw\DFUC2022_train_release\DFUC2022_train_masks\100614.png,640,480,640,480,DFUC2022_train_release
data\raw\DFUC2022_train_release\DFUC2022_train_images\100615.jpg,data\raw\DFUC2022_train_release\DFUC2022_train_masks\100615.png,640,480,640,480,DFUC2022_train_release
data\raw\DFUC2022_train_release\DFUC2022_train_images\100616.jpg,data\raw\DFUC2022_train_release\DFUC2022_train_masks\100616.png,640,480,640,480,DFUC2022_train_release
data\raw\DFUC2022_train_release\DFUC2022_train_images\100617.jpg,data\raw\DFUC2022_train_release\DFUC2022_train_masks\100617.png,640,480,640,480,DFUC2022_train_release
data\raw\DFUC2022_train_release\DFUC2022_train_images\100618.jpg,data\raw\DFUC2022_train_release\DFUC2022_train_masks\100618.png,640,480,640,480,DFUC2022_train_release
data\raw\DFUC2022_train_release\DFUC2022_train_images\100619.jpg,data\raw\DFUC2022_train_release\DFUC2022_train_masks\100619.png,640,480,640,480,DFUC2022_train_release
data\raw\DFUC2022_train_release\DFUC2022_train_images\100620.jpg,data\raw\DFUC2022_train_release\DFUC2022_train_masks\100620.png,640,480,640,480,DFUC2022_train_release
data\raw\DFUC2022_train_release\DFUC2022_train_images\100621.jpg,data\raw\DFUC2022_train_release\DFUC2022_train_masks\100621.png,640,480,640,480,DFUC2022_train_release
data\raw\DFUC2022_train_release\DFUC2022_train_images\100622.jpg,data\raw\DFUC2022_train_release\DFUC2022_train_masks\100622.png,640,480,640,480,DFUC2022_train_release
data\raw\DFUC2022_train_release\DFUC2022_train_images\100623.jpg,data\raw\DFUC2022_train_release\DFUC2022_train_masks\100623.png,640,480,640,480,DFUC2022_train_release
data\raw\DFUC2022_train_release\DFUC2022_train_images\100624.jpg,data\raw\DFUC2022_train_release\DFUC2022_train_masks\100624.png,640,480,640,480,DFUC2022_train_release
data\raw\DFUC2022_train_release\DFUC2022_train_images\100625.jpg,data\raw\DFUC2022_train_release\DFUC2022_train_masks\100625.png,640,480,640,480,DFUC2022_train_release
data\raw\DFUC2022_train_release\DFUC2022_train_images\100626.jpg,data\raw\DFUC2022_train_release\DFUC2022_train_masks\100626.png,640,480,640,480,DFUC2022_train_release
data\raw\DFUC2022_train_release\DFUC2022_train_images\100627.jpg,data\raw\DFUC2022_train_release\DFUC2022_train_masks\100627.png,640,480,640,480,DFUC2022_train_release
data\raw\DFUC2022_train_release\DFUC2022_train_images\100628.jpg,data\raw\DFUC2022_train_release\DFUC2022_train_masks\100628.png,640,480,640,480,DFUC2022_train_release
data\raw\DFUC2022_train_release\DFUC2022_train_images\100629.jpg,data\raw\DFUC2022_train_release\DFUC2022_train_masks\100629.png,640,480,640,480,DFUC2022_train_release
data\raw\DFUC2022_train_release\DFUC2022_train_images\100630.jpg,data\raw\DFUC2022_train_release\DFUC2022_train_masks\100630.png,640,480,640,480,DFUC2022_train_release
data\raw\DFUC2022_train_release\DFUC2022_train_images\100631.jpg,data\raw\DFUC2022_train_release\DFUC2022_train_masks\100631.png,640,480,640,480,DFUC2022_train_release
data\raw\DFUC2022_train_release\DFUC2022_train_images\100632.jpg,data\raw\DFUC2022_train_release\DFUC2022_train_masks\100632.png,640,480,640,480,DFUC2022_train_release
data\raw\DFUC2022_train_release\DFUC2022_train_images\100633.jpg,data\raw\DFUC2022_train_release\DFUC2022_train_masks\100633.png,640,480,640,480,DFUC2022_train_release
data\raw\DFUC2022_train_release\DFUC2022_train_images\100634.jpg,data\raw\DFUC2022_train_release\DFUC2022_train_masks\100634.png,640,480,640,480,DFUC2022_train_release
data\raw\DFUC2022_train_release\DFUC2022_train_images\100635.jpg,data\raw\DFUC2022_train_release\DFUC2022_train_masks\100635.png,640,480,640,480,DFUC2022_train_release
data\raw\DFUC2022_train_release\DFUC2022_train_images\100636.jpg,data\raw\DFUC2022_train_release\DFUC2022_train_masks\100636.png,640,480,640,480,DFUC2022_train_release
data\raw\DFUC2022_train_release\DFUC2022_train_images\100637.jpg,data\raw\DFUC2022_train_release\DFUC2022_train_masks\100637.png,640,480,640,480,DFUC2022_train_release
data\raw\DFUC2022_train_release\DFUC2022_train_images\100638.jpg,data\raw\DFUC2022_train_release\DFUC2022_train_masks\100638.png,640,480,640,480,DFUC2022_train_release
data\raw\DFUC2022_train_release\DFUC2022_train_images\100639.jpg,data\raw\DFUC2022_train_release\DFUC2022_train_masks\100639.png,640,480,640,480,DFUC2022_train_release
data\raw\DFUC2022_train_release\DFUC2022_train_images\100640.jpg,data\raw\DFUC2022_train_release\DFUC2022_train_masks\100640.png,640,480,640,480,DFUC2022_train_release
data\raw\DFUC2022_train_release\DFUC2022_train_images\100641.jpg,data\raw\DFUC2022_train_release\DFUC2022_train_masks\100641.png,640,480,640,480,DFUC2022_train_release
data\raw\DFUC2022_train_release\DFUC2022_train_images\100642.jpg,data\raw\DFUC2022_train_release\DFUC2022_train_masks\100642.png,640,480,640,480,DFUC2022_train_release
data\raw\DFUC2022_train_release\DFUC2022_train_images\100643.jpg,data\raw\DFUC2022_train_release\DFUC2022_train_masks\100643.png,640,480,640,480,DFUC2022_train_release
data\raw\DFUC2022_train_release\DFUC2022_train_images\100644.jpg,data\raw\DFUC2022_train_release\DFUC2022_train_masks\100644.png,640,480,640,480,DFUC2022_train_release
data\raw\DFUC2022_train_release\DFUC2022_train_images\100645.jpg,data\raw\DFUC2022_train_release\DFUC2022_train_masks\100645.png,640,480,640,480,DFUC2022_train_release
data\raw\DFUC2022_train_release\DFUC2022_train_images\100646.jpg,data\raw\DFUC2022_train_release\DFUC2022_train_masks\100646.png,640,480,640,480,DFUC2022_train_release
data\raw\DFUC2022_train_release\DFUC2022_train_images\100647.jpg,data\raw\DFUC2022_train_release\DFUC2022_train_masks\100647.png,640,480,640,480,DFUC2022_train_release
data\raw\DFUC2022_train_release\DFUC2022_train_images\100648.jpg,data\raw\DFUC2022_train_release\DFUC2022_train_masks\100648.png,640,480,640,480,DFUC2022_train_release
data\raw\DFUC2022_train_release\DFUC2022_train_images\100649.jpg,data\raw\DFUC2022_train_release\DFUC2022_train_masks\100649.png,640,480,640,480,DFUC2022_train_release
data\raw\DFUC2022_train_release\DFUC2022_train_images\100650.jpg,data\raw\DFUC2022_train_release\DFUC2022_train_masks\100650.png,640,480,640,480,DFUC2022_train_release
data\raw\DFUC2022_train_release\DFUC2022_train_images\100651.jpg,data\raw\DFUC2022_train_release\DFUC2022_train_masks\100651.png,640,480,640,480,DFUC2022_train_release
data\raw\DFUC2022_train_release\DFUC2022_train_images\100652.jpg,data\raw\DFUC2022_train_release\DFUC2022_train_masks\100652.png,640,480,640,480,DFUC2022_train_release
data\raw\DFUC2022_train_release\DFUC2022_train_images\100653.jpg,data\raw\DFUC2022_train_release\DFUC2022_train_masks\100653.png,640,480,640,480,DFUC2022_train_release
data\raw\DFUC2022_train_release\DFUC2022_train_images\100654.jpg,data\raw\DFUC2022_train_release\DFUC2022_train_masks\100654.png,640,480,640,480,DFUC2022_train_release
data\raw\DFUC2022_train_release\DFUC2022_train_images\100655.jpg,data\raw\DFUC2022_train_release\DFUC2022_train_masks\100655.png,640,480,640,480,DFUC2022_train_release
data\raw\DFUC2022_train_release\DFUC2022_train_images\100656.jpg,data\raw\DFUC2022_train_release\DFUC2022_train_masks\100656.png,640,480,640,480,DFUC2022_train_release
data\raw\DFUC2022_train_release\DFUC2022_train_images\100657.jpg,data\raw\DFUC2022_train_release\DFUC2022_train_masks\100657.png,640,480,640,480,DFUC2022_train_release
data\raw\DFUC2022_train_release\DFUC2022_train_images\100658.jpg,data\raw\DFUC2022_train_release\DFUC2022_train_masks\100658.png,640,480,640,480,DFUC2022_train_release
data\raw\DFUC2022_train_release\DFUC2022_train_images\100659.jpg,data\raw\DFUC2022_train_release\DFUC2022_train_masks\100659.png,640,480,640,480,DFUC2022_train_release
data\raw\DFUC2022_train_release\DFUC2022_train_images\100660.jpg,data\raw\DFUC2022_train_release\DFUC2022_train_masks\100660.png,640,480,640,480,DFUC2022_train_release
data\raw\DFUC2022_train_release\DFUC2022_train_images\100661.jpg,data\raw\DFUC2022_train_release\DFUC2022_train_masks\100661.png,640,480,640,480,DFUC2022_train_release
data\raw\DFUC2022_train_release\DFUC2022_train_images\100662.jpg,data\raw\DFUC2022_train_release\DFUC2022_train_masks\100662.png,640,480,640,480,DFUC2022_train_release
data\raw\DFUC2022_train_release\DFUC2022_train_images\100663.jpg,data\raw\DFUC2022_train_release\DFUC2022_train_masks\100663.png,640,480,640,480,DFUC2022_train_release
data\raw\DFUC2022_train_release\DFUC2022_train_images\100664.jpg,data\raw\DFUC2022_train_release\DFUC2022_train_masks\100664.png,640,480,640,480,DFUC2022_train_release
data\raw\DFUC2022_train_release\DFUC2022_train_images\100665.jpg,data\raw\DFUC2022_train_release\DFUC2022_train_masks\100665.png,640,480,640,480,DFUC2022_train_release
data\raw\DFUC2022_train_release\DFUC2022_train_images\100666.jpg,data\raw\DFUC2022_train_release\DFUC2022_train_masks\100666.png,640,480,640,480,DFUC2022_train_release
data\raw\DFUC2022_train_release\DFUC2022_train_images\100667.jpg,data\raw\DFUC2022_train_release\DFUC2022_train_masks\100667.png,640,480,640,480,DFUC2022_train_release
data\raw\DFUC2022_train_release\DFUC2022_train_images\100668.jpg,data\raw\DFUC2022_train_release\DFUC2022_train_masks\100668.png,640,480,640,480,DFUC2022_train_release
data\raw\DFUC2022_train_release\DFUC2022_train_images\100669.jpg,data\raw\DFUC2022_train_release\DFUC2022_train_masks\100669.png,640,480,640,480,DFUC2022_train_release
data\raw\DFUC2022_train_release\DFUC2022_train_images\100670.jpg,data\raw\DFUC2022_train_release\DFUC2022_train_masks\100670.png,640,480,640,480,DFUC2022_train_release
data\raw\DFUC2022_train_release\DFUC2022_train_images\100671.jpg,data\raw\DFUC2022_train_release\DFUC2022_train_masks\100671.png,640,480,640,480,DFUC2022_train_release
data\raw\DFUC2022_train_release\DFUC2022_train_images\100672.jpg,data\raw\DFUC2022_train_release\DFUC2022_train_masks\100672.png,640,480,640,480,DFUC2022_train_release
data\raw\DFUC2022_train_release\DFUC2022_train_images\100673.jpg,data\raw\DFUC2022_train_release\DFUC2022_train_masks\100673.png,640,480,640,480,DFUC2022_train_release
data\raw\DFUC2022_train_release\DFUC2022_train_images\100674.jpg,data\raw\DFUC2022_train_release\DFUC2022_train_masks\100674.png,640,480,640,480,DFUC2022_train_release
data\raw\DFUC2022_train_release\DFUC2022_train_images\100675.jpg,data\raw\DFUC2022_train_release\DFUC2022_train_masks\100675.png,640,480,640,480,DFUC2022_train_release
data\raw\DFUC2022_train_release\DFUC2022_train_images\100676.jpg,data\raw\DFUC2022_train_release\DFUC2022_train_masks\100676.png,640,480,640,480,DFUC2022_train_release
data\raw\DFUC2022_train_release\DFUC2022_train_images\100677.jpg,data\raw\DFUC2022_train_release\DFUC2022_train_masks\100677.png,640,480,640,480,DFUC2022_train_release
data\raw\DFUC2022_train_release\DFUC2022_train_images\100678.jpg,data\raw\DFUC2022_train_release\DFUC2022_train_masks\100678.png,640,480,640,480,DFUC2022_train_release
data\raw\DFUC2022_train_release\DFUC2022_train_images\100679.jpg,data\raw\DFUC2022_train_release\DFUC2022_train_masks\100679.png,640,480,640,480,DFUC2022_train_release
data\raw\DFUC2022_train_release\DFUC2022_train_images\100680.jpg,data\raw\DFUC2022_train_release\DFUC2022_train_masks\100680.png,640,480,640,480,DFUC2022_train_release
data\raw\DFUC2022_train_release\DFUC2022_train_images\100681.jpg,data\raw\DFUC2022_train_release\DFUC2022_train_masks\100681.png,640,480,640,480,DFUC2022_train_release
data\raw\DFUC2022_train_release\DFUC2022_train_images\100682.jpg,data\raw\DFUC2022_train_release\DFUC2022_train_masks\100682.png,640,480,640,480,DFUC2022_train_release
data\raw\DFUC2022_train_release\DFUC2022_train_images\100683.jpg,data\raw\DFUC2022_train_release\DFUC2022_train_masks\100683.png,640,480,640,480,DFUC2022_train_release
data\raw\DFUC2022_train_release\DFUC2022_train_images\100684.jpg,data\raw\DFUC2022_train_release\DFUC2022_train_masks\100684.png,640,480,640,480,DFUC2022_train_release
data\raw\DFUC2022_train_release\DFUC2022_train_images\100685.jpg,data\raw\DFUC2022_train_release\DFUC2022_train_masks\100685.png,640,480,640,480,DFUC2022_train_release
data\raw\DFUC2022_train_release\DFUC2022_train_images\100686.jpg,data\raw\DFUC2022_train_release\DFUC2022_train_masks\100686.png,640,480,640,480,DFUC2022_train_release
data\raw\DFUC2022_train_release\DFUC2022_train_images\100687.jpg,data\raw\DFUC2022_train_release\DFUC2022_train_masks\100687.png,640,480,640,480,DFUC2022_train_release
data\raw\DFUC2022_train_release\DFUC2022_train_images\100688.jpg,data\raw\DFUC2022_train_release\DFUC2022_train_masks\100688.png,640,480,640,480,DFUC2022_train_release
data\raw\DFUC2022_train_release\DFUC2022_train_images\100689.jpg,data\raw\DFUC2022_train_release\DFUC2022_train_masks\100689.png,640,480,640,480,DFUC2022_train_release
data\raw\DFUC2022_train_release\DFUC2022_train_images\100690.jpg,data\raw\DFUC2022_train_release\DFUC2022_train_masks\100690.png,640,480,640,480,DFUC2022_train_release
data\raw\DFUC2022_train_release\DFUC2022_train_images\100691.jpg,data\raw\DFUC2022_train_release\DFUC2022_train_masks\100691.png,640,480,640,480,DFUC2022_train_release
data\raw\DFUC2022_train_release\DFUC2022_train_images\100692.jpg,data\raw\DFUC2022_train_release\DFUC2022_train_masks\100692.png,640,480,640,480,DFUC2022_train_release
data\raw\DFUC2022_train_release\DFUC2022_train_images\100693.jpg,data\raw\DFUC2022_train_release\DFUC2022_train_masks\100693.png,640,480,640,480,DFUC2022_train_release
data\raw\DFUC2022_train_release\DFUC2022_train_images\100694.jpg,data\raw\DFUC2022_train_release\DFUC2022_train_masks\100694.png,640,480,640,480,DFUC2022_train_release
data\raw\DFUC2022_train_release\DFUC2022_train_images\100695.jpg,data\raw\DFUC2022_train_release\DFUC2022_train_masks\100695.png,640,480,640,480,DFUC2022_train_release
data\raw\DFUC2022_train_release\DFUC2022_train_images\100696.jpg,data\raw\DFUC2022_train_release\DFUC2022_train_masks\100696.png,640,480,640,480,DFUC2022_train_release
data\raw\DFUC2022_train_release\DFUC2022_train_images\100697.jpg,data\raw\DFUC2022_train_release\DFUC2022_train_masks\100697.png,640,480,640,480,DFUC2022_train_release
data\raw\DFUC2022_train_release\DFUC2022_train_images\100698.jpg,data\raw\DFUC2022_train_release\DFUC2022_train_masks\100698.png,640,480,640,480,DFUC2022_train_release
data\raw\DFUC2022_train_release\DFUC2022_train_images\100699.jpg,data\raw\DFUC2022_train_release\DFUC2022_train_masks\100699.png,640,480,640,480,DFUC2022_train_release
data\raw\DFUC2022_train_release\DFUC2022_train_images\100700.jpg,data\raw\DFUC2022_train_release\DFUC2022_train_masks\100700.png,640,480,640,480,DFUC2022_train_release
data\raw\DFUC2022_train_release\DFUC2022_train_images\100701.jpg,data\raw\DFUC2022_train_release\DFUC2022_train_masks\100701.png,640,480,640,480,DFUC2022_train_release
data\raw\DFUC2022_train_release\DFUC2022_train_images\100702.jpg,data\raw\DFUC2022_train_release\DFUC2022_train_masks\100702.png,640,480,640,480,DFUC2022_train_release
data\raw\DFUC2022_train_release\DFUC2022_train_images\100703.jpg,data\raw\DFUC2022_train_release\DFUC2022_train_masks\100703.png,640,480,640,480,DFUC2022_train_release
data\raw\DFUC2022_train_release\DFUC2022_train_images\100704.jpg,data\raw\DFUC2022_train_release\DFUC2022_train_masks\100704.png,640,480,640,480,DFUC2022_train_release
data\raw\DFUC2022_train_release\DFUC2022_train_images\100705.jpg,data\raw\DFUC2022_train_release\DFUC2022_train_masks\100705.png,640,480,640,480,DFUC2022_train_release
data\raw\DFUC2022_train_release\DFUC2022_train_images\100706.jpg,data\raw\DFUC2022_train_release\DFUC2022_train_masks\100706.png,640,480,640,480,DFUC2022_train_release
data\raw\DFUC2022_train_release\DFUC2022_train_images\100707.jpg,data\raw\DFUC2022_train_release\DFUC2022_train_masks\100707.png,640,480,640,480,DFUC2022_train_release
data\raw\DFUC2022_train_release\DFUC2022_train_images\100708.jpg,data\raw\DFUC2022_train_release\DFUC2022_train_masks\100708.png,640,480,640,480,DFUC2022_train_release
data\raw\DFUC2022_train_release\DFUC2022_train_images\100709.jpg,data\raw\DFUC2022_train_release\DFUC2022_train_masks\100709.png,640,480,640,480,DFUC2022_train_release
data\raw\DFUC2022_train_release\DFUC2022_train_images\100710.jpg,data\raw\DFUC2022_train_release\DFUC2022_train_masks\100710.png,640,480,640,480,DFUC2022_train_release
data\raw\DFUC2022_train_release\DFUC2022_train_images\100711.jpg,data\raw\DFUC2022_train_release\DFUC2022_train_masks\100711.png,640,480,640,480,DFUC2022_train_release
data\raw\DFUC2022_train_release\DFUC2022_train_images\100712.jpg,data\raw\DFUC2022_train_release\DFUC2022_train_masks\100712.png,640,480,640,480,DFUC2022_train_release
data\raw\DFUC2022_train_release\DFUC2022_train_images\100713.jpg,data\raw\DFUC2022_train_release\DFUC2022_train_masks\100713.png,640,480,640,480,DFUC2022_train_release
data\raw\DFUC2022_train_release\DFUC2022_train_images\100714.jpg,data\raw\DFUC2022_train_release\DFUC2022_train_masks\100714.png,640,480,640,480,DFUC2022_train_release
data\raw\DFUC2022_train_release\DFUC2022_train_images\100715.jpg,data\raw\DFUC2022_train_release\DFUC2022_train_masks\100715.png,640,480,640,480,DFUC2022_train_release
data\raw\DFUC2022_train_release\DFUC2022_train_images\100716.jpg,data\raw\DFUC2022_train_release\DFUC2022_train_masks\100716.png,640,480,640,480,DFUC2022_train_release
data\raw\DFUC2022_train_release\DFUC2022_train_images\100717.jpg,data\raw\DFUC2022_train_release\DFUC2022_train_masks\100717.png,640,480,640,480,DFUC2022_train_release
data\raw\DFUC2022_train_release\DFUC2022_train_images\100718.jpg,data\raw\DFUC2022_train_release\DFUC2022_train_masks\100718.png,640,480,640,480,DFUC2022_train_release
data\raw\DFUC2022_train_release\DFUC2022_train_images\100719.jpg,data\raw\DFUC2022_train_release\DFUC2022_train_masks\100719.png,640,480,640,480,DFUC2022_train_release
data\raw\DFUC2022_train_release\DFUC2022_train_images\100720.jpg,data\raw\DFUC2022_train_release\DFUC2022_train_masks\100720.png,640,480,640,480,DFUC2022_train_release
data\raw\DFUC2022_train_release\DFUC2022_train_images\100721.jpg,data\raw\DFUC2022_train_release\DFUC2022_train_masks\100721.png,640,480,640,480,DFUC2022_train_release
data\raw\DFUC2022_train_release\DFUC2022_train_images\100722.jpg,data\raw\DFUC2022_train_release\DFUC2022_train_masks\100722.png,640,480,640,480,DFUC2022_train_release
data\raw\DFUC2022_train_release\DFUC2022_train_images\100723.jpg,data\raw\DFUC2022_train_release\DFUC2022_train_masks\100723.png,640,480,640,480,DFUC2022_train_release
data\raw\DFUC2022_train_release\DFUC2022_train_images\100724.jpg,data\raw\DFUC2022_train_release\DFUC2022_train_masks\100724.png,640,480,640,480,DFUC2022_train_release
data\raw\DFUC2022_train_release\DFUC2022_train_images\100725.jpg,data\raw\DFUC2022_train_release\DFUC2022_train_masks\100725.png,640,480,640,480,DFUC2022_train_release
data\raw\DFUC2022_train_release\DFUC2022_train_images\100726.jpg,data\raw\DFUC2022_train_release\DFUC2022_train_masks\100726.png,640,480,640,480,DFUC2022_train_release
data\raw\DFUC2022_train_release\DFUC2022_train_images\100727.jpg,data\raw\DFUC2022_train_release\DFUC2022_train_masks\100727.png,640,480,640,480,DFUC2022_train_release
data\raw\DFUC2022_train_release\DFUC2022_train_images\100728.jpg,data\raw\DFUC2022_train_release\DFUC2022_train_masks\100728.png,640,480,640,480,DFUC2022_train_release
data\raw\DFUC2022_train_release\DFUC2022_train_images\100729.jpg,data\raw\DFUC2022_train_release\DFUC2022_train_masks\100729.png,640,480,640,480,DFUC2022_train_release
data\raw\DFUC2022_train_release\DFUC2022_train_images\100730.jpg,data\raw\DFUC2022_train_release\DFUC2022_train_masks\100730.png,640,480,640,480,DFUC2022_train_release
data\raw\DFUC2022_train_release\DFUC2022_train_images\100731.jpg,data\raw\DFUC2022_train_release\DFUC2022_train_masks\100731.png,640,480,640,480,DFUC2022_train_release
data\raw\DFUC2022_train_release\DFUC2022_train_images\100732.jpg,data\raw\DFUC2022_train_release\DFUC2022_train_masks\100732.png,640,480,640,480,DFUC2022_train_release
data\raw\DFUC2022_train_release\DFUC2022_train_images\100733.jpg,data\raw\DFUC2022_train_release\DFUC2022_train_masks\100733.png,640,480,640,480,DFUC2022_train_release
data\raw\DFUC2022_train_release\DFUC2022_train_images\100734.jpg,data\raw\DFUC2022_train_release\DFUC2022_train_masks\100734.png,640,480,640,480,DFUC2022_train_release
data\raw\DFUC2022_train_release\DFUC2022_train_images\100735.jpg,data\raw\DFUC2022_train_release\DFUC2022_train_masks\100735.png,640,480,640,480,DFUC2022_train_release
data\raw\DFUC2022_train_release\DFUC2022_train_images\100736.jpg,data\raw\DFUC2022_train_release\DFUC2022_train_masks\100736.png,640,480,640,480,DFUC2022_train_release
data\raw\DFUC2022_train_release\DFUC2022_train_images\100737.jpg,data\raw\DFUC2022_train_release\DFUC2022_train_masks\100737.png,640,480,640,480,DFUC2022_train_release
data\raw\DFUC2022_train_release\DFUC2022_train_images\100738.jpg,data\raw\DFUC2022_train_release\DFUC2022_train_masks\100738.png,640,480,640,480,DFUC2022_train_release
data\raw\DFUC2022_train_release\DFUC2022_train_images\100739.jpg,data\raw\DFUC2022_train_release\DFUC2022_train_masks\100739.png,640,480,640,480,DFUC2022_train_release
data\raw\DFUC2022_train_release\DFUC2022_train_images\100740.jpg,data\raw\DFUC2022_train_release\DFUC2022_train_masks\100740.png,640,480,640,480,DFUC2022_train_release
data\raw\DFUC2022_train_release\DFUC2022_train_images\100741.jpg,data\raw\DFUC2022_train_release\DFUC2022_train_masks\100741.png,640,480,640,480,DFUC2022_train_release
data\raw\DFUC2022_train_release\DFUC2022_train_images\100742.jpg,data\raw\DFUC2022_train_release\DFUC2022_train_masks\100742.png,640,480,640,480,DFUC2022_train_release
data\raw\DFUC2022_train_release\DFUC2022_train_images\100743.jpg,data\raw\DFUC2022_train_release\DFUC2022_train_masks\100743.png,640,480,640,480,DFUC2022_train_release
data\raw\DFUC2022_train_release\DFUC2022_train_images\100744.jpg,data\raw\DFUC2022_train_release\DFUC2022_train_masks\100744.png,640,480,640,480,DFUC2022_train_release
data\raw\DFUC2022_train_release\DFUC2022_train_images\100745.jpg,data\raw\DFUC2022_train_release\DFUC2022_train_masks\100745.png,640,480,640,480,DFUC2022_train_release
data\raw\DFUC2022_train_release\DFUC2022_train_images\100746.jpg,data\raw\DFUC2022_train_release\DFUC2022_train_masks\100746.png,640,480,640,480,DFUC2022_train_release
data\raw\DFUC2022_train_release\DFUC2022_train_images\100747.jpg,data\raw\DFUC2022_train_release\DFUC2022_train_masks\100747.png,640,480,640,480,DFUC2022_train_release
data\raw\DFUC2022_train_release\DFUC2022_train_images\100748.jpg,data\raw\DFUC2022_train_release\DFUC2022_train_masks\100748.png,640,480,640,480,DFUC2022_train_release
data\raw\DFUC2022_train_release\DFUC2022_train_images\100749.jpg,data\raw\DFUC2022_train_release\DFUC2022_train_masks\100749.png,640,480,640,480,DFUC2022_train_release
data\raw\DFUC2022_train_release\DFUC2022_train_images\100750.jpg,data\raw\DFUC2022_train_release\DFUC2022_train_masks\100750.png,640,480,640,480,DFUC2022_train_release
data\raw\DFUC2022_train_release\DFUC2022_train_images\100751.jpg,data\raw\DFUC2022_train_release\DFUC2022_train_masks\100751.png,640,480,640,480,DFUC2022_train_release
data\raw\DFUC2022_train_release\DFUC2022_train_images\100752.jpg,data\raw\DFUC2022_train_release\DFUC2022_train_masks\100752.png,640,480,640,480,DFUC2022_train_release
data\raw\DFUC2022_train_release\DFUC2022_train_images\100753.jpg,data\raw\DFUC2022_train_release\DFUC2022_train_masks\100753.png,640,480,640,480,DFUC2022_train_release
data\raw\DFUC2022_train_release\DFUC2022_train_images\100754.jpg,data\raw\DFUC2022_train_release\DFUC2022_train_masks\100754.png,640,480,640,480,DFUC2022_train_release
data\raw\DFUC2022_train_release\DFUC2022_train_images\100755.jpg,data\raw\DFUC2022_train_release\DFUC2022_train_masks\100755.png,640,480,640,480,DFUC2022_train_release
data\raw\DFUC2022_train_release\DFUC2022_train_images\100756.jpg,data\raw\DFUC2022_train_release\DFUC2022_train_masks\100756.png,640,480,640,480,DFUC2022_train_release
data\raw\DFUC2022_train_release\DFUC2022_train_images\100757.jpg,data\raw\DFUC2022_train_release\DFUC2022_train_masks\100757.png,640,480,640,480,DFUC2022_train_release
data\raw\DFUC2022_train_release\DFUC2022_train_images\100758.jpg,data\raw\DFUC2022_train_release\DFUC2022_train_masks\100758.png,640,480,640,480,DFUC2022_train_release
data\raw\DFUC2022_train_release\DFUC2022_train_images\100759.jpg,data\raw\DFUC2022_train_release\DFUC2022_train_masks\100759.png,640,480,640,480,DFUC2022_train_release
data\raw\DFUC2022_train_release\DFUC2022_train_images\100760.jpg,data\raw\DFUC2022_train_release\DFUC2022_train_masks\100760.png,640,480,640,480,DFUC2022_train_release
data\raw\DFUC2022_train_release\DFUC2022_train_images\100761.jpg,data\raw\DFUC2022_train_release\DFUC2022_train_masks\100761.png,640,480,640,480,DFUC2022_train_release
data\raw\DFUC2022_train_release\DFUC2022_train_images\100762.jpg,data\raw\DFUC2022_train_release\DFUC2022_train_masks\100762.png,640,480,640,480,DFUC2022_train_release
data\raw\DFUC2022_train_release\DFUC2022_train_images\100763.jpg,data\raw\DFUC2022_train_release\DFUC2022_train_masks\100763.png,640,480,640,480,DFUC2022_train_release
data\raw\DFUC2022_train_release\DFUC2022_train_images\100764.jpg,data\raw\DFUC2022_train_release\DFUC2022_train_masks\100764.png,640,480,640,480,DFUC2022_train_release
data\raw\DFUC2022_train_release\DFUC2022_train_images\100765.jpg,data\raw\DFUC2022_train_release\DFUC2022_train_masks\100765.png,640,480,640,480,DFUC2022_train_release
data\raw\DFUC2022_train_release\DFUC2022_train_images\100766.jpg,data\raw\DFUC2022_train_release\DFUC2022_train_masks\100766.png,640,480,640,480,DFUC2022_train_release
data\raw\DFUC2022_train_release\DFUC2022_train_images\100767.jpg,data\raw\DFUC2022_train_release\DFUC2022_train_masks\100767.png,640,480,640,480,DFUC2022_train_release
data\raw\DFUC2022_train_release\DFUC2022_train_images\100768.jpg,data\raw\DFUC2022_train_release\DFUC2022_train_masks\100768.png,640,480,640,480,DFUC2022_train_release
data\raw\DFUC2022_train_release\DFUC2022_train_images\100769.jpg,data\raw\DFUC2022_train_release\DFUC2022_train_masks\100769.png,640,480,640,480,DFUC2022_train_release
data\raw\DFUC2022_train_release\DFUC2022_train_images\100770.jpg,data\raw\DFUC2022_train_release\DFUC2022_train_masks\100770.png,640,480,640,480,DFUC2022_train_release
data\raw\DFUC2022_train_release\DFUC2022_train_images\100771.jpg,data\raw\DFUC2022_train_release\DFUC2022_train_masks\100771.png,640,480,640,480,DFUC2022_train_release
data\raw\DFUC2022_train_release\DFUC2022_train_images\100772.jpg,data\raw\DFUC2022_train_release\DFUC2022_train_masks\100772.png,640,480,640,480,DFUC2022_train_release
data\raw\DFUC2022_train_release\DFUC2022_train_images\100773.jpg,data\raw\DFUC2022_train_release\DFUC2022_train_masks\100773.png,640,480,640,480,DFUC2022_train_release
data\raw\DFUC2022_train_release\DFUC2022_train_images\100774.jpg,data\raw\DFUC2022_train_release\DFUC2022_train_masks\100774.png,640,480,640,480,DFUC2022_train_release
data\raw\DFUC2022_train_release\DFUC2022_train_images\100775.jpg,data\raw\DFUC2022_train_release\DFUC2022_train_masks\100775.png,640,480,640,480,DFUC2022_train_release
data\raw\DFUC2022_train_release\DFUC2022_train_images\100776.jpg,data\raw\DFUC2022_train_release\DFUC2022_train_masks\100776.png,640,480,640,480,DFUC2022_train_release
data\raw\DFUC2022_train_release\DFUC2022_train_images\100777.jpg,data\raw\DFUC2022_train_release\DFUC2022_train_masks\100777.png,640,480,640,480,DFUC2022_train_release
data\raw\DFUC2022_train_release\DFUC2022_train_images\100778.jpg,data\raw\DFUC2022_train_release\DFUC2022_train_masks\100778.png,640,480,640,480,DFUC2022_train_release
data\raw\DFUC2022_train_release\DFUC2022_train_images\100779.jpg,data\raw\DFUC2022_train_release\DFUC2022_train_masks\100779.png,640,480,640,480,DFUC2022_train_release
data\raw\DFUC2022_train_release\DFUC2022_train_images\100780.jpg,data\raw\DFUC2022_train_release\DFUC2022_train_masks\100780.png,640,480,640,480,DFUC2022_train_release
data\raw\DFUC2022_train_release\DFUC2022_train_images\100781.jpg,data\raw\DFUC2022_train_release\DFUC2022_train_masks\100781.png,640,480,640,480,DFUC2022_train_release
data\raw\DFUC2022_train_release\DFUC2022_train_images\100782.jpg,data\raw\DFUC2022_train_release\DFUC2022_train_masks\100782.png,640,480,640,480,DFUC2022_train_release
data\raw\DFUC2022_train_release\DFUC2022_train_images\100783.jpg,data\raw\DFUC2022_train_release\DFUC2022_train_masks\100783.png,640,480,640,480,DFUC2022_train_release
data\raw\DFUC2022_train_release\DFUC2022_train_images\100784.jpg,data\raw\DFUC2022_train_release\DFUC2022_train_masks\100784.png,640,480,640,480,DFUC2022_train_release
data\raw\DFUC2022_train_release\DFUC2022_train_images\100785.jpg,data\raw\DFUC2022_train_release\DFUC2022_train_masks\100785.png,640,480,640,480,DFUC2022_train_release
data\raw\DFUC2022_train_release\DFUC2022_train_images\100786.jpg,data\raw\DFUC2022_train_release\DFUC2022_train_masks\100786.png,640,480,640,480,DFUC2022_train_release
data\raw\DFUC2022_train_release\DFUC2022_train_images\100787.jpg,data\raw\DFUC2022_train_release\DFUC2022_train_masks\100787.png,640,480,640,480,DFUC2022_train_release
data\raw\DFUC2022_train_release\DFUC2022_train_images\100788.jpg,data\raw\DFUC2022_train_release\DFUC2022_train_masks\100788.png,640,480,640,480,DFUC2022_train_release
data\raw\DFUC2022_train_release\DFUC2022_train_images\100789.jpg,data\raw\DFUC2022_train_release\DFUC2022_train_masks\100789.png,640,480,640,480,DFUC2022_train_release
data\raw\DFUC2022_train_release\DFUC2022_train_images\100790.jpg,data\raw\DFUC2022_train_release\DFUC2022_train_masks\100790.png,640,480,640,480,DFUC2022_train_release
data\raw\DFUC2022_train_release\DFUC2022_train_images\100791.jpg,data\raw\DFUC2022_train_release\DFUC2022_train_masks\100791.png,640,480,640,480,DFUC2022_train_release
data\raw\DFUC2022_train_release\DFUC2022_train_images\100792.jpg,data\raw\DFUC2022_train_release\DFUC2022_train_masks\100792.png,640,480,640,480,DFUC2022_train_release
data\raw\DFUC2022_train_release\DFUC2022_train_images\100793.jpg,data\raw\DFUC2022_train_release\DFUC2022_train_masks\100793.png,640,480,640,480,DFUC2022_train_release
data\raw\DFUC2022_train_release\DFUC2022_train_images\100794.jpg,data\raw\DFUC2022_train_release\DFUC2022_train_masks\100794.png,640,480,640,480,DFUC2022_train_release
data\raw\DFUC2022_train_release\DFUC2022_train_images\100795.jpg,data\raw\DFUC2022_train_release\DFUC2022_train_masks\100795.png,640,480,640,480,DFUC2022_train_release
data\raw\DFUC2022_train_release\DFUC2022_train_images\100796.jpg,data\raw\DFUC2022_train_release\DFUC2022_train_masks\100796.png,640,480,640,480,DFUC2022_train_release
data\raw\DFUC2022_train_release\DFUC2022_train_images\100797.jpg,data\raw\DFUC2022_train_release\DFUC2022_train_masks\100797.png,640,480,640,480,DFUC2022_train_release
data\raw\DFUC2022_train_release\DFUC2022_train_images\100798.jpg,data\raw\DFUC2022_train_release\DFUC2022_train_masks\100798.png,640,480,640,480,DFUC2022_train_release
data\raw\DFUC2022_train_release\DFUC2022_train_images\100799.jpg,data\raw\DFUC2022_train_release\DFUC2022_train_masks\100799.png,640,480,640,480,DFUC2022_train_release
data\raw\DFUC2022_train_release\DFUC2022_train_images\100800.jpg,data\raw\DFUC2022_train_release\DFUC2022_train_masks\100800.png,640,480,640,480,DFUC2022_train_release
data\raw\DFUC2022_train_release\DFUC2022_train_images\100801.jpg,data\raw\DFUC2022_train_release\DFUC2022_train_masks\100801.png,640,480,640,480,DFUC2022_train_release
data\raw\DFUC2022_train_release\DFUC2022_train_images\100802.jpg,data\raw\DFUC2022_train_release\DFUC2022_train_masks\100802.png,640,480,640,480,DFUC2022_train_release
data\raw\DFUC2022_train_release\DFUC2022_train_images\100803.jpg,data\raw\DFUC2022_train_release\DFUC2022_train_masks\100803.png,640,480,640,480,DFUC2022_train_release
data\raw\DFUC2022_train_release\DFUC2022_train_images\100804.jpg,data\raw\DFUC2022_train_release\DFUC2022_train_masks\100804.png,640,480,640,480,DFUC2022_train_release
data\raw\DFUC2022_train_release\DFUC2022_train_images\100805.jpg,data\raw\DFUC2022_train_release\DFUC2022_train_masks\100805.png,640,480,640,480,DFUC2022_train_release
data\raw\DFUC2022_train_release\DFUC2022_train_images\100806.jpg,data\raw\DFUC2022_train_release\DFUC2022_train_masks\100806.png,640,480,640,480,DFUC2022_train_release
data\raw\DFUC2022_train_release\DFUC2022_train_images\100807.jpg,data\raw\DFUC2022_train_release\DFUC2022_train_masks\100807.png,640,480,640,480,DFUC2022_train_release
data\raw\DFUC2022_train_release\DFUC2022_train_images\100808.jpg,data\raw\DFUC2022_train_release\DFUC2022_train_masks\100808.png,640,480,640,480,DFUC2022_train_release
data\raw\DFUC2022_train_release\DFUC2022_train_images\100809.jpg,data\raw\DFUC2022_train_release\DFUC2022_train_masks\100809.png,640,480,640,480,DFUC2022_train_release
data\raw\DFUC2022_train_release\DFUC2022_train_images\100810.jpg,data\raw\DFUC2022_train_release\DFUC2022_train_masks\100810.png,640,480,640,480,DFUC2022_train_release
data\raw\DFUC2022_train_release\DFUC2022_train_images\100811.jpg,data\raw\DFUC2022_train_release\DFUC2022_train_masks\100811.png,640,480,640,480,DFUC2022_train_release
data\raw\DFUC2022_train_release\DFUC2022_train_images\100812.jpg,data\raw\DFUC2022_train_release\DFUC2022_train_masks\100812.png,640,480,640,480,DFUC2022_train_release
data\raw\DFUC2022_train_release\DFUC2022_train_images\100813.jpg,data\raw\DFUC2022_train_release\DFUC2022_train_masks\100813.png,640,480,640,480,DFUC2022_train_release
data\raw\DFUC2022_train_release\DFUC2022_train_images\100814.jpg,data\raw\DFUC2022_train_release\DFUC2022_train_masks\100814.png,640,480,640,480,DFUC2022_train_release
data\raw\DFUC2022_train_release\DFUC2022_train_images\100815.jpg,data\raw\DFUC2022_train_release\DFUC2022_train_masks\100815.png,640,480,640,480,DFUC2022_train_release
data\raw\DFUC2022_train_release\DFUC2022_train_images\100816.jpg,data\raw\DFUC2022_train_release\DFUC2022_train_masks\100816.png,640,480,640,480,DFUC2022_train_release
data\raw\DFUC2022_train_release\DFUC2022_train_images\100817.jpg,data\raw\DFUC2022_train_release\DFUC2022_train_masks\100817.png,640,480,640,480,DFUC2022_train_release
data\raw\DFUC2022_train_release\DFUC2022_train_images\100818.jpg,data\raw\DFUC2022_train_release\DFUC2022_train_masks\100818.png,640,480,640,480,DFUC2022_train_release
data\raw\DFUC2022_train_release\DFUC2022_train_images\100819.jpg,data\raw\DFUC2022_train_release\DFUC2022_train_masks\100819.png,640,480,640,480,DFUC2022_train_release
data\raw\DFUC2022_train_release\DFUC2022_train_images\100820.jpg,data\raw\DFUC2022_train_release\DFUC2022_train_masks\100820.png,640,480,640,480,DFUC2022_train_release
data\raw\DFUC2022_train_release\DFUC2022_train_images\100821.jpg,data\raw\DFUC2022_train_release\DFUC2022_train_masks\100821.png,640,480,640,480,DFUC2022_train_release
data\raw\DFUC2022_train_release\DFUC2022_train_images\100822.jpg,data\raw\DFUC2022_train_release\DFUC2022_train_masks\100822.png,640,480,640,480,DFUC2022_train_release
data\raw\DFUC2022_train_release\DFUC2022_train_images\100823.jpg,data\raw\DFUC2022_train_release\DFUC2022_train_masks\100823.png,640,480,640,480,DFUC2022_train_release
data\raw\DFUC2022_train_release\DFUC2022_train_images\100824.jpg,data\raw\DFUC2022_train_release\DFUC2022_train_masks\100824.png,640,480,640,480,DFUC2022_train_release
data\raw\DFUC2022_train_release\DFUC2022_train_images\100825.jpg,data\raw\DFUC2022_train_release\DFUC2022_train_masks\100825.png,640,480,640,480,DFUC2022_train_release
data\raw\DFUC2022_train_release\DFUC2022_train_images\100826.jpg,data\raw\DFUC2022_train_release\DFUC2022_train_masks\100826.png,640,480,640,480,DFUC2022_train_release
data\raw\DFUC2022_train_release\DFUC2022_train_images\100827.jpg,data\raw\DFUC2022_train_release\DFUC2022_train_masks\100827.png,640,480,640,480,DFUC2022_train_release
data\raw\DFUC2022_train_release\DFUC2022_train_images\100828.jpg,data\raw\DFUC2022_train_release\DFUC2022_train_masks\100828.png,640,480,640,480,DFUC2022_train_release
data\raw\DFUC2022_train_release\DFUC2022_train_images\100829.jpg,data\raw\DFUC2022_train_release\DFUC2022_train_masks\100829.png,640,480,640,480,DFUC2022_train_release
data\raw\DFUC2022_train_release\DFUC2022_train_images\100830.jpg,data\raw\DFUC2022_train_release\DFUC2022_train_masks\100830.png,640,480,640,480,DFUC2022_train_release
data\raw\DFUC2022_train_release\DFUC2022_train_images\100831.jpg,data\raw\DFUC2022_train_release\DFUC2022_train_masks\100831.png,640,480,640,480,DFUC2022_train_release
data\raw\DFUC2022_train_release\DFUC2022_train_images\100832.jpg,data\raw\DFUC2022_train_release\DFUC2022_train_masks\100832.png,640,480,640,480,DFUC2022_train_release
data\raw\DFUC2022_train_release\DFUC2022_train_images\100833.jpg,data\raw\DFUC2022_train_release\DFUC2022_train_masks\100833.png,640,480,640,480,DFUC2022_train_release
data\raw\DFUC2022_train_release\DFUC2022_train_images\100834.jpg,data\raw\DFUC2022_train_release\DFUC2022_train_masks\100834.png,640,480,640,480,DFUC2022_train_release
data\raw\DFUC2022_train_release\DFUC2022_train_images\100835.jpg,data\raw\DFUC2022_train_release\DFUC2022_train_masks\100835.png,640,480,640,480,DFUC2022_train_release
data\raw\DFUC2022_train_release\DFUC2022_train_images\100836.jpg,data\raw\DFUC2022_train_release\DFUC2022_train_masks\100836.png,640,480,640,480,DFUC2022_train_release
data\raw\DFUC2022_train_release\DFUC2022_train_images\100837.jpg,data\raw\DFUC2022_train_release\DFUC2022_train_masks\100837.png,640,480,640,480,DFUC2022_train_release
data\raw\DFUC2022_train_release\DFUC2022_train_images\100838.jpg,data\raw\DFUC2022_train_release\DFUC2022_train_masks\100838.png,640,480,640,480,DFUC2022_train_release
data\raw\DFUC2022_train_release\DFUC2022_train_images\100839.jpg,data\raw\DFUC2022_train_release\DFUC2022_train_masks\100839.png,640,480,640,480,DFUC2022_train_release
data\raw\DFUC2022_train_release\DFUC2022_train_images\100840.jpg,data\raw\DFUC2022_train_release\DFUC2022_train_masks\100840.png,640,480,640,480,DFUC2022_train_release
data\raw\DFUC2022_train_release\DFUC2022_train_images\100841.jpg,data\raw\DFUC2022_train_release\DFUC2022_train_masks\100841.png,640,480,640,480,DFUC2022_train_release
data\raw\DFUC2022_train_release\DFUC2022_train_images\100842.jpg,data\raw\DFUC2022_train_release\DFUC2022_train_masks\100842.png,640,480,640,480,DFUC2022_train_release
data\raw\DFUC2022_train_release\DFUC2022_train_images\100843.jpg,data\raw\DFUC2022_train_release\DFUC2022_train_masks\100843.png,640,480,640,480,DFUC2022_train_release
data\raw\DFUC2022_train_release\DFUC2022_train_images\100844.jpg,data\raw\DFUC2022_train_release\DFUC2022_train_masks\100844.png,640,480,640,480,DFUC2022_train_release
data\raw\DFUC2022_train_release\DFUC2022_train_images\100845.jpg,data\raw\DFUC2022_train_release\DFUC2022_train_masks\100845.png,640,480,640,480,DFUC2022_train_release
data\raw\DFUC2022_train_release\DFUC2022_train_images\100846.jpg,data\raw\DFUC2022_train_release\DFUC2022_train_masks\100846.png,640,480,640,480,DFUC2022_train_release
data\raw\DFUC2022_train_release\DFUC2022_train_images\100847.jpg,data\raw\DFUC2022_train_release\DFUC2022_train_masks\100847.png,640,480,640,480,DFUC2022_train_release
data\raw\DFUC2022_train_release\DFUC2022_train_images\100848.jpg,data\raw\DFUC2022_train_release\DFUC2022_train_masks\100848.png,640,480,640,480,DFUC2022_train_release
data\raw\DFUC2022_train_release\DFUC2022_train_images\100849.jpg,data\raw\DFUC2022_train_release\DFUC2022_train_masks\100849.png,640,480,640,480,DFUC2022_train_release
data\raw\DFUC2022_train_release\DFUC2022_train_images\100850.jpg,data\raw\DFUC2022_train_release\DFUC2022_train_masks\100850.png,640,480,640,480,DFUC2022_train_release
data\raw\DFUC2022_train_release\DFUC2022_train_images\100851.jpg,data\raw\DFUC2022_train_release\DFUC2022_train_masks\100851.png,640,480,640,480,DFUC2022_train_release
data\raw\DFUC2022_train_release\DFUC2022_train_images\100852.jpg,data\raw\DFUC2022_train_release\DFUC2022_train_masks\100852.png,640,480,640,480,DFUC2022_train_release
data\raw\DFUC2022_train_release\DFUC2022_train_images\100853.jpg,data\raw\DFUC2022_train_release\DFUC2022_train_masks\100853.png,640,480,640,480,DFUC2022_train_release
data\raw\DFUC2022_train_release\DFUC2022_train_images\100854.jpg,data\raw\DFUC2022_train_release\DFUC2022_train_masks\100854.png,640,480,640,480,DFUC2022_train_release
data\raw\DFUC2022_train_release\DFUC2022_train_images\100855.jpg,data\raw\DFUC2022_train_release\DFUC2022_train_masks\100855.png,640,480,640,480,DFUC2022_train_release
data\raw\DFUC2022_train_release\DFUC2022_train_images\100856.jpg,data\raw\DFUC2022_train_release\DFUC2022_train_masks\100856.png,640,480,640,480,DFUC2022_train_release
data\raw\DFUC2022_train_release\DFUC2022_train_images\100857.jpg,data\raw\DFUC2022_train_release\DFUC2022_train_masks\100857.png,640,480,640,480,DFUC2022_train_release
data\raw\DFUC2022_train_release\DFUC2022_train_images\100858.jpg,data\raw\DFUC2022_train_release\DFUC2022_train_masks\100858.png,640,480,640,480,DFUC2022_train_release
data\raw\DFUC2022_train_release\DFUC2022_train_images\100859.jpg,data\raw\DFUC2022_train_release\DFUC2022_train_masks\100859.png,640,480,640,480,DFUC2022_train_release
data\raw\DFUC2022_train_release\DFUC2022_train_images\100860.jpg,data\raw\DFUC2022_train_release\DFUC2022_train_masks\100860.png,640,480,640,480,DFUC2022_train_release
data\raw\DFUC2022_train_release\DFUC2022_train_images\100861.jpg,data\raw\DFUC2022_train_release\DFUC2022_train_masks\100861.png,640,480,640,480,DFUC2022_train_release
data\raw\DFUC2022_train_release\DFUC2022_train_images\100862.jpg,data\raw\DFUC2022_train_release\DFUC2022_train_masks\100862.png,640,480,640,480,DFUC2022_train_release
data\raw\DFUC2022_train_release\DFUC2022_train_images\100863.jpg,data\raw\DFUC2022_train_release\DFUC2022_train_masks\100863.png,640,480,640,480,DFUC2022_train_release
data\raw\DFUC2022_train_release\DFUC2022_train_images\100864.jpg,data\raw\DFUC2022_train_release\DFUC2022_train_masks\100864.png,640,480,640,480,DFUC2022_train_release
data\raw\DFUC2022_train_release\DFUC2022_train_images\100865.jpg,data\raw\DFUC2022_train_release\DFUC2022_train_masks\100865.png,640,480,640,480,DFUC2022_train_release
data\raw\DFUC2022_train_release\DFUC2022_train_images\100866.jpg,data\raw\DFUC2022_train_release\DFUC2022_train_masks\100866.png,640,480,640,480,DFUC2022_train_release
data\raw\DFUC2022_train_release\DFUC2022_train_images\100867.jpg,data\raw\DFUC2022_train_release\DFUC2022_train_masks\100867.png,640,480,640,480,DFUC2022_train_release
data\raw\DFUC2022_train_release\DFUC2022_train_images\100868.jpg,data\raw\DFUC2022_train_release\DFUC2022_train_masks\100868.png,640,480,640,480,DFUC2022_train_release
data\raw\DFUC2022_train_release\DFUC2022_train_images\100869.jpg,data\raw\DFUC2022_train_release\DFUC2022_train_masks\100869.png,640,480,640,480,DFUC2022_train_release
data\raw\DFUC2022_train_release\DFUC2022_train_images\100870.jpg,data\raw\DFUC2022_train_release\DFUC2022_train_masks\100870.png,640,480,640,480,DFUC2022_train_release
data\raw\DFUC2022_train_release\DFUC2022_train_images\100871.jpg,data\raw\DFUC2022_train_release\DFUC2022_train_masks\100871.png,640,480,640,480,DFUC2022_train_release
data\raw\DFUC2022_train_release\DFUC2022_train_images\100872.jpg,data\raw\DFUC2022_train_release\DFUC2022_train_masks\100872.png,640,480,640,480,DFUC2022_train_release
data\raw\DFUC2022_train_release\DFUC2022_train_images\100873.jpg,data\raw\DFUC2022_train_release\DFUC2022_train_masks\100873.png,640,480,640,480,DFUC2022_train_release
data\raw\DFUC2022_train_release\DFUC2022_train_images\100874.jpg,data\raw\DFUC2022_train_release\DFUC2022_train_masks\100874.png,640,480,640,480,DFUC2022_train_release
data\raw\DFUC2022_train_release\DFUC2022_train_images\100875.jpg,data\raw\DFUC2022_train_release\DFUC2022_train_masks\100875.png,640,480,640,480,DFUC2022_train_release
data\raw\DFUC2022_train_release\DFUC2022_train_images\100876.jpg,data\raw\DFUC2022_train_release\DFUC2022_train_masks\100876.png,640,480,640,480,DFUC2022_train_release
data\raw\DFUC2022_train_release\DFUC2022_train_images\100877.jpg,data\raw\DFUC2022_train_release\DFUC2022_train_masks\100877.png,640,480,640,480,DFUC2022_train_release
data\raw\DFUC2022_train_release\DFUC2022_train_images\100878.jpg,data\raw\DFUC2022_train_release\DFUC2022_train_masks\100878.png,640,480,640,480,DFUC2022_train_release
data\raw\DFUC2022_train_release\DFUC2022_train_images\100879.jpg,data\raw\DFUC2022_train_release\DFUC2022_train_masks\100879.png,640,480,640,480,DFUC2022_train_release
data\raw\DFUC2022_train_release\DFUC2022_train_images\100880.jpg,data\raw\DFUC2022_train_release\DFUC2022_train_masks\100880.png,640,480,640,480,DFUC2022_train_release
data\raw\DFUC2022_train_release\DFUC2022_train_images\100881.jpg,data\raw\DFUC2022_train_release\DFUC2022_train_masks\100881.png,640,480,640,480,DFUC2022_train_release
data\raw\DFUC2022_train_release\DFUC2022_train_images\100882.jpg,data\raw\DFUC2022_train_release\DFUC2022_train_masks\100882.png,640,480,640,480,DFUC2022_train_release
data\raw\DFUC2022_train_release\DFUC2022_train_images\100883.jpg,data\raw\DFUC2022_train_release\DFUC2022_train_masks\100883.png,640,480,640,480,DFUC2022_train_release
data\raw\DFUC2022_train_release\DFUC2022_train_images\100884.jpg,data\raw\DFUC2022_train_release\DFUC2022_train_masks\100884.png,640,480,640,480,DFUC2022_train_release
data\raw\DFUC2022_train_release\DFUC2022_train_images\100885.jpg,data\raw\DFUC2022_train_release\DFUC2022_train_masks\100885.png,640,480,640,480,DFUC2022_train_release
data\raw\DFUC2022_train_release\DFUC2022_train_images\100886.jpg,data\raw\DFUC2022_train_release\DFUC2022_train_masks\100886.png,640,480,640,480,DFUC2022_train_release
data\raw\DFUC2022_train_release\DFUC2022_train_images\100887.jpg,data\raw\DFUC2022_train_release\DFUC2022_train_masks\100887.png,640,480,640,480,DFUC2022_train_release
data\raw\DFUC2022_train_release\DFUC2022_train_images\100888.jpg,data\raw\DFUC2022_train_release\DFUC2022_train_masks\100888.png,640,480,640,480,DFUC2022_train_release
data\raw\DFUC2022_train_release\DFUC2022_train_images\100889.jpg,data\raw\DFUC2022_train_release\DFUC2022_train_masks\100889.png,640,480,640,480,DFUC2022_train_release
data\raw\DFUC2022_train_release\DFUC2022_train_images\100890.jpg,data\raw\DFUC2022_train_release\DFUC2022_train_masks\100890.png,640,480,640,480,DFUC2022_train_release
data\raw\DFUC2022_train_release\DFUC2022_train_images\100891.jpg,data\raw\DFUC2022_train_release\DFUC2022_train_masks\100891.png,640,480,640,480,DFUC2022_train_release
data\raw\DFUC2022_train_release\DFUC2022_train_images\100892.jpg,data\raw\DFUC2022_train_release\DFUC2022_train_masks\100892.png,640,480,640,480,DFUC2022_train_release
data\raw\DFUC2022_train_release\DFUC2022_train_images\100893.jpg,data\raw\DFUC2022_train_release\DFUC2022_train_masks\100893.png,640,480,640,480,DFUC2022_train_release
data\raw\DFUC2022_train_release\DFUC2022_train_images\100894.jpg,data\raw\DFUC2022_train_release\DFUC2022_train_masks\100894.png,640,480,640,480,DFUC2022_train_release
data\raw\DFUC2022_train_release\DFUC2022_train_images\100895.jpg,data\raw\DFUC2022_train_release\DFUC2022_train_masks\100895.png,640,480,640,480,DFUC2022_train_release
data\raw\DFUC2022_train_release\DFUC2022_train_images\100896.jpg,data\raw\DFUC2022_train_release\DFUC2022_train_masks\100896.png,640,480,640,480,DFUC2022_train_release
data\raw\DFUC2022_train_release\DFUC2022_train_images\100897.jpg,data\raw\DFUC2022_train_release\DFUC2022_train_masks\100897.png,640,480,640,480,DFUC2022_train_release
data\raw\DFUC2022_train_release\DFUC2022_train_images\100898.jpg,data\raw\DFUC2022_train_release\DFUC2022_train_masks\100898.png,640,480,640,480,DFUC2022_train_release
data\raw\DFUC2022_train_release\DFUC2022_train_images\100899.jpg,data\raw\DFUC2022_train_release\DFUC2022_train_masks\100899.png,640,480,640,480,DFUC2022_train_release
data\raw\DFUC2022_train_release\DFUC2022_train_images\100900.jpg,data\raw\DFUC2022_train_release\DFUC2022_train_masks\100900.png,640,480,640,480,DFUC2022_train_release
data\raw\DFUC2022_train_release\DFUC2022_train_images\100901.jpg,data\raw\DFUC2022_train_release\DFUC2022_train_masks\100901.png,640,480,640,480,DFUC2022_train_release
data\raw\DFUC2022_train_release\DFUC2022_train_images\100902.jpg,data\raw\DFUC2022_train_release\DFUC2022_train_masks\100902.png,640,480,640,480,DFUC2022_train_release
data\raw\DFUC2022_train_release\DFUC2022_train_images\100903.jpg,data\raw\DFUC2022_train_release\DFUC2022_train_masks\100903.png,640,480,640,480,DFUC2022_train_release
data\raw\DFUC2022_train_release\DFUC2022_train_images\100904.jpg,data\raw\DFUC2022_train_release\DFUC2022_train_masks\100904.png,640,480,640,480,DFUC2022_train_release
data\raw\DFUC2022_train_release\DFUC2022_train_images\100905.jpg,data\raw\DFUC2022_train_release\DFUC2022_train_masks\100905.png,640,480,640,480,DFUC2022_train_release
data\raw\DFUC2022_train_release\DFUC2022_train_images\100906.jpg,data\raw\DFUC2022_train_release\DFUC2022_train_masks\100906.png,640,480,640,480,DFUC2022_train_release
data\raw\DFUC2022_train_release\DFUC2022_train_images\100907.jpg,data\raw\DFUC2022_train_release\DFUC2022_train_masks\100907.png,640,480,640,480,DFUC2022_train_release
data\raw\DFUC2022_train_release\DFUC2022_train_images\100908.jpg,data\raw\DFUC2022_train_release\DFUC2022_train_masks\100908.png,640,480,640,480,DFUC2022_train_release
data\raw\DFUC2022_train_release\DFUC2022_train_images\100909.jpg,data\raw\DFUC2022_train_release\DFUC2022_train_masks\100909.png,640,480,640,480,DFUC2022_train_release
data\raw\DFUC2022_train_release\DFUC2022_train_images\100910.jpg,data\raw\DFUC2022_train_release\DFUC2022_train_masks\100910.png,640,480,640,480,DFUC2022_train_release
data\raw\DFUC2022_train_release\DFUC2022_train_images\100911.jpg,data\raw\DFUC2022_train_release\DFUC2022_train_masks\100911.png,640,480,640,480,DFUC2022_train_release
data\raw\DFUC2022_train_release\DFUC2022_train_images\100912.jpg,data\raw\DFUC2022_train_release\DFUC2022_train_masks\100912.png,640,480,640,480,DFUC2022_train_release
data\raw\DFUC2022_train_release\DFUC2022_train_images\100913.jpg,data\raw\DFUC2022_train_release\DFUC2022_train_masks\100913.png,640,480,640,480,DFUC2022_train_release
data\raw\DFUC2022_train_release\DFUC2022_train_images\100914.jpg,data\raw\DFUC2022_train_release\DFUC2022_train_masks\100914.png,640,480,640,480,DFUC2022_train_release
data\raw\DFUC2022_train_release\DFUC2022_train_images\100915.jpg,data\raw\DFUC2022_train_release\DFUC2022_train_masks\100915.png,640,480,640,480,DFUC2022_train_release
data\raw\DFUC2022_train_release\DFUC2022_train_images\100916.jpg,data\raw\DFUC2022_train_release\DFUC2022_train_masks\100916.png,640,480,640,480,DFUC2022_train_release
data\raw\DFUC2022_train_release\DFUC2022_train_images\100917.jpg,data\raw\DFUC2022_train_release\DFUC2022_train_masks\100917.png,640,480,640,480,DFUC2022_train_release
data\raw\DFUC2022_train_release\DFUC2022_train_images\100918.jpg,data\raw\DFUC2022_train_release\DFUC2022_train_masks\100918.png,640,480,640,480,DFUC2022_train_release
data\raw\DFUC2022_train_release\DFUC2022_train_images\100919.jpg,data\raw\DFUC2022_train_release\DFUC2022_train_masks\100919.png,640,480,640,480,DFUC2022_train_release
data\raw\DFUC2022_train_release\DFUC2022_train_images\100920.jpg,data\raw\DFUC2022_train_release\DFUC2022_train_masks\100920.png,640,480,640,480,DFUC2022_train_release
data\raw\DFUC2022_train_release\DFUC2022_train_images\100921.jpg,data\raw\DFUC2022_train_release\DFUC2022_train_masks\100921.png,640,480,640,480,DFUC2022_train_release
data\raw\DFUC2022_train_release\DFUC2022_train_images\100922.jpg,data\raw\DFUC2022_train_release\DFUC2022_train_masks\100922.png,640,480,640,480,DFUC2022_train_release
data\raw\DFUC2022_train_release\DFUC2022_train_images\100923.jpg,data\raw\DFUC2022_train_release\DFUC2022_train_masks\100923.png,640,480,640,480,DFUC2022_train_release
data\raw\DFUC2022_train_release\DFUC2022_train_images\100924.jpg,data\raw\DFUC2022_train_release\DFUC2022_train_masks\100924.png,640,480,640,480,DFUC2022_train_release
data\raw\DFUC2022_train_release\DFUC2022_train_images\100925.jpg,data\raw\DFUC2022_train_release\DFUC2022_train_masks\100925.png,640,480,640,480,DFUC2022_train_release
data\raw\DFUC2022_train_release\DFUC2022_train_images\100926.jpg,data\raw\DFUC2022_train_release\DFUC2022_train_masks\100926.png,640,480,640,480,DFUC2022_train_release
data\raw\DFUC2022_train_release\DFUC2022_train_images\100927.jpg,data\raw\DFUC2022_train_release\DFUC2022_train_masks\100927.png,640,480,640,480,DFUC2022_train_release
data\raw\DFUC2022_train_release\DFUC2022_train_images\100928.jpg,data\raw\DFUC2022_train_release\DFUC2022_train_masks\100928.png,640,480,640,480,DFUC2022_train_release
data\raw\DFUC2022_train_release\DFUC2022_train_images\100929.jpg,data\raw\DFUC2022_train_release\DFUC2022_train_masks\100929.png,640,480,640,480,DFUC2022_train_release
data\raw\DFUC2022_train_release\DFUC2022_train_images\100930.jpg,data\raw\DFUC2022_train_release\DFUC2022_train_masks\100930.png,640,480,640,480,DFUC2022_train_release
data\raw\DFUC2022_train_release\DFUC2022_train_images\100931.jpg,data\raw\DFUC2022_train_release\DFUC2022_train_masks\100931.png,640,480,640,480,DFUC2022_train_release
data\raw\DFUC2022_train_release\DFUC2022_train_images\100932.jpg,data\raw\DFUC2022_train_release\DFUC2022_train_masks\100932.png,640,480,640,480,DFUC2022_train_release
data\raw\DFUC2022_train_release\DFUC2022_train_images\100933.jpg,data\raw\DFUC2022_train_release\DFUC2022_train_masks\100933.png,640,480,640,480,DFUC2022_train_release
data\raw\DFUC2022_train_release\DFUC2022_train_images\100934.jpg,data\raw\DFUC2022_train_release\DFUC2022_train_masks\100934.png,640,480,640,480,DFUC2022_train_release
data\raw\DFUC2022_train_release\DFUC2022_train_images\100935.jpg,data\raw\DFUC2022_train_release\DFUC2022_train_masks\100935.png,640,480,640,480,DFUC2022_train_release
data\raw\DFUC2022_train_release\DFUC2022_train_images\100936.jpg,data\raw\DFUC2022_train_release\DFUC2022_train_masks\100936.png,640,480,640,480,DFUC2022_train_release
data\raw\DFUC2022_train_release\DFUC2022_train_images\100937.jpg,data\raw\DFUC2022_train_release\DFUC2022_train_masks\100937.png,640,480,640,480,DFUC2022_train_release
data\raw\DFUC2022_train_release\DFUC2022_train_images\100938.jpg,data\raw\DFUC2022_train_release\DFUC2022_train_masks\100938.png,640,480,640,480,DFUC2022_train_release
data\raw\DFUC2022_train_release\DFUC2022_train_images\100939.jpg,data\raw\DFUC2022_train_release\DFUC2022_train_masks\100939.png,640,480,640,480,DFUC2022_train_release
data\raw\DFUC2022_train_release\DFUC2022_train_images\100940.jpg,data\raw\DFUC2022_train_release\DFUC2022_train_masks\100940.png,640,480,640,480,DFUC2022_train_release
data\raw\DFUC2022_train_release\DFUC2022_train_images\100941.jpg,data\raw\DFUC2022_train_release\DFUC2022_train_masks\100941.png,640,480,640,480,DFUC2022_train_release
data\raw\DFUC2022_train_release\DFUC2022_train_images\100942.jpg,data\raw\DFUC2022_train_release\DFUC2022_train_masks\100942.png,640,480,640,480,DFUC2022_train_release
data\raw\DFUC2022_train_release\DFUC2022_train_images\100943.jpg,data\raw\DFUC2022_train_release\DFUC2022_train_masks\100943.png,640,480,640,480,DFUC2022_train_release
data\raw\DFUC2022_train_release\DFUC2022_train_images\100944.jpg,data\raw\DFUC2022_train_release\DFUC2022_train_masks\100944.png,640,480,640,480,DFUC2022_train_release
data\raw\DFUC2022_train_release\DFUC2022_train_images\100945.jpg,data\raw\DFUC2022_train_release\DFUC2022_train_masks\100945.png,640,480,640,480,DFUC2022_train_release
data\raw\DFUC2022_train_release\DFUC2022_train_images\100946.jpg,data\raw\DFUC2022_train_release\DFUC2022_train_masks\100946.png,640,480,640,480,DFUC2022_train_release
data\raw\DFUC2022_train_release\DFUC2022_train_images\100947.jpg,data\raw\DFUC2022_train_release\DFUC2022_train_masks\100947.png,640,480,640,480,DFUC2022_train_release
data\raw\DFUC2022_train_release\DFUC2022_train_images\100948.jpg,data\raw\DFUC2022_train_release\DFUC2022_train_masks\100948.png,640,480,640,480,DFUC2022_train_release
data\raw\DFUC2022_train_release\DFUC2022_train_images\100949.jpg,data\raw\DFUC2022_train_release\DFUC2022_train_masks\100949.png,640,480,640,480,DFUC2022_train_release
data\raw\DFUC2022_train_release\DFUC2022_train_images\100950.jpg,data\raw\DFUC2022_train_release\DFUC2022_train_masks\100950.png,640,480,640,480,DFUC2022_train_release
data\raw\DFUC2022_train_release\DFUC2022_train_images\100951.jpg,data\raw\DFUC2022_train_release\DFUC2022_train_masks\100951.png,640,480,640,480,DFUC2022_train_release
data\raw\DFUC2022_train_release\DFUC2022_train_images\100952.jpg,data\raw\DFUC2022_train_release\DFUC2022_train_masks\100952.png,640,480,640,480,DFUC2022_train_release
data\raw\DFUC2022_train_release\DFUC2022_train_images\100953.jpg,data\raw\DFUC2022_train_release\DFUC2022_train_masks\100953.png,640,480,640,480,DFUC2022_train_release
data\raw\DFUC2022_train_release\DFUC2022_train_images\100954.jpg,data\raw\DFUC2022_train_release\DFUC2022_train_masks\100954.png,640,480,640,480,DFUC2022_train_release
data\raw\DFUC2022_train_release\DFUC2022_train_images\100955.jpg,data\raw\DFUC2022_train_release\DFUC2022_train_masks\100955.png,640,480,640,480,DFUC2022_train_release
data\raw\DFUC2022_train_release\DFUC2022_train_images\100956.jpg,data\raw\DFUC2022_train_release\DFUC2022_train_masks\100956.png,640,480,640,480,DFUC2022_train_release
data\raw\DFUC2022_train_release\DFUC2022_train_images\100957.jpg,data\raw\DFUC2022_train_release\DFUC2022_train_masks\100957.png,640,480,640,480,DFUC2022_train_release
data\raw\DFUC2022_train_release\DFUC2022_train_images\100958.jpg,data\raw\DFUC2022_train_release\DFUC2022_train_masks\100958.png,640,480,640,480,DFUC2022_train_release
data\raw\DFUC2022_train_release\DFUC2022_train_images\100959.jpg,data\raw\DFUC2022_train_release\DFUC2022_train_masks\100959.png,640,480,640,480,DFUC2022_train_release
data\raw\DFUC2022_train_release\DFUC2022_train_images\100960.jpg,data\raw\DFUC2022_train_release\DFUC2022_train_masks\100960.png,640,480,640,480,DFUC2022_train_release
data\raw\DFUC2022_train_release\DFUC2022_train_images\100961.jpg,data\raw\DFUC2022_train_release\DFUC2022_train_masks\100961.png,640,480,640,480,DFUC2022_train_release
data\raw\DFUC2022_train_release\DFUC2022_train_images\100962.jpg,data\raw\DFUC2022_train_release\DFUC2022_train_masks\100962.png,640,480,640,480,DFUC2022_train_release
data\raw\DFUC2022_train_release\DFUC2022_train_images\100963.jpg,data\raw\DFUC2022_train_release\DFUC2022_train_masks\100963.png,640,480,640,480,DFUC2022_train_release
data\raw\DFUC2022_train_release\DFUC2022_train_images\100964.jpg,data\raw\DFUC2022_train_release\DFUC2022_train_masks\100964.png,640,480,640,480,DFUC2022_train_release
data\raw\DFUC2022_train_release\DFUC2022_train_images\100965.jpg,data\raw\DFUC2022_train_release\DFUC2022_train_masks\100965.png,640,480,640,480,DFUC2022_train_release
data\raw\DFUC2022_train_release\DFUC2022_train_images\100966.jpg,data\raw\DFUC2022_train_release\DFUC2022_train_masks\100966.png,640,480,640,480,DFUC2022_train_release
data\raw\DFUC2022_train_release\DFUC2022_train_images\100967.jpg,data\raw\DFUC2022_train_release\DFUC2022_train_masks\100967.png,640,480,640,480,DFUC2022_train_release
data\raw\DFUC2022_train_release\DFUC2022_train_images\100968.jpg,data\raw\DFUC2022_train_release\DFUC2022_train_masks\100968.png,640,480,640,480,DFUC2022_train_release
data\raw\DFUC2022_train_release\DFUC2022_train_images\100969.jpg,data\raw\DFUC2022_train_release\DFUC2022_train_masks\100969.png,640,480,640,480,DFUC2022_train_release
data\raw\DFUC2022_train_release\DFUC2022_train_images\100970.jpg,data\raw\DFUC2022_train_release\DFUC2022_train_masks\100970.png,640,480,640,480,DFUC2022_train_release
data\raw\DFUC2022_train_release\DFUC2022_train_images\100971.jpg,data\raw\DFUC2022_train_release\DFUC2022_train_masks\100971.png,640,480,640,480,DFUC2022_train_release
data\raw\DFUC2022_train_release\DFUC2022_train_images\100972.jpg,data\raw\DFUC2022_train_release\DFUC2022_train_masks\100972.png,640,480,640,480,DFUC2022_train_release
data\raw\DFUC2022_train_release\DFUC2022_train_images\100973.jpg,data\raw\DFUC2022_train_release\DFUC2022_train_masks\100973.png,640,480,640,480,DFUC2022_train_release
data\raw\DFUC2022_train_release\DFUC2022_train_images\100974.jpg,data\raw\DFUC2022_train_release\DFUC2022_train_masks\100974.png,640,480,640,480,DFUC2022_train_release
data\raw\DFUC2022_train_release\DFUC2022_train_images\100975.jpg,data\raw\DFUC2022_train_release\DFUC2022_train_masks\100975.png,640,480,640,480,DFUC2022_train_release
data\raw\DFUC2022_train_release\DFUC2022_train_images\100976.jpg,data\raw\DFUC2022_train_release\DFUC2022_train_masks\100976.png,640,480,640,480,DFUC2022_train_release
data\raw\DFUC2022_train_release\DFUC2022_train_images\100977.jpg,data\raw\DFUC2022_train_release\DFUC2022_train_masks\100977.png,640,480,640,480,DFUC2022_train_release
data\raw\DFUC2022_train_release\DFUC2022_train_images\100978.jpg,data\raw\DFUC2022_train_release\DFUC2022_train_masks\100978.png,640,480,640,480,DFUC2022_train_release
data\raw\DFUC2022_train_release\DFUC2022_train_images\100979.jpg,data\raw\DFUC2022_train_release\DFUC2022_train_masks\100979.png,640,480,640,480,DFUC2022_train_release
data\raw\DFUC2022_train_release\DFUC2022_train_images\100980.jpg,data\raw\DFUC2022_train_release\DFUC2022_train_masks\100980.png,640,480,640,480,DFUC2022_train_release
data\raw\DFUC2022_train_release\DFUC2022_train_images\100981.jpg,data\raw\DFUC2022_train_release\DFUC2022_train_masks\100981.png,640,480,640,480,DFUC2022_train_release
data\raw\DFUC2022_train_release\DFUC2022_train_images\100982.jpg,data\raw\DFUC2022_train_release\DFUC2022_train_masks\100982.png,640,480,640,480,DFUC2022_train_release
data\raw\DFUC2022_train_release\DFUC2022_train_images\100983.jpg,data\raw\DFUC2022_train_release\DFUC2022_train_masks\100983.png,640,480,640,480,DFUC2022_train_release
data\raw\DFUC2022_train_release\DFUC2022_train_images\100984.jpg,data\raw\DFUC2022_train_release\DFUC2022_train_masks\100984.png,640,480,640,480,DFUC2022_train_release
data\raw\DFUC2022_train_release\DFUC2022_train_images\100985.jpg,data\raw\DFUC2022_train_release\DFUC2022_train_masks\100985.png,640,480,640,480,DFUC2022_train_release
data\raw\DFUC2022_train_release\DFUC2022_train_images\100986.jpg,data\raw\DFUC2022_train_release\DFUC2022_train_masks\100986.png,640,480,640,480,DFUC2022_train_release
data\raw\DFUC2022_train_release\DFUC2022_train_images\100987.jpg,data\raw\DFUC2022_train_release\DFUC2022_train_masks\100987.png,640,480,640,480,DFUC2022_train_release
data\raw\DFUC2022_train_release\DFUC2022_train_images\100988.jpg,data\raw\DFUC2022_train_release\DFUC2022_train_masks\100988.png,640,480,640,480,DFUC2022_train_release
data\raw\DFUC2022_train_release\DFUC2022_train_images\100989.jpg,data\raw\DFUC2022_train_release\DFUC2022_train_masks\100989.png,640,480,640,480,DFUC2022_train_release
data\raw\DFUC2022_train_release\DFUC2022_train_images\100990.jpg,data\raw\DFUC2022_train_release\DFUC2022_train_masks\100990.png,640,480,640,480,DFUC2022_train_release
data\raw\DFUC2022_train_release\DFUC2022_train_images\100991.jpg,data\raw\DFUC2022_train_release\DFUC2022_train_masks\100991.png,640,480,640,480,DFUC2022_train_release
data\raw\DFUC2022_train_release\DFUC2022_train_images\100992.jpg,data\raw\DFUC2022_train_release\DFUC2022_train_masks\100992.png,640,480,640,480,DFUC2022_train_release
data\raw\DFUC2022_train_release\DFUC2022_train_images\100993.jpg,data\raw\DFUC2022_train_release\DFUC2022_train_masks\100993.png,640,480,640,480,DFUC2022_train_release
data\raw\DFUC2022_train_release\DFUC2022_train_images\100994.jpg,data\raw\DFUC2022_train_release\DFUC2022_train_masks\100994.png,640,480,640,480,DFUC2022_train_release
data\raw\DFUC2022_train_release\DFUC2022_train_images\100995.jpg,data\raw\DFUC2022_train_release\DFUC2022_train_masks\100995.png,640,480,640,480,DFUC2022_train_release
data\raw\DFUC2022_train_release\DFUC2022_train_images\100996.jpg,data\raw\DFUC2022_train_release\DFUC2022_train_masks\100996.png,640,480,640,480,DFUC2022_train_release
data\raw\DFUC2022_train_release\DFUC2022_train_images\100997.jpg,data\raw\DFUC2022_train_release\DFUC2022_train_masks\100997.png,640,480,640,480,DFUC2022_train_release
data\raw\DFUC2022_train_release\DFUC2022_train_images\100998.jpg,data\raw\DFUC2022_train_release\DFUC2022_train_masks\100998.png,640,480,640,480,DFUC2022_train_release
data\raw\DFUC2022_train_release\DFUC2022_train_images\100999.jpg,data\raw\DFUC2022_train_release\DFUC2022_train_masks\100999.png,640,480,640,480,DFUC2022_train_release
data\raw\DFUC2022_train_release\DFUC2022_train_images\101000.jpg,data\raw\DFUC2022_train_release\DFUC2022_train_masks\101000.png,640,480,640,480,DFUC2022_train_release
data\raw\DFUC2022_train_release\DFUC2022_train_images\101001.jpg,data\raw\DFUC2022_train_release\DFUC2022_train_masks\101001.png,640,480,640,480,DFUC2022_train_release
data\raw\DFUC2022_train_release\DFUC2022_train_images\101002.jpg,data\raw\DFUC2022_train_release\DFUC2022_train_masks\101002.png,640,480,640,480,DFUC2022_train_release
data\raw\DFUC2022_train_release\DFUC2022_train_images\101003.jpg,data\raw\DFUC2022_train_release\DFUC2022_train_masks\101003.png,640,480,640,480,DFUC2022_train_release
data\raw\DFUC2022_train_release\DFUC2022_train_images\101004.jpg,data\raw\DFUC2022_train_release\DFUC2022_train_masks\101004.png,640,480,640,480,DFUC2022_train_release
data\raw\DFUC2022_train_release\DFUC2022_train_images\101005.jpg,data\raw\DFUC2022_train_release\DFUC2022_train_masks\101005.png,640,480,640,480,DFUC2022_train_release
data\raw\DFUC2022_train_release\DFUC2022_train_images\101006.jpg,data\raw\DFUC2022_train_release\DFUC2022_train_masks\101006.png,640,480,640,480,DFUC2022_train_release
data\raw\DFUC2022_train_release\DFUC2022_train_images\101007.jpg,data\raw\DFUC2022_train_release\DFUC2022_train_masks\101007.png,640,480,640,480,DFUC2022_train_release
data\raw\DFUC2022_train_release\DFUC2022_train_images\101008.jpg,data\raw\DFUC2022_train_release\DFUC2022_train_masks\101008.png,640,480,640,480,DFUC2022_train_release
data\raw\DFUC2022_train_release\DFUC2022_train_images\101009.jpg,data\raw\DFUC2022_train_release\DFUC2022_train_masks\101009.png,640,480,640,480,DFUC2022_train_release
data\raw\DFUC2022_train_release\DFUC2022_train_images\101010.jpg,data\raw\DFUC2022_train_release\DFUC2022_train_masks\101010.png,640,480,640,480,DFUC2022_train_release
data\raw\DFUC2022_train_release\DFUC2022_train_images\101011.jpg,data\raw\DFUC2022_train_release\DFUC2022_train_masks\101011.png,640,480,640,480,DFUC2022_train_release
data\raw\DFUC2022_train_release\DFUC2022_train_images\101012.jpg,data\raw\DFUC2022_train_release\DFUC2022_train_masks\101012.png,640,480,640,480,DFUC2022_train_release
data\raw\DFUC2022_train_release\DFUC2022_train_images\101013.jpg,data\raw\DFUC2022_train_release\DFUC2022_train_masks\101013.png,640,480,640,480,DFUC2022_train_release
data\raw\DFUC2022_train_release\DFUC2022_train_images\101014.jpg,data\raw\DFUC2022_train_release\DFUC2022_train_masks\101014.png,640,480,640,480,DFUC2022_train_release
data\raw\DFUC2022_train_release\DFUC2022_train_images\101015.jpg,data\raw\DFUC2022_train_release\DFUC2022_train_masks\101015.png,640,480,640,480,DFUC2022_train_release
data\raw\DFUC2022_train_release\DFUC2022_train_images\101016.jpg,data\raw\DFUC2022_train_release\DFUC2022_train_masks\101016.png,640,480,640,480,DFUC2022_train_release
data\raw\DFUC2022_train_release\DFUC2022_train_images\101017.jpg,data\raw\DFUC2022_train_release\DFUC2022_train_masks\101017.png,640,480,640,480,DFUC2022_train_release
data\raw\DFUC2022_train_release\DFUC2022_train_images\101018.jpg,data\raw\DFUC2022_train_release\DFUC2022_train_masks\101018.png,640,480,640,480,DFUC2022_train_release
data\raw\DFUC2022_train_release\DFUC2022_train_images\101019.jpg,data\raw\DFUC2022_train_release\DFUC2022_train_masks\101019.png,640,480,640,480,DFUC2022_train_release
data\raw\DFUC2022_train_release\DFUC2022_train_images\101020.jpg,data\raw\DFUC2022_train_release\DFUC2022_train_masks\101020.png,640,480,640,480,DFUC2022_train_release
data\raw\DFUC2022_train_release\DFUC2022_train_images\101021.jpg,data\raw\DFUC2022_train_release\DFUC2022_train_masks\101021.png,640,480,640,480,DFUC2022_train_release
data\raw\DFUC2022_train_release\DFUC2022_train_images\101022.jpg,data\raw\DFUC2022_train_release\DFUC2022_train_masks\101022.png,640,480,640,480,DFUC2022_train_release
data\raw\DFUC2022_train_release\DFUC2022_train_images\101023.jpg,data\raw\DFUC2022_train_release\DFUC2022_train_masks\101023.png,640,480,640,480,DFUC2022_train_release
data\raw\DFUC2022_train_release\DFUC2022_train_images\101024.jpg,data\raw\DFUC2022_train_release\DFUC2022_train_masks\101024.png,640,480,640,480,DFUC2022_train_release
data\raw\DFUC2022_train_release\DFUC2022_train_images\101025.jpg,data\raw\DFUC2022_train_release\DFUC2022_train_masks\101025.png,640,480,640,480,DFUC2022_train_release
data\raw\DFUC2022_train_release\DFUC2022_train_images\101026.jpg,data\raw\DFUC2022_train_release\DFUC2022_train_masks\101026.png,640,480,640,480,DFUC2022_train_release
data\raw\DFUC2022_train_release\DFUC2022_train_images\101027.jpg,data\raw\DFUC2022_train_release\DFUC2022_train_masks\101027.png,640,480,640,480,DFUC2022_train_release
data\raw\DFUC2022_train_release\DFUC2022_train_images\101028.jpg,data\raw\DFUC2022_train_release\DFUC2022_train_masks\101028.png,640,480,640,480,DFUC2022_train_release
data\raw\DFUC2022_train_release\DFUC2022_train_images\101029.jpg,data\raw\DFUC2022_train_release\DFUC2022_train_masks\101029.png,640,480,640,480,DFUC2022_train_release
data\raw\DFUC2022_train_release\DFUC2022_train_images\101030.jpg,data\raw\DFUC2022_train_release\DFUC2022_train_masks\101030.png,640,480,640,480,DFUC2022_train_release
data\raw\DFUC2022_train_release\DFUC2022_train_images\101031.jpg,data\raw\DFUC2022_train_release\DFUC2022_train_masks\101031.png,640,480,640,480,DFUC2022_train_release
data\raw\DFUC2022_train_release\DFUC2022_train_images\101032.jpg,data\raw\DFUC2022_train_release\DFUC2022_train_masks\101032.png,640,480,640,480,DFUC2022_train_release
data\raw\DFUC2022_train_release\DFUC2022_train_images\101033.jpg,data\raw\DFUC2022_train_release\DFUC2022_train_masks\101033.png,640,480,640,480,DFUC2022_train_release
data\raw\DFUC2022_train_release\DFUC2022_train_images\101034.jpg,data\raw\DFUC2022_train_release\DFUC2022_train_masks\101034.png,640,480,640,480,DFUC2022_train_release
data\raw\DFUC2022_train_release\DFUC2022_train_images\101035.jpg,data\raw\DFUC2022_train_release\DFUC2022_train_masks\101035.png,640,480,640,480,DFUC2022_train_release
data\raw\DFUC2022_train_release\DFUC2022_train_images\101036.jpg,data\raw\DFUC2022_train_release\DFUC2022_train_masks\101036.png,640,480,640,480,DFUC2022_train_release
data\raw\DFUC2022_train_release\DFUC2022_train_images\101037.jpg,data\raw\DFUC2022_train_release\DFUC2022_train_masks\101037.png,640,480,640,480,DFUC2022_train_release
data\raw\DFUC2022_train_release\DFUC2022_train_images\101038.jpg,data\raw\DFUC2022_train_release\DFUC2022_train_masks\101038.png,640,480,640,480,DFUC2022_train_release
data\raw\DFUC2022_train_release\DFUC2022_train_images\101039.jpg,data\raw\DFUC2022_train_release\DFUC2022_train_masks\101039.png,640,480,640,480,DFUC2022_train_release
data\raw\DFUC2022_train_release\DFUC2022_train_images\101040.jpg,data\raw\DFUC2022_train_release\DFUC2022_train_masks\101040.png,640,480,640,480,DFUC2022_train_release
data\raw\DFUC2022_train_release\DFUC2022_train_images\101041.jpg,data\raw\DFUC2022_train_release\DFUC2022_train_masks\101041.png,640,480,640,480,DFUC2022_train_release
data\raw\DFUC2022_train_release\DFUC2022_train_images\101042.jpg,data\raw\DFUC2022_train_release\DFUC2022_train_masks\101042.png,640,480,640,480,DFUC2022_train_release
data\raw\DFUC2022_train_release\DFUC2022_train_images\101043.jpg,data\raw\DFUC2022_train_release\DFUC2022_train_masks\101043.png,640,480,640,480,DFUC2022_train_release
data\raw\DFUC2022_train_release\DFUC2022_train_images\101044.jpg,data\raw\DFUC2022_train_release\DFUC2022_train_masks\101044.png,640,480,640,480,DFUC2022_train_release
data\raw\DFUC2022_train_release\DFUC2022_train_images\101045.jpg,data\raw\DFUC2022_train_release\DFUC2022_train_masks\101045.png,640,480,640,480,DFUC2022_train_release
data\raw\DFUC2022_train_release\DFUC2022_train_images\101046.jpg,data\raw\DFUC2022_train_release\DFUC2022_train_masks\101046.png,640,480,640,480,DFUC2022_train_release
data\raw\DFUC2022_train_release\DFUC2022_train_images\101047.jpg,data\raw\DFUC2022_train_release\DFUC2022_train_masks\101047.png,640,480,640,480,DFUC2022_train_release
data\raw\DFUC2022_train_release\DFUC2022_train_images\101048.jpg,data\raw\DFUC2022_train_release\DFUC2022_train_masks\101048.png,640,480,640,480,DFUC2022_train_release
data\raw\DFUC2022_train_release\DFUC2022_train_images\101049.jpg,data\raw\DFUC2022_train_release\DFUC2022_train_masks\101049.png,640,480,640,480,DFUC2022_train_release
data\raw\DFUC2022_train_release\DFUC2022_train_images\101050.jpg,data\raw\DFUC2022_train_release\DFUC2022_train_masks\101050.png,640,480,640,480,DFUC2022_train_release
data\raw\DFUC2022_train_release\DFUC2022_train_images\101051.jpg,data\raw\DFUC2022_train_release\DFUC2022_train_masks\101051.png,640,480,640,480,DFUC2022_train_release
data\raw\DFUC2022_train_release\DFUC2022_train_images\101052.jpg,data\raw\DFUC2022_train_release\DFUC2022_train_masks\101052.png,640,480,640,480,DFUC2022_train_release
data\raw\DFUC2022_train_release\DFUC2022_train_images\101053.jpg,data\raw\DFUC2022_train_release\DFUC2022_train_masks\101053.png,640,480,640,480,DFUC2022_train_release
data\raw\DFUC2022_train_release\DFUC2022_train_images\101054.jpg,data\raw\DFUC2022_train_release\DFUC2022_train_masks\101054.png,640,480,640,480,DFUC2022_train_release
data\raw\DFUC2022_train_release\DFUC2022_train_images\101055.jpg,data\raw\DFUC2022_train_release\DFUC2022_train_masks\101055.png,640,480,640,480,DFUC2022_train_release
data\raw\DFUC2022_train_release\DFUC2022_train_images\101056.jpg,data\raw\DFUC2022_train_release\DFUC2022_train_masks\101056.png,640,480,640,480,DFUC2022_train_release
data\raw\DFUC2022_train_release\DFUC2022_train_images\101057.jpg,data\raw\DFUC2022_train_release\DFUC2022_train_masks\101057.png,640,480,640,480,DFUC2022_train_release
data\raw\DFUC2022_train_release\DFUC2022_train_images\101058.jpg,data\raw\DFUC2022_train_release\DFUC2022_train_masks\101058.png,640,480,640,480,DFUC2022_train_release
data\raw\DFUC2022_train_release\DFUC2022_train_images\101059.jpg,data\raw\DFUC2022_train_release\DFUC2022_train_masks\101059.png,640,480,640,480,DFUC2022_train_release
data\raw\DFUC2022_train_release\DFUC2022_train_images\101060.jpg,data\raw\DFUC2022_train_release\DFUC2022_train_masks\101060.png,640,480,640,480,DFUC2022_train_release
data\raw\DFUC2022_train_release\DFUC2022_train_images\101061.jpg,data\raw\DFUC2022_train_release\DFUC2022_train_masks\101061.png,640,480,640,480,DFUC2022_train_release
data\raw\DFUC2022_train_release\DFUC2022_train_images\101062.jpg,data\raw\DFUC2022_train_release\DFUC2022_train_masks\101062.png,640,480,640,480,DFUC2022_train_release
data\raw\DFUC2022_train_release\DFUC2022_train_images\101063.jpg,data\raw\DFUC2022_train_release\DFUC2022_train_masks\101063.png,640,480,640,480,DFUC2022_train_release
data\raw\DFUC2022_train_release\DFUC2022_train_images\101064.jpg,data\raw\DFUC2022_train_release\DFUC2022_train_masks\101064.png,640,480,640,480,DFUC2022_train_release
data\raw\DFUC2022_train_release\DFUC2022_train_images\101065.jpg,data\raw\DFUC2022_train_release\DFUC2022_train_masks\101065.png,640,480,640,480,DFUC2022_train_release
data\raw\DFUC2022_train_release\DFUC2022_train_images\101066.jpg,data\raw\DFUC2022_train_release\DFUC2022_train_masks\101066.png,640,480,640,480,DFUC2022_train_release
data\raw\DFUC2022_train_release\DFUC2022_train_images\101067.jpg,data\raw\DFUC2022_train_release\DFUC2022_train_masks\101067.png,640,480,640,480,DFUC2022_train_release
data\raw\DFUC2022_train_release\DFUC2022_train_images\101068.jpg,data\raw\DFUC2022_train_release\DFUC2022_train_masks\101068.png,640,480,640,480,DFUC2022_train_release
data\raw\DFUC2022_train_release\DFUC2022_train_images\101069.jpg,data\raw\DFUC2022_train_release\DFUC2022_train_masks\101069.png,640,480,640,480,DFUC2022_train_release
data\raw\DFUC2022_train_release\DFUC2022_train_images\101070.jpg,data\raw\DFUC2022_train_release\DFUC2022_train_masks\101070.png,640,480,640,480,DFUC2022_train_release
data\raw\DFUC2022_train_release\DFUC2022_train_images\101071.jpg,data\raw\DFUC2022_train_release\DFUC2022_train_masks\101071.png,640,480,640,480,DFUC2022_train_release
data\raw\DFUC2022_train_release\DFUC2022_train_images\101072.jpg,data\raw\DFUC2022_train_release\DFUC2022_train_masks\101072.png,640,480,640,480,DFUC2022_train_release
data\raw\DFUC2022_train_release\DFUC2022_train_images\101073.jpg,data\raw\DFUC2022_train_release\DFUC2022_train_masks\101073.png,640,480,640,480,DFUC2022_train_release
data\raw\DFUC2022_train_release\DFUC2022_train_images\101074.jpg,data\raw\DFUC2022_train_release\DFUC2022_train_masks\101074.png,640,480,640,480,DFUC2022_train_release
data\raw\DFUC2022_train_release\DFUC2022_train_images\101075.jpg,data\raw\DFUC2022_train_release\DFUC2022_train_masks\101075.png,640,480,640,480,DFUC2022_train_release
data\raw\DFUC2022_train_release\DFUC2022_train_images\101076.jpg,data\raw\DFUC2022_train_release\DFUC2022_train_masks\101076.png,640,480,640,480,DFUC2022_train_release
data\raw\DFUC2022_train_release\DFUC2022_train_images\101077.jpg,data\raw\DFUC2022_train_release\DFUC2022_train_masks\101077.png,640,480,640,480,DFUC2022_train_release
data\raw\DFUC2022_train_release\DFUC2022_train_images\101078.jpg,data\raw\DFUC2022_train_release\DFUC2022_train_masks\101078.png,640,480,640,480,DFUC2022_train_release
data\raw\DFUC2022_train_release\DFUC2022_train_images\101079.jpg,data\raw\DFUC2022_train_release\DFUC2022_train_masks\101079.png,640,480,640,480,DFUC2022_train_release
data\raw\DFUC2022_train_release\DFUC2022_train_images\101080.jpg,data\raw\DFUC2022_train_release\DFUC2022_train_masks\101080.png,640,480,640,480,DFUC2022_train_release
data\raw\DFUC2022_train_release\DFUC2022_train_images\101081.jpg,data\raw\DFUC2022_train_release\DFUC2022_train_masks\101081.png,640,480,640,480,DFUC2022_train_release
data\raw\DFUC2022_train_release\DFUC2022_train_images\101082.jpg,data\raw\DFUC2022_train_release\DFUC2022_train_masks\101082.png,640,480,640,480,DFUC2022_train_release
data\raw\DFUC2022_train_release\DFUC2022_train_images\101083.jpg,data\raw\DFUC2022_train_release\DFUC2022_train_masks\101083.png,640,480,640,480,DFUC2022_train_release
data\raw\DFUC2022_train_release\DFUC2022_train_images\101084.jpg,data\raw\DFUC2022_train_release\DFUC2022_train_masks\101084.png,640,480,640,480,DFUC2022_train_release
data\raw\DFUC2022_train_release\DFUC2022_train_images\101085.jpg,data\raw\DFUC2022_train_release\DFUC2022_train_masks\101085.png,640,480,640,480,DFUC2022_train_release
data\raw\DFUC2022_train_release\DFUC2022_train_images\101086.jpg,data\raw\DFUC2022_train_release\DFUC2022_train_masks\101086.png,640,480,640,480,DFUC2022_train_release
data\raw\DFUC2022_train_release\DFUC2022_train_images\101087.jpg,data\raw\DFUC2022_train_release\DFUC2022_train_masks\101087.png,640,480,640,480,DFUC2022_train_release
data\raw\DFUC2022_train_release\DFUC2022_train_images\101088.jpg,data\raw\DFUC2022_train_release\DFUC2022_train_masks\101088.png,640,480,640,480,DFUC2022_train_release
data\raw\DFUC2022_train_release\DFUC2022_train_images\101089.jpg,data\raw\DFUC2022_train_release\DFUC2022_train_masks\101089.png,640,480,640,480,DFUC2022_train_release
data\raw\DFUC2022_train_release\DFUC2022_train_images\101090.jpg,data\raw\DFUC2022_train_release\DFUC2022_train_masks\101090.png,640,480,640,480,DFUC2022_train_release
data\raw\DFUC2022_train_release\DFUC2022_train_images\101091.jpg,data\raw\DFUC2022_train_release\DFUC2022_train_masks\101091.png,640,480,640,480,DFUC2022_train_release
data\raw\DFUC2022_train_release\DFUC2022_train_images\101092.jpg,data\raw\DFUC2022_train_release\DFUC2022_train_masks\101092.png,640,480,640,480,DFUC2022_train_release
data\raw\DFUC2022_train_release\DFUC2022_train_images\101093.jpg,data\raw\DFUC2022_train_release\DFUC2022_train_masks\101093.png,640,480,640,480,DFUC2022_train_release
data\raw\DFUC2022_train_release\DFUC2022_train_images\101094.jpg,data\raw\DFUC2022_train_release\DFUC2022_train_masks\101094.png,640,480,640,480,DFUC2022_train_release
data\raw\DFUC2022_train_release\DFUC2022_train_images\101095.jpg,data\raw\DFUC2022_train_release\DFUC2022_train_masks\101095.png,640,480,640,480,DFUC2022_train_release
data\raw\DFUC2022_train_release\DFUC2022_train_images\101096.jpg,data\raw\DFUC2022_train_release\DFUC2022_train_masks\101096.png,640,480,640,480,DFUC2022_train_release
data\raw\DFUC2022_train_release\DFUC2022_train_images\101097.jpg,data\raw\DFUC2022_train_release\DFUC2022_train_masks\101097.png,640,480,640,480,DFUC2022_train_release
data\raw\DFUC2022_train_release\DFUC2022_train_images\101098.jpg,data\raw\DFUC2022_train_release\DFUC2022_train_masks\101098.png,640,480,640,480,DFUC2022_train_release
data\raw\DFUC2022_train_release\DFUC2022_train_images\101099.jpg,data\raw\DFUC2022_train_release\DFUC2022_train_masks\101099.png,640,480,640,480,DFUC2022_train_release
data\raw\DFUC2022_train_release\DFUC2022_train_images\101100.jpg,data\raw\DFUC2022_train_release\DFUC2022_train_masks\101100.png,640,480,640,480,DFUC2022_train_release
data\raw\DFUC2022_train_release\DFUC2022_train_images\101101.jpg,data\raw\DFUC2022_train_release\DFUC2022_train_masks\101101.png,640,480,640,480,DFUC2022_train_release
data\raw\DFUC2022_train_release\DFUC2022_train_images\101102.jpg,data\raw\DFUC2022_train_release\DFUC2022_train_masks\101102.png,640,480,640,480,DFUC2022_train_release
data\raw\DFUC2022_train_release\DFUC2022_train_images\101103.jpg,data\raw\DFUC2022_train_release\DFUC2022_train_masks\101103.png,640,480,640,480,DFUC2022_train_release
data\raw\DFUC2022_train_release\DFUC2022_train_images\101104.jpg,data\raw\DFUC2022_train_release\DFUC2022_train_masks\101104.png,640,480,640,480,DFUC2022_train_release
data\raw\DFUC2022_train_release\DFUC2022_train_images\101105.jpg,data\raw\DFUC2022_train_release\DFUC2022_train_masks\101105.png,640,480,640,480,DFUC2022_train_release
data\raw\DFUC2022_train_release\DFUC2022_train_images\101106.jpg,data\raw\DFUC2022_train_release\DFUC2022_train_masks\101106.png,640,480,640,480,DFUC2022_train_release
data\raw\DFUC2022_train_release\DFUC2022_train_images\101107.jpg,data\raw\DFUC2022_train_release\DFUC2022_train_masks\101107.png,640,480,640,480,DFUC2022_train_release
data\raw\DFUC2022_train_release\DFUC2022_train_images\101108.jpg,data\raw\DFUC2022_train_release\DFUC2022_train_masks\101108.png,640,480,640,480,DFUC2022_train_release
data\raw\DFUC2022_train_release\DFUC2022_train_images\101109.jpg,data\raw\DFUC2022_train_release\DFUC2022_train_masks\101109.png,640,480,640,480,DFUC2022_train_release
data\raw\DFUC2022_train_release\DFUC2022_train_images\101110.jpg,data\raw\DFUC2022_train_release\DFUC2022_train_masks\101110.png,640,480,640,480,DFUC2022_train_release
data\raw\DFUC2022_train_release\DFUC2022_train_images\101111.jpg,data\raw\DFUC2022_train_release\DFUC2022_train_masks\101111.png,640,480,640,480,DFUC2022_train_release
data\raw\DFUC2022_train_release\DFUC2022_train_images\101112.jpg,data\raw\DFUC2022_train_release\DFUC2022_train_masks\101112.png,640,480,640,480,DFUC2022_train_release
data\raw\DFUC2022_train_release\DFUC2022_train_images\101113.jpg,data\raw\DFUC2022_train_release\DFUC2022_train_masks\101113.png,640,480,640,480,DFUC2022_train_release
data\raw\DFUC2022_train_release\DFUC2022_train_images\101114.jpg,data\raw\DFUC2022_train_release\DFUC2022_train_masks\101114.png,640,480,640,480,DFUC2022_train_release
data\raw\DFUC2022_train_release\DFUC2022_train_images\101115.jpg,data\raw\DFUC2022_train_release\DFUC2022_train_masks\101115.png,640,480,640,480,DFUC2022_train_release
data\raw\DFUC2022_train_release\DFUC2022_train_images\101116.jpg,data\raw\DFUC2022_train_release\DFUC2022_train_masks\101116.png,640,480,640,480,DFUC2022_train_release
data\raw\DFUC2022_train_release\DFUC2022_train_images\101117.jpg,data\raw\DFUC2022_train_release\DFUC2022_train_masks\101117.png,640,480,640,480,DFUC2022_train_release
data\raw\DFUC2022_train_release\DFUC2022_train_images\101118.jpg,data\raw\DFUC2022_train_release\DFUC2022_train_masks\101118.png,640,480,640,480,DFUC2022_train_release
data\raw\DFUC2022_train_release\DFUC2022_train_images\101119.jpg,data\raw\DFUC2022_train_release\DFUC2022_train_masks\101119.png,640,480,640,480,DFUC2022_train_release
data\raw\DFUC2022_train_release\DFUC2022_train_images\101120.jpg,data\raw\DFUC2022_train_release\DFUC2022_train_masks\101120.png,640,480,640,480,DFUC2022_train_release
data\raw\DFUC2022_train_release\DFUC2022_train_images\101121.jpg,data\raw\DFUC2022_train_release\DFUC2022_train_masks\101121.png,640,480,640,480,DFUC2022_train_release
data\raw\DFUC2022_train_release\DFUC2022_train_images\101122.jpg,data\raw\DFUC2022_train_release\DFUC2022_train_masks\101122.png,640,480,640,480,DFUC2022_train_release
data\raw\DFUC2022_train_release\DFUC2022_train_images\101123.jpg,data\raw\DFUC2022_train_release\DFUC2022_train_masks\101123.png,640,480,640,480,DFUC2022_train_release
data\raw\DFUC2022_train_release\DFUC2022_train_images\101124.jpg,data\raw\DFUC2022_train_release\DFUC2022_train_masks\101124.png,640,480,640,480,DFUC2022_train_release
data\raw\DFUC2022_train_release\DFUC2022_train_images\101125.jpg,data\raw\DFUC2022_train_release\DFUC2022_train_masks\101125.png,640,480,640,480,DFUC2022_train_release
data\raw\DFUC2022_train_release\DFUC2022_train_images\101126.jpg,data\raw\DFUC2022_train_release\DFUC2022_train_masks\101126.png,640,480,640,480,DFUC2022_train_release
data\raw\DFUC2022_train_release\DFUC2022_train_images\101127.jpg,data\raw\DFUC2022_train_release\DFUC2022_train_masks\101127.png,640,480,640,480,DFUC2022_train_release
data\raw\DFUC2022_train_release\DFUC2022_train_images\101128.jpg,data\raw\DFUC2022_train_release\DFUC2022_train_masks\101128.png,640,480,640,480,DFUC2022_train_release
data\raw\DFUC2022_train_release\DFUC2022_train_images\101129.jpg,data\raw\DFUC2022_train_release\DFUC2022_train_masks\101129.png,640,480,640,480,DFUC2022_train_release
data\raw\DFUC2022_train_release\DFUC2022_train_images\101130.jpg,data\raw\DFUC2022_train_release\DFUC2022_train_masks\101130.png,640,480,640,480,DFUC2022_train_release
data\raw\DFUC2022_train_release\DFUC2022_train_images\101131.jpg,data\raw\DFUC2022_train_release\DFUC2022_train_masks\101131.png,640,480,640,480,DFUC2022_train_release
data\raw\DFUC2022_train_release\DFUC2022_train_images\101132.jpg,data\raw\DFUC2022_train_release\DFUC2022_train_masks\101132.png,640,480,640,480,DFUC2022_train_release
data\raw\DFUC2022_train_release\DFUC2022_train_images\101133.jpg,data\raw\DFUC2022_train_release\DFUC2022_train_masks\101133.png,640,480,640,480,DFUC2022_train_release
data\raw\DFUC2022_train_release\DFUC2022_train_images\101134.jpg,data\raw\DFUC2022_train_release\DFUC2022_train_masks\101134.png,640,480,640,480,DFUC2022_train_release
data\raw\DFUC2022_train_release\DFUC2022_train_images\101135.jpg,data\raw\DFUC2022_train_release\DFUC2022_train_masks\101135.png,640,480,640,480,DFUC2022_train_release
data\raw\DFUC2022_train_release\DFUC2022_train_images\101136.jpg,data\raw\DFUC2022_train_release\DFUC2022_train_masks\101136.png,640,480,640,480,DFUC2022_train_release
data\raw\DFUC2022_train_release\DFUC2022_train_images\101137.jpg,data\raw\DFUC2022_train_release\DFUC2022_train_masks\101137.png,640,480,640,480,DFUC2022_train_release
data\raw\DFUC2022_train_release\DFUC2022_train_images\101138.jpg,data\raw\DFUC2022_train_release\DFUC2022_train_masks\101138.png,640,480,640,480,DFUC2022_train_release
data\raw\DFUC2022_train_release\DFUC2022_train_images\101139.jpg,data\raw\DFUC2022_train_release\DFUC2022_train_masks\101139.png,640,480,640,480,DFUC2022_train_release
data\raw\DFUC2022_train_release\DFUC2022_train_images\101140.jpg,data\raw\DFUC2022_train_release\DFUC2022_train_masks\101140.png,640,480,640,480,DFUC2022_train_release
data\raw\DFUC2022_train_release\DFUC2022_train_images\101141.jpg,data\raw\DFUC2022_train_release\DFUC2022_train_masks\101141.png,640,480,640,480,DFUC2022_train_release
data\raw\DFUC2022_train_release\DFUC2022_train_images\101142.jpg,data\raw\DFUC2022_train_release\DFUC2022_train_masks\101142.png,640,480,640,480,DFUC2022_train_release
data\raw\DFUC2022_train_release\DFUC2022_train_images\101143.jpg,data\raw\DFUC2022_train_release\DFUC2022_train_masks\101143.png,640,480,640,480,DFUC2022_train_release
data\raw\DFUC2022_train_release\DFUC2022_train_images\101144.jpg,data\raw\DFUC2022_train_release\DFUC2022_train_masks\101144.png,640,480,640,480,DFUC2022_train_release
data\raw\DFUC2022_train_release\DFUC2022_train_images\101145.jpg,data\raw\DFUC2022_train_release\DFUC2022_train_masks\101145.png,640,480,640,480,DFUC2022_train_release
data\raw\DFUC2022_train_release\DFUC2022_train_images\101146.jpg,data\raw\DFUC2022_train_release\DFUC2022_train_masks\101146.png,640,480,640,480,DFUC2022_train_release
data\raw\DFUC2022_train_release\DFUC2022_train_images\101147.jpg,data\raw\DFUC2022_train_release\DFUC2022_train_masks\101147.png,640,480,640,480,DFUC2022_train_release
data\raw\DFUC2022_train_release\DFUC2022_train_images\101148.jpg,data\raw\DFUC2022_train_release\DFUC2022_train_masks\101148.png,640,480,640,480,DFUC2022_train_release
data\raw\DFUC2022_train_release\DFUC2022_train_images\101149.jpg,data\raw\DFUC2022_train_release\DFUC2022_train_masks\101149.png,640,480,640,480,DFUC2022_train_release
data\raw\DFUC2022_train_release\DFUC2022_train_images\101150.jpg,data\raw\DFUC2022_train_release\DFUC2022_train_masks\101150.png,640,480,640,480,DFUC2022_train_release
data\raw\DFUC2022_train_release\DFUC2022_train_images\101151.jpg,data\raw\DFUC2022_train_release\DFUC2022_train_masks\101151.png,640,480,640,480,DFUC2022_train_release
data\raw\DFUC2022_train_release\DFUC2022_train_images\101152.jpg,data\raw\DFUC2022_train_release\DFUC2022_train_masks\101152.png,640,480,640,480,DFUC2022_train_release
data\raw\DFUC2022_train_release\DFUC2022_train_images\101153.jpg,data\raw\DFUC2022_train_release\DFUC2022_train_masks\101153.png,640,480,640,480,DFUC2022_train_release
data\raw\DFUC2022_train_release\DFUC2022_train_images\101154.jpg,data\raw\DFUC2022_train_release\DFUC2022_train_masks\101154.png,640,480,640,480,DFUC2022_train_release
data\raw\DFUC2022_train_release\DFUC2022_train_images\101155.jpg,data\raw\DFUC2022_train_release\DFUC2022_train_masks\101155.png,640,480,640,480,DFUC2022_train_release
data\raw\DFUC2022_train_release\DFUC2022_train_images\101156.jpg,data\raw\DFUC2022_train_release\DFUC2022_train_masks\101156.png,640,480,640,480,DFUC2022_train_release
data\raw\DFUC2022_train_release\DFUC2022_train_images\101157.jpg,data\raw\DFUC2022_train_release\DFUC2022_train_masks\101157.png,640,480,640,480,DFUC2022_train_release
data\raw\DFUC2022_train_release\DFUC2022_train_images\101158.jpg,data\raw\DFUC2022_train_release\DFUC2022_train_masks\101158.png,640,480,640,480,DFUC2022_train_release
data\raw\DFUC2022_train_release\DFUC2022_train_images\101159.jpg,data\raw\DFUC2022_train_release\DFUC2022_train_masks\101159.png,640,480,640,480,DFUC2022_train_release
data\raw\DFUC2022_train_release\DFUC2022_train_images\101160.jpg,data\raw\DFUC2022_train_release\DFUC2022_train_masks\101160.png,640,480,640,480,DFUC2022_train_release
data\raw\DFUC2022_train_release\DFUC2022_train_images\101161.jpg,data\raw\DFUC2022_train_release\DFUC2022_train_masks\101161.png,640,480,640,480,DFUC2022_train_release
data\raw\DFUC2022_train_release\DFUC2022_train_images\101162.jpg,data\raw\DFUC2022_train_release\DFUC2022_train_masks\101162.png,640,480,640,480,DFUC2022_train_release
data\raw\DFUC2022_train_release\DFUC2022_train_images\101163.jpg,data\raw\DFUC2022_train_release\DFUC2022_train_masks\101163.png,640,480,640,480,DFUC2022_train_release
data\raw\DFUC2022_train_release\DFUC2022_train_images\101164.jpg,data\raw\DFUC2022_train_release\DFUC2022_train_masks\101164.png,640,480,640,480,DFUC2022_train_release
data\raw\DFUC2022_train_release\DFUC2022_train_images\101165.jpg,data\raw\DFUC2022_train_release\DFUC2022_train_masks\101165.png,640,480,640,480,DFUC2022_train_release
data\raw\DFUC2022_train_release\DFUC2022_train_images\101166.jpg,data\raw\DFUC2022_train_release\DFUC2022_train_masks\101166.png,640,480,640,480,DFUC2022_train_release
data\raw\DFUC2022_train_release\DFUC2022_train_images\101167.jpg,data\raw\DFUC2022_train_release\DFUC2022_train_masks\101167.png,640,480,640,480,DFUC2022_train_release
data\raw\DFUC2022_train_release\DFUC2022_train_images\101168.jpg,data\raw\DFUC2022_train_release\DFUC2022_train_masks\101168.png,640,480,640,480,DFUC2022_train_release
data\raw\DFUC2022_train_release\DFUC2022_train_images\101169.jpg,data\raw\DFUC2022_train_release\DFUC2022_train_masks\101169.png,640,480,640,480,DFUC2022_train_release
data\raw\DFUC2022_train_release\DFUC2022_train_images\101170.jpg,data\raw\DFUC2022_train_release\DFUC2022_train_masks\101170.png,640,480,640,480,DFUC2022_train_release
data\raw\DFUC2022_train_release\DFUC2022_train_images\101171.jpg,data\raw\DFUC2022_train_release\DFUC2022_train_masks\101171.png,640,480,640,480,DFUC2022_train_release
data\raw\DFUC2022_train_release\DFUC2022_train_images\101172.jpg,data\raw\DFUC2022_train_release\DFUC2022_train_masks\101172.png,640,480,640,480,DFUC2022_train_release
data\raw\DFUC2022_train_release\DFUC2022_train_images\101173.jpg,data\raw\DFUC2022_train_release\DFUC2022_train_masks\101173.png,640,480,640,480,DFUC2022_train_release
data\raw\DFUC2022_train_release\DFUC2022_train_images\101174.jpg,data\raw\DFUC2022_train_release\DFUC2022_train_masks\101174.png,640,480,640,480,DFUC2022_train_release
data\raw\DFUC2022_train_release\DFUC2022_train_images\101175.jpg,data\raw\DFUC2022_train_release\DFUC2022_train_masks\101175.png,640,480,640,480,DFUC2022_train_release
data\raw\DFUC2022_train_release\DFUC2022_train_images\101176.jpg,data\raw\DFUC2022_train_release\DFUC2022_train_masks\101176.png,640,480,640,480,DFUC2022_train_release
data\raw\DFUC2022_train_release\DFUC2022_train_images\101177.jpg,data\raw\DFUC2022_train_release\DFUC2022_train_masks\101177.png,640,480,640,480,DFUC2022_train_release
data\raw\DFUC2022_train_release\DFUC2022_train_images\101178.jpg,data\raw\DFUC2022_train_release\DFUC2022_train_masks\101178.png,640,480,640,480,DFUC2022_train_release
data\raw\DFUC2022_train_release\DFUC2022_train_images\101179.jpg,data\raw\DFUC2022_train_release\DFUC2022_train_masks\101179.png,640,480,640,480,DFUC2022_train_release
data\raw\DFUC2022_train_release\DFUC2022_train_images\101180.jpg,data\raw\DFUC2022_train_release\DFUC2022_train_masks\101180.png,640,480,640,480,DFUC2022_train_release
data\raw\DFUC2022_train_release\DFUC2022_train_images\101181.jpg,data\raw\DFUC2022_train_release\DFUC2022_train_masks\101181.png,640,480,640,480,DFUC2022_train_release
data\raw\DFUC2022_train_release\DFUC2022_train_images\101182.jpg,data\raw\DFUC2022_train_release\DFUC2022_train_masks\101182.png,640,480,640,480,DFUC2022_train_release
data\raw\DFUC2022_train_release\DFUC2022_train_images\101183.jpg,data\raw\DFUC2022_train_release\DFUC2022_train_masks\101183.png,640,480,640,480,DFUC2022_train_release
data\raw\DFUC2022_train_release\DFUC2022_train_images\101184.jpg,data\raw\DFUC2022_train_release\DFUC2022_train_masks\101184.png,640,480,640,480,DFUC2022_train_release
data\raw\DFUC2022_train_release\DFUC2022_train_images\101185.jpg,data\raw\DFUC2022_train_release\DFUC2022_train_masks\101185.png,640,480,640,480,DFUC2022_train_release
data\raw\DFUC2022_train_release\DFUC2022_train_images\101186.jpg,data\raw\DFUC2022_train_release\DFUC2022_train_masks\101186.png,640,480,640,480,DFUC2022_train_release
data\raw\DFUC2022_train_release\DFUC2022_train_images\101187.jpg,data\raw\DFUC2022_train_release\DFUC2022_train_masks\101187.png,640,480,640,480,DFUC2022_train_release
data\raw\DFUC2022_train_release\DFUC2022_train_images\101188.jpg,data\raw\DFUC2022_train_release\DFUC2022_train_masks\101188.png,640,480,640,480,DFUC2022_train_release
data\raw\DFUC2022_train_release\DFUC2022_train_images\101189.jpg,data\raw\DFUC2022_train_release\DFUC2022_train_masks\101189.png,640,480,640,480,DFUC2022_train_release
data\raw\DFUC2022_train_release\DFUC2022_train_images\101190.jpg,data\raw\DFUC2022_train_release\DFUC2022_train_masks\101190.png,640,480,640,480,DFUC2022_train_release
data\raw\DFUC2022_train_release\DFUC2022_train_images\101191.jpg,data\raw\DFUC2022_train_release\DFUC2022_train_masks\101191.png,640,480,640,480,DFUC2022_train_release
data\raw\DFUC2022_train_release\DFUC2022_train_images\101192.jpg,data\raw\DFUC2022_train_release\DFUC2022_train_masks\101192.png,640,480,640,480,DFUC2022_train_release
data\raw\DFUC2022_train_release\DFUC2022_train_images\101193.jpg,data\raw\DFUC2022_train_release\DFUC2022_train_masks\101193.png,640,480,640,480,DFUC2022_train_release
data\raw\DFUC2022_train_release\DFUC2022_train_images\101194.jpg,data\raw\DFUC2022_train_release\DFUC2022_train_masks\101194.png,640,480,640,480,DFUC2022_train_release
data\raw\DFUC2022_train_release\DFUC2022_train_images\101195.jpg,data\raw\DFUC2022_train_release\DFUC2022_train_masks\101195.png,640,480,640,480,DFUC2022_train_release
data\raw\DFUC2022_train_release\DFUC2022_train_images\101196.jpg,data\raw\DFUC2022_train_release\DFUC2022_train_masks\101196.png,640,480,640,480,DFUC2022_train_release
data\raw\DFUC2022_train_release\DFUC2022_train_images\101197.jpg,data\raw\DFUC2022_train_release\DFUC2022_train_masks\101197.png,640,480,640,480,DFUC2022_train_release
data\raw\DFUC2022_train_release\DFUC2022_train_images\101198.jpg,data\raw\DFUC2022_train_release\DFUC2022_train_masks\101198.png,640,480,640,480,DFUC2022_train_release
data\raw\DFUC2022_train_release\DFUC2022_train_images\101199.jpg,data\raw\DFUC2022_train_release\DFUC2022_train_masks\101199.png,640,480,640,480,DFUC2022_train_release
data\raw\DFUC2022_train_release\DFUC2022_train_images\101200.jpg,data\raw\DFUC2022_train_release\DFUC2022_train_masks\101200.png,640,480,640,480,DFUC2022_train_release
data\raw\DFUC2022_train_release\DFUC2022_train_images\101201.jpg,data\raw\DFUC2022_train_release\DFUC2022_train_masks\101201.png,640,480,640,480,DFUC2022_train_release
data\raw\DFUC2022_train_release\DFUC2022_train_images\101202.jpg,data\raw\DFUC2022_train_release\DFUC2022_train_masks\101202.png,640,480,640,480,DFUC2022_train_release
data\raw\DFUC2022_train_release\DFUC2022_train_images\101203.jpg,data\raw\DFUC2022_train_release\DFUC2022_train_masks\101203.png,640,480,640,480,DFUC2022_train_release
data\raw\DFUC2022_train_release\DFUC2022_train_images\101204.jpg,data\raw\DFUC2022_train_release\DFUC2022_train_masks\101204.png,640,480,640,480,DFUC2022_train_release
data\raw\DFUC2022_train_release\DFUC2022_train_images\101205.jpg,data\raw\DFUC2022_train_release\DFUC2022_train_masks\101205.png,640,480,640,480,DFUC2022_train_release
data\raw\DFUC2022_train_release\DFUC2022_train_images\101206.jpg,data\raw\DFUC2022_train_release\DFUC2022_train_masks\101206.png,640,480,640,480,DFUC2022_train_release
data\raw\DFUC2022_train_release\DFUC2022_train_images\101207.jpg,data\raw\DFUC2022_train_release\DFUC2022_train_masks\101207.png,640,480,640,480,DFUC2022_train_release
data\raw\DFUC2022_train_release\DFUC2022_train_images\101208.jpg,data\raw\DFUC2022_train_release\DFUC2022_train_masks\101208.png,640,480,640,480,DFUC2022_train_release
data\raw\DFUC2022_train_release\DFUC2022_train_images\101209.jpg,data\raw\DFUC2022_train_release\DFUC2022_train_masks\101209.png,640,480,640,480,DFUC2022_train_release
data\raw\DFUC2022_train_release\DFUC2022_train_images\101210.jpg,data\raw\DFUC2022_train_release\DFUC2022_train_masks\101210.png,640,480,640,480,DFUC2022_train_release
data\raw\DFUC2022_train_release\DFUC2022_train_images\101211.jpg,data\raw\DFUC2022_train_release\DFUC2022_train_masks\101211.png,640,480,640,480,DFUC2022_train_release
data\raw\DFUC2022_train_release\DFUC2022_train_images\101212.jpg,data\raw\DFUC2022_train_release\DFUC2022_train_masks\101212.png,640,480,640,480,DFUC2022_train_release
data\raw\DFUC2022_train_release\DFUC2022_train_images\101213.jpg,data\raw\DFUC2022_train_release\DFUC2022_train_masks\101213.png,640,480,640,480,DFUC2022_train_release
data\raw\DFUC2022_train_release\DFUC2022_train_images\101214.jpg,data\raw\DFUC2022_train_release\DFUC2022_train_masks\101214.png,640,480,640,480,DFUC2022_train_release
data\raw\DFUC2022_train_release\DFUC2022_train_images\101215.jpg,data\raw\DFUC2022_train_release\DFUC2022_train_masks\101215.png,640,480,640,480,DFUC2022_train_release
data\raw\DFUC2022_train_release\DFUC2022_train_images\101216.jpg,data\raw\DFUC2022_train_release\DFUC2022_train_masks\101216.png,640,480,640,480,DFUC2022_train_release
data\raw\DFUC2022_train_release\DFUC2022_train_images\101217.jpg,data\raw\DFUC2022_train_release\DFUC2022_train_masks\101217.png,640,480,640,480,DFUC2022_train_release
data\raw\DFUC2022_train_release\DFUC2022_train_images\101218.jpg,data\raw\DFUC2022_train_release\DFUC2022_train_masks\101218.png,640,480,640,480,DFUC2022_train_release
data\raw\DFUC2022_train_release\DFUC2022_train_images\101219.jpg,data\raw\DFUC2022_train_release\DFUC2022_train_masks\101219.png,640,480,640,480,DFUC2022_train_release
data\raw\DFUC2022_train_release\DFUC2022_train_images\101220.jpg,data\raw\DFUC2022_train_release\DFUC2022_train_masks\101220.png,640,480,640,480,DFUC2022_train_release
data\raw\DFUC2022_train_release\DFUC2022_train_images\101221.jpg,data\raw\DFUC2022_train_release\DFUC2022_train_masks\101221.png,640,480,640,480,DFUC2022_train_release
data\raw\DFUC2022_train_release\DFUC2022_train_images\101222.jpg,data\raw\DFUC2022_train_release\DFUC2022_train_masks\101222.png,640,480,640,480,DFUC2022_train_release
data\raw\DFUC2022_train_release\DFUC2022_train_images\101223.jpg,data\raw\DFUC2022_train_release\DFUC2022_train_masks\101223.png,640,480,640,480,DFUC2022_train_release
data\raw\DFUC2022_train_release\DFUC2022_train_images\101224.jpg,data\raw\DFUC2022_train_release\DFUC2022_train_masks\101224.png,640,480,640,480,DFUC2022_train_release
data\raw\DFUC2022_train_release\DFUC2022_train_images\101225.jpg,data\raw\DFUC2022_train_release\DFUC2022_train_masks\101225.png,640,480,640,480,DFUC2022_train_release
data\raw\DFUC2022_train_release\DFUC2022_train_images\101226.jpg,data\raw\DFUC2022_train_release\DFUC2022_train_masks\101226.png,640,480,640,480,DFUC2022_train_release
data\raw\DFUC2022_train_release\DFUC2022_train_images\101227.jpg,data\raw\DFUC2022_train_release\DFUC2022_train_masks\101227.png,640,480,640,480,DFUC2022_train_release
data\raw\DFUC2022_train_release\DFUC2022_train_images\101228.jpg,data\raw\DFUC2022_train_release\DFUC2022_train_masks\101228.png,640,480,640,480,DFUC2022_train_release
data\raw\DFUC2022_train_release\DFUC2022_train_images\101229.jpg,data\raw\DFUC2022_train_release\DFUC2022_train_masks\101229.png,640,480,640,480,DFUC2022_train_release
data\raw\DFUC2022_train_release\DFUC2022_train_images\101230.jpg,data\raw\DFUC2022_train_release\DFUC2022_train_masks\101230.png,640,480,640,480,DFUC2022_train_release
data\raw\DFUC2022_train_release\DFUC2022_train_images\101231.jpg,data\raw\DFUC2022_train_release\DFUC2022_train_masks\101231.png,640,480,640,480,DFUC2022_train_release
data\raw\DFUC2022_train_release\DFUC2022_train_images\101232.jpg,data\raw\DFUC2022_train_release\DFUC2022_train_masks\101232.png,640,480,640,480,DFUC2022_train_release
data\raw\DFUC2022_train_release\DFUC2022_train_images\101233.jpg,data\raw\DFUC2022_train_release\DFUC2022_train_masks\101233.png,640,480,640,480,DFUC2022_train_release
data\raw\DFUC2022_train_release\DFUC2022_train_images\101234.jpg,data\raw\DFUC2022_train_release\DFUC2022_train_masks\101234.png,640,480,640,480,DFUC2022_train_release
data\raw\DFUC2022_train_release\DFUC2022_train_images\101235.jpg,data\raw\DFUC2022_train_release\DFUC2022_train_masks\101235.png,640,480,640,480,DFUC2022_train_release
data\raw\DFUC2022_train_release\DFUC2022_train_images\101236.jpg,data\raw\DFUC2022_train_release\DFUC2022_train_masks\101236.png,640,480,640,480,DFUC2022_train_release
data\raw\DFUC2022_train_release\DFUC2022_train_images\101237.jpg,data\raw\DFUC2022_train_release\DFUC2022_train_masks\101237.png,640,480,640,480,DFUC2022_train_release
data\raw\DFUC2022_train_release\DFUC2022_train_images\101238.jpg,data\raw\DFUC2022_train_release\DFUC2022_train_masks\101238.png,640,480,640,480,DFUC2022_train_release
data\raw\DFUC2022_train_release\DFUC2022_train_images\101239.jpg,data\raw\DFUC2022_train_release\DFUC2022_train_masks\101239.png,640,480,640,480,DFUC2022_train_release
data\raw\DFUC2022_train_release\DFUC2022_train_images\101240.jpg,data\raw\DFUC2022_train_release\DFUC2022_train_masks\101240.png,640,480,640,480,DFUC2022_train_release
data\raw\DFUC2022_train_release\DFUC2022_train_images\101241.jpg,data\raw\DFUC2022_train_release\DFUC2022_train_masks\101241.png,640,480,640,480,DFUC2022_train_release
data\raw\DFUC2022_train_release\DFUC2022_train_images\101242.jpg,data\raw\DFUC2022_train_release\DFUC2022_train_masks\101242.png,640,480,640,480,DFUC2022_train_release
data\raw\DFUC2022_train_release\DFUC2022_train_images\101243.jpg,data\raw\DFUC2022_train_release\DFUC2022_train_masks\101243.png,640,480,640,480,DFUC2022_train_release
data\raw\DFUC2022_train_release\DFUC2022_train_images\101244.jpg,data\raw\DFUC2022_train_release\DFUC2022_train_masks\101244.png,640,480,640,480,DFUC2022_train_release
data\raw\DFUC2022_train_release\DFUC2022_train_images\101245.jpg,data\raw\DFUC2022_train_release\DFUC2022_train_masks\101245.png,640,480,640,480,DFUC2022_train_release
data\raw\DFUC2022_train_release\DFUC2022_train_images\101246.jpg,data\raw\DFUC2022_train_release\DFUC2022_train_masks\101246.png,640,480,640,480,DFUC2022_train_release
data\raw\DFUC2022_train_release\DFUC2022_train_images\101247.jpg,data\raw\DFUC2022_train_release\DFUC2022_train_masks\101247.png,640,480,640,480,DFUC2022_train_release
data\raw\DFUC2022_train_release\DFUC2022_train_images\101248.jpg,data\raw\DFUC2022_train_release\DFUC2022_train_masks\101248.png,640,480,640,480,DFUC2022_train_release
data\raw\DFUC2022_train_release\DFUC2022_train_images\101249.jpg,data\raw\DFUC2022_train_release\DFUC2022_train_masks\101249.png,640,480,640,480,DFUC2022_train_release
data\raw\DFUC2022_train_release\DFUC2022_train_images\101250.jpg,data\raw\DFUC2022_train_release\DFUC2022_train_masks\101250.png,640,480,640,480,DFUC2022_train_release
data\raw\DFUC2022_train_release\DFUC2022_train_images\101251.jpg,data\raw\DFUC2022_train_release\DFUC2022_train_masks\101251.png,640,480,640,480,DFUC2022_train_release
data\raw\DFUC2022_train_release\DFUC2022_train_images\101252.jpg,data\raw\DFUC2022_train_release\DFUC2022_train_masks\101252.png,640,480,640,480,DFUC2022_train_release
data\raw\DFUC2022_train_release\DFUC2022_train_images\101253.jpg,data\raw\DFUC2022_train_release\DFUC2022_train_masks\101253.png,640,480,640,480,DFUC2022_train_release
data\raw\DFUC2022_train_release\DFUC2022_train_images\101254.jpg,data\raw\DFUC2022_train_release\DFUC2022_train_masks\101254.png,640,480,640,480,DFUC2022_train_release
data\raw\DFUC2022_train_release\DFUC2022_train_images\101255.jpg,data\raw\DFUC2022_train_release\DFUC2022_train_masks\101255.png,640,480,640,480,DFUC2022_train_release
data\raw\DFUC2022_train_release\DFUC2022_train_images\101256.jpg,data\raw\DFUC2022_train_release\DFUC2022_train_masks\101256.png,640,480,640,480,DFUC2022_train_release
data\raw\DFUC2022_train_release\DFUC2022_train_images\101257.jpg,data\raw\DFUC2022_train_release\DFUC2022_train_masks\101257.png,640,480,640,480,DFUC2022_train_release
data\raw\DFUC2022_train_release\DFUC2022_train_images\101258.jpg,data\raw\DFUC2022_train_release\DFUC2022_train_masks\101258.png,640,480,640,480,DFUC2022_train_release
data\raw\DFUC2022_train_release\DFUC2022_train_images\101259.jpg,data\raw\DFUC2022_train_release\DFUC2022_train_masks\101259.png,640,480,640,480,DFUC2022_train_release
data\raw\DFUC2022_train_release\DFUC2022_train_images\101260.jpg,data\raw\DFUC2022_train_release\DFUC2022_train_masks\101260.png,640,480,640,480,DFUC2022_train_release
data\raw\DFUC2022_train_release\DFUC2022_train_images\101261.jpg,data\raw\DFUC2022_train_release\DFUC2022_train_masks\101261.png,640,480,640,480,DFUC2022_train_release
data\raw\DFUC2022_train_release\DFUC2022_train_images\101262.jpg,data\raw\DFUC2022_train_release\DFUC2022_train_masks\101262.png,640,480,640,480,DFUC2022_train_release
data\raw\DFUC2022_train_release\DFUC2022_train_images\101263.jpg,data\raw\DFUC2022_train_release\DFUC2022_train_masks\101263.png,640,480,640,480,DFUC2022_train_release
data\raw\DFUC2022_train_release\DFUC2022_train_images\101264.jpg,data\raw\DFUC2022_train_release\DFUC2022_train_masks\101264.png,640,480,640,480,DFUC2022_train_release
data\raw\DFUC2022_train_release\DFUC2022_train_images\101265.jpg,data\raw\DFUC2022_train_release\DFUC2022_train_masks\101265.png,640,480,640,480,DFUC2022_train_release
data\raw\DFUC2022_train_release\DFUC2022_train_images\101266.jpg,data\raw\DFUC2022_train_release\DFUC2022_train_masks\101266.png,640,480,640,480,DFUC2022_train_release
data\raw\DFUC2022_train_release\DFUC2022_train_images\101267.jpg,data\raw\DFUC2022_train_release\DFUC2022_train_masks\101267.png,640,480,640,480,DFUC2022_train_release
data\raw\DFUC2022_train_release\DFUC2022_train_images\101268.jpg,data\raw\DFUC2022_train_release\DFUC2022_train_masks\101268.png,640,480,640,480,DFUC2022_train_release
data\raw\DFUC2022_train_release\DFUC2022_train_images\101269.jpg,data\raw\DFUC2022_train_release\DFUC2022_train_masks\101269.png,640,480,640,480,DFUC2022_train_release
data\raw\DFUC2022_train_release\DFUC2022_train_images\101270.jpg,data\raw\DFUC2022_train_release\DFUC2022_train_masks\101270.png,640,480,640,480,DFUC2022_train_release
data\raw\DFUC2022_train_release\DFUC2022_train_images\101271.jpg,data\raw\DFUC2022_train_release\DFUC2022_train_masks\101271.png,640,480,640,480,DFUC2022_train_release
data\raw\DFUC2022_train_release\DFUC2022_train_images\101272.jpg,data\raw\DFUC2022_train_release\DFUC2022_train_masks\101272.png,640,480,640,480,DFUC2022_train_release
data\raw\DFUC2022_train_release\DFUC2022_train_images\101273.jpg,data\raw\DFUC2022_train_release\DFUC2022_train_masks\101273.png,640,480,640,480,DFUC2022_train_release
data\raw\DFUC2022_train_release\DFUC2022_train_images\101274.jpg,data\raw\DFUC2022_train_release\DFUC2022_train_masks\101274.png,640,480,640,480,DFUC2022_train_release
data\raw\DFUC2022_train_release\DFUC2022_train_images\101275.jpg,data\raw\DFUC2022_train_release\DFUC2022_train_masks\101275.png,640,480,640,480,DFUC2022_train_release
data\raw\DFUC2022_train_release\DFUC2022_train_images\101276.jpg,data\raw\DFUC2022_train_release\DFUC2022_train_masks\101276.png,640,480,640,480,DFUC2022_train_release
data\raw\DFUC2022_train_release\DFUC2022_train_images\101277.jpg,data\raw\DFUC2022_train_release\DFUC2022_train_masks\101277.png,640,480,640,480,DFUC2022_train_release
data\raw\DFUC2022_train_release\DFUC2022_train_images\101278.jpg,data\raw\DFUC2022_train_release\DFUC2022_train_masks\101278.png,640,480,640,480,DFUC2022_train_release
data\raw\DFUC2022_train_release\DFUC2022_train_images\101279.jpg,data\raw\DFUC2022_train_release\DFUC2022_train_masks\101279.png,640,480,640,480,DFUC2022_train_release
data\raw\DFUC2022_train_release\DFUC2022_train_images\101280.jpg,data\raw\DFUC2022_train_release\DFUC2022_train_masks\101280.png,640,480,640,480,DFUC2022_train_release
data\raw\DFUC2022_train_release\DFUC2022_train_images\101281.jpg,data\raw\DFUC2022_train_release\DFUC2022_train_masks\101281.png,640,480,640,480,DFUC2022_train_release
data\raw\DFUC2022_train_release\DFUC2022_train_images\101282.jpg,data\raw\DFUC2022_train_release\DFUC2022_train_masks\101282.png,640,480,640,480,DFUC2022_train_release
data\raw\DFUC2022_train_release\DFUC2022_train_images\101283.jpg,data\raw\DFUC2022_train_release\DFUC2022_train_masks\101283.png,640,480,640,480,DFUC2022_train_release
data\raw\DFUC2022_train_release\DFUC2022_train_images\101284.jpg,data\raw\DFUC2022_train_release\DFUC2022_train_masks\101284.png,640,480,640,480,DFUC2022_train_release
data\raw\DFUC2022_train_release\DFUC2022_train_images\101285.jpg,data\raw\DFUC2022_train_release\DFUC2022_train_masks\101285.png,640,480,640,480,DFUC2022_train_release
data\raw\DFUC2022_train_release\DFUC2022_train_images\101286.jpg,data\raw\DFUC2022_train_release\DFUC2022_train_masks\101286.png,640,480,640,480,DFUC2022_train_release
data\raw\DFUC2022_train_release\DFUC2022_train_images\101287.jpg,data\raw\DFUC2022_train_release\DFUC2022_train_masks\101287.png,640,480,640,480,DFUC2022_train_release
data\raw\DFUC2022_train_release\DFUC2022_train_images\101288.jpg,data\raw\DFUC2022_train_release\DFUC2022_train_masks\101288.png,640,480,640,480,DFUC2022_train_release
data\raw\DFUC2022_train_release\DFUC2022_train_images\101289.jpg,data\raw\DFUC2022_train_release\DFUC2022_train_masks\101289.png,640,480,640,480,DFUC2022_train_release
data\raw\DFUC2022_train_release\DFUC2022_train_images\101290.jpg,data\raw\DFUC2022_train_release\DFUC2022_train_masks\101290.png,640,480,640,480,DFUC2022_train_release
data\raw\DFUC2022_train_release\DFUC2022_train_images\101291.jpg,data\raw\DFUC2022_train_release\DFUC2022_train_masks\101291.png,640,480,640,480,DFUC2022_train_release
data\raw\DFUC2022_train_release\DFUC2022_train_images\101292.jpg,data\raw\DFUC2022_train_release\DFUC2022_train_masks\101292.png,640,480,640,480,DFUC2022_train_release
data\raw\DFUC2022_train_release\DFUC2022_train_images\101293.jpg,data\raw\DFUC2022_train_release\DFUC2022_train_masks\101293.png,640,480,640,480,DFUC2022_train_release
data\raw\DFUC2022_train_release\DFUC2022_train_images\101294.jpg,data\raw\DFUC2022_train_release\DFUC2022_train_masks\101294.png,640,480,640,480,DFUC2022_train_release
data\raw\DFUC2022_train_release\DFUC2022_train_images\101295.jpg,data\raw\DFUC2022_train_release\DFUC2022_train_masks\101295.png,640,480,640,480,DFUC2022_train_release
data\raw\DFUC2022_train_release\DFUC2022_train_images\101296.jpg,data\raw\DFUC2022_train_release\DFUC2022_train_masks\101296.png,640,480,640,480,DFUC2022_train_release
data\raw\DFUC2022_train_release\DFUC2022_train_images\101297.jpg,data\raw\DFUC2022_train_release\DFUC2022_train_masks\101297.png,640,480,640,480,DFUC2022_train_release
data\raw\DFUC2022_train_release\DFUC2022_train_images\101298.jpg,data\raw\DFUC2022_train_release\DFUC2022_train_masks\101298.png,640,480,640,480,DFUC2022_train_release
data\raw\DFUC2022_train_release\DFUC2022_train_images\101299.jpg,data\raw\DFUC2022_train_release\DFUC2022_train_masks\101299.png,640,480,640,480,DFUC2022_train_release
data\raw\DFUC2022_train_release\DFUC2022_train_images\101300.jpg,data\raw\DFUC2022_train_release\DFUC2022_train_masks\101300.png,640,480,640,480,DFUC2022_train_release
data\raw\DFUC2022_train_release\DFUC2022_train_images\101301.jpg,data\raw\DFUC2022_train_release\DFUC2022_train_masks\101301.png,640,480,640,480,DFUC2022_train_release
data\raw\DFUC2022_train_release\DFUC2022_train_images\101302.jpg,data\raw\DFUC2022_train_release\DFUC2022_train_masks\101302.png,640,480,640,480,DFUC2022_train_release
data\raw\DFUC2022_train_release\DFUC2022_train_images\101303.jpg,data\raw\DFUC2022_train_release\DFUC2022_train_masks\101303.png,640,480,640,480,DFUC2022_train_release
data\raw\DFUC2022_train_release\DFUC2022_train_images\101304.jpg,data\raw\DFUC2022_train_release\DFUC2022_train_masks\101304.png,640,480,640,480,DFUC2022_train_release
data\raw\DFUC2022_train_release\DFUC2022_train_images\101305.jpg,data\raw\DFUC2022_train_release\DFUC2022_train_masks\101305.png,640,480,640,480,DFUC2022_train_release
data\raw\DFUC2022_train_release\DFUC2022_train_images\101306.jpg,data\raw\DFUC2022_train_release\DFUC2022_train_masks\101306.png,640,480,640,480,DFUC2022_train_release
data\raw\DFUC2022_train_release\DFUC2022_train_images\101307.jpg,data\raw\DFUC2022_train_release\DFUC2022_train_masks\101307.png,640,480,640,480,DFUC2022_train_release
data\raw\DFUC2022_train_release\DFUC2022_train_images\101308.jpg,data\raw\DFUC2022_train_release\DFUC2022_train_masks\101308.png,640,480,640,480,DFUC2022_train_release
data\raw\DFUC2022_train_release\DFUC2022_train_images\101309.jpg,data\raw\DFUC2022_train_release\DFUC2022_train_masks\101309.png,640,480,640,480,DFUC2022_train_release
data\raw\DFUC2022_train_release\DFUC2022_train_images\101310.jpg,data\raw\DFUC2022_train_release\DFUC2022_train_masks\101310.png,640,480,640,480,DFUC2022_train_release
data\raw\DFUC2022_train_release\DFUC2022_train_images\101311.jpg,data\raw\DFUC2022_train_release\DFUC2022_train_masks\101311.png,640,480,640,480,DFUC2022_train_release
data\raw\DFUC2022_train_release\DFUC2022_train_images\101312.jpg,data\raw\DFUC2022_train_release\DFUC2022_train_masks\101312.png,640,480,640,480,DFUC2022_train_release
data\raw\DFUC2022_train_release\DFUC2022_train_images\101313.jpg,data\raw\DFUC2022_train_release\DFUC2022_train_masks\101313.png,640,480,640,480,DFUC2022_train_release
data\raw\DFUC2022_train_release\DFUC2022_train_images\101314.jpg,data\raw\DFUC2022_train_release\DFUC2022_train_masks\101314.png,640,480,640,480,DFUC2022_train_release
data\raw\DFUC2022_train_release\DFUC2022_train_images\101315.jpg,data\raw\DFUC2022_train_release\DFUC2022_train_masks\101315.png,640,480,640,480,DFUC2022_train_release
data\raw\DFUC2022_train_release\DFUC2022_train_images\101316.jpg,data\raw\DFUC2022_train_release\DFUC2022_train_masks\101316.png,640,480,640,480,DFUC2022_train_release
data\raw\DFUC2022_train_release\DFUC2022_train_images\101317.jpg,data\raw\DFUC2022_train_release\DFUC2022_train_masks\101317.png,640,480,640,480,DFUC2022_train_release
data\raw\DFUC2022_train_release\DFUC2022_train_images\101318.jpg,data\raw\DFUC2022_train_release\DFUC2022_train_masks\101318.png,640,480,640,480,DFUC2022_train_release
data\raw\DFUC2022_train_release\DFUC2022_train_images\101319.jpg,data\raw\DFUC2022_train_release\DFUC2022_train_masks\101319.png,640,480,640,480,DFUC2022_train_release
data\raw\DFUC2022_train_release\DFUC2022_train_images\101320.jpg,data\raw\DFUC2022_train_release\DFUC2022_train_masks\101320.png,640,480,640,480,DFUC2022_train_release
data\raw\DFUC2022_train_release\DFUC2022_train_images\101321.jpg,data\raw\DFUC2022_train_release\DFUC2022_train_masks\101321.png,640,480,640,480,DFUC2022_train_release
data\raw\DFUC2022_train_release\DFUC2022_train_images\101322.jpg,data\raw\DFUC2022_train_release\DFUC2022_train_masks\101322.png,640,480,640,480,DFUC2022_train_release
data\raw\DFUC2022_train_release\DFUC2022_train_images\101323.jpg,data\raw\DFUC2022_train_release\DFUC2022_train_masks\101323.png,640,480,640,480,DFUC2022_train_release
data\raw\DFUC2022_train_release\DFUC2022_train_images\101324.jpg,data\raw\DFUC2022_train_release\DFUC2022_train_masks\101324.png,640,480,640,480,DFUC2022_train_release
data\raw\DFUC2022_train_release\DFUC2022_train_images\101325.jpg,data\raw\DFUC2022_train_release\DFUC2022_train_masks\101325.png,640,480,640,480,DFUC2022_train_release
data\raw\DFUC2022_train_release\DFUC2022_train_images\101326.jpg,data\raw\DFUC2022_train_release\DFUC2022_train_masks\101326.png,640,480,640,480,DFUC2022_train_release
data\raw\DFUC2022_train_release\DFUC2022_train_images\101327.jpg,data\raw\DFUC2022_train_release\DFUC2022_train_masks\101327.png,640,480,640,480,DFUC2022_train_release
data\raw\DFUC2022_train_release\DFUC2022_train_images\101328.jpg,data\raw\DFUC2022_train_release\DFUC2022_train_masks\101328.png,640,480,640,480,DFUC2022_train_release
data\raw\DFUC2022_train_release\DFUC2022_train_images\101329.jpg,data\raw\DFUC2022_train_release\DFUC2022_train_masks\101329.png,640,480,640,480,DFUC2022_train_release
data\raw\DFUC2022_train_release\DFUC2022_train_images\101330.jpg,data\raw\DFUC2022_train_release\DFUC2022_train_masks\101330.png,640,480,640,480,DFUC2022_train_release
data\raw\DFUC2022_train_release\DFUC2022_train_images\101331.jpg,data\raw\DFUC2022_train_release\DFUC2022_train_masks\101331.png,640,480,640,480,DFUC2022_train_release
data\raw\DFUC2022_train_release\DFUC2022_train_images\101332.jpg,data\raw\DFUC2022_train_release\DFUC2022_train_masks\101332.png,640,480,640,480,DFUC2022_train_release
data\raw\DFUC2022_train_release\DFUC2022_train_images\101333.jpg,data\raw\DFUC2022_train_release\DFUC2022_train_masks\101333.png,640,480,640,480,DFUC2022_train_release
data\raw\DFUC2022_train_release\DFUC2022_train_images\101334.jpg,data\raw\DFUC2022_train_release\DFUC2022_train_masks\101334.png,640,480,640,480,DFUC2022_train_release
data\raw\DFUC2022_train_release\DFUC2022_train_images\101335.jpg,data\raw\DFUC2022_train_release\DFUC2022_train_masks\101335.png,640,480,640,480,DFUC2022_train_release
data\raw\DFUC2022_train_release\DFUC2022_train_images\101336.jpg,data\raw\DFUC2022_train_release\DFUC2022_train_masks\101336.png,640,480,640,480,DFUC2022_train_release
data\raw\DFUC2022_train_release\DFUC2022_train_images\101337.jpg,data\raw\DFUC2022_train_release\DFUC2022_train_masks\101337.png,640,480,640,480,DFUC2022_train_release
data\raw\DFUC2022_train_release\DFUC2022_train_images\101338.jpg,data\raw\DFUC2022_train_release\DFUC2022_train_masks\101338.png,640,480,640,480,DFUC2022_train_release
data\raw\DFUC2022_train_release\DFUC2022_train_images\101339.jpg,data\raw\DFUC2022_train_release\DFUC2022_train_masks\101339.png,640,480,640,480,DFUC2022_train_release
data\raw\DFUC2022_train_release\DFUC2022_train_images\101340.jpg,data\raw\DFUC2022_train_release\DFUC2022_train_masks\101340.png,640,480,640,480,DFUC2022_train_release
data\raw\DFUC2022_train_release\DFUC2022_train_images\101341.jpg,data\raw\DFUC2022_train_release\DFUC2022_train_masks\101341.png,640,480,640,480,DFUC2022_train_release
data\raw\DFUC2022_train_release\DFUC2022_train_images\101342.jpg,data\raw\DFUC2022_train_release\DFUC2022_train_masks\101342.png,640,480,640,480,DFUC2022_train_release
data\raw\DFUC2022_train_release\DFUC2022_train_images\101343.jpg,data\raw\DFUC2022_train_release\DFUC2022_train_masks\101343.png,640,480,640,480,DFUC2022_train_release
data\raw\DFUC2022_train_release\DFUC2022_train_images\101344.jpg,data\raw\DFUC2022_train_release\DFUC2022_train_masks\101344.png,640,480,640,480,DFUC2022_train_release
data\raw\DFUC2022_train_release\DFUC2022_train_images\101345.jpg,data\raw\DFUC2022_train_release\DFUC2022_train_masks\101345.png,640,480,640,480,DFUC2022_train_release
data\raw\DFUC2022_train_release\DFUC2022_train_images\101346.jpg,data\raw\DFUC2022_train_release\DFUC2022_train_masks\101346.png,640,480,640,480,DFUC2022_train_release
data\raw\DFUC2022_train_release\DFUC2022_train_images\101347.jpg,data\raw\DFUC2022_train_release\DFUC2022_train_masks\101347.png,640,480,640,480,DFUC2022_train_release
data\raw\DFUC2022_train_release\DFUC2022_train_images\101348.jpg,data\raw\DFUC2022_train_release\DFUC2022_train_masks\101348.png,640,480,640,480,DFUC2022_train_release
data\raw\DFUC2022_train_release\DFUC2022_train_images\101349.jpg,data\raw\DFUC2022_train_release\DFUC2022_train_masks\101349.png,640,480,640,480,DFUC2022_train_release
data\raw\DFUC2022_train_release\DFUC2022_train_images\101350.jpg,data\raw\DFUC2022_train_release\DFUC2022_train_masks\101350.png,640,480,640,480,DFUC2022_train_release
data\raw\DFUC2022_train_release\DFUC2022_train_images\101351.jpg,data\raw\DFUC2022_train_release\DFUC2022_train_masks\101351.png,640,480,640,480,DFUC2022_train_release
data\raw\DFUC2022_train_release\DFUC2022_train_images\101352.jpg,data\raw\DFUC2022_train_release\DFUC2022_train_masks\101352.png,640,480,640,480,DFUC2022_train_release
data\raw\DFUC2022_train_release\DFUC2022_train_images\101353.jpg,data\raw\DFUC2022_train_release\DFUC2022_train_masks\101353.png,640,480,640,480,DFUC2022_train_release
data\raw\DFUC2022_train_release\DFUC2022_train_images\101354.jpg,data\raw\DFUC2022_train_release\DFUC2022_train_masks\101354.png,640,480,640,480,DFUC2022_train_release
data\raw\DFUC2022_train_release\DFUC2022_train_images\101355.jpg,data\raw\DFUC2022_train_release\DFUC2022_train_masks\101355.png,640,480,640,480,DFUC2022_train_release
data\raw\DFUC2022_train_release\DFUC2022_train_images\101356.jpg,data\raw\DFUC2022_train_release\DFUC2022_train_masks\101356.png,640,480,640,480,DFUC2022_train_release
data\raw\DFUC2022_train_release\DFUC2022_train_images\101357.jpg,data\raw\DFUC2022_train_release\DFUC2022_train_masks\101357.png,640,480,640,480,DFUC2022_train_release
data\raw\DFUC2022_train_release\DFUC2022_train_images\101358.jpg,data\raw\DFUC2022_train_release\DFUC2022_train_masks\101358.png,640,480,640,480,DFUC2022_train_release
data\raw\DFUC2022_train_release\DFUC2022_train_images\101359.jpg,data\raw\DFUC2022_train_release\DFUC2022_train_masks\101359.png,640,480,640,480,DFUC2022_train_release
data\raw\DFUC2022_train_release\DFUC2022_train_images\101360.jpg,data\raw\DFUC2022_train_release\DFUC2022_train_masks\101360.png,640,480,640,480,DFUC2022_train_release
data\raw\DFUC2022_train_release\DFUC2022_train_images\101361.jpg,data\raw\DFUC2022_train_release\DFUC2022_train_masks\101361.png,640,480,640,480,DFUC2022_train_release
data\raw\DFUC2022_train_release\DFUC2022_train_images\101362.jpg,data\raw\DFUC2022_train_release\DFUC2022_train_masks\101362.png,640,480,640,480,DFUC2022_train_release
data\raw\DFUC2022_train_release\DFUC2022_train_images\101363.jpg,data\raw\DFUC2022_train_release\DFUC2022_train_masks\101363.png,640,480,640,480,DFUC2022_train_release
data\raw\DFUC2022_train_release\DFUC2022_train_images\101364.jpg,data\raw\DFUC2022_train_release\DFUC2022_train_masks\101364.png,640,480,640,480,DFUC2022_train_release
data\raw\DFUC2022_train_release\DFUC2022_train_images\101365.jpg,data\raw\DFUC2022_train_release\DFUC2022_train_masks\101365.png,640,480,640,480,DFUC2022_train_release
data\raw\DFUC2022_train_release\DFUC2022_train_images\101366.jpg,data\raw\DFUC2022_train_release\DFUC2022_train_masks\101366.png,640,480,640,480,DFUC2022_train_release
data\raw\DFUC2022_train_release\DFUC2022_train_images\101367.jpg,data\raw\DFUC2022_train_release\DFUC2022_train_masks\101367.png,640,480,640,480,DFUC2022_train_release
data\raw\DFUC2022_train_release\DFUC2022_train_images\101368.jpg,data\raw\DFUC2022_train_release\DFUC2022_train_masks\101368.png,640,480,640,480,DFUC2022_train_release
data\raw\DFUC2022_train_release\DFUC2022_train_images\101369.jpg,data\raw\DFUC2022_train_release\DFUC2022_train_masks\101369.png,640,480,640,480,DFUC2022_train_release
data\raw\DFUC2022_train_release\DFUC2022_train_images\101370.jpg,data\raw\DFUC2022_train_release\DFUC2022_train_masks\101370.png,640,480,640,480,DFUC2022_train_release
data\raw\DFUC2022_train_release\DFUC2022_train_images\101371.jpg,data\raw\DFUC2022_train_release\DFUC2022_train_masks\101371.png,640,480,640,480,DFUC2022_train_release
data\raw\DFUC2022_train_release\DFUC2022_train_images\101372.jpg,data\raw\DFUC2022_train_release\DFUC2022_train_masks\101372.png,640,480,640,480,DFUC2022_train_release
data\raw\DFUC2022_train_release\DFUC2022_train_images\101373.jpg,data\raw\DFUC2022_train_release\DFUC2022_train_masks\101373.png,640,480,640,480,DFUC2022_train_release
data\raw\DFUC2022_train_release\DFUC2022_train_images\101374.jpg,data\raw\DFUC2022_train_release\DFUC2022_train_masks\101374.png,640,480,640,480,DFUC2022_train_release
data\raw\DFUC2022_train_release\DFUC2022_train_images\101375.jpg,data\raw\DFUC2022_train_release\DFUC2022_train_masks\101375.png,640,480,640,480,DFUC2022_train_release
data\raw\DFUC2022_train_release\DFUC2022_train_images\101376.jpg,data\raw\DFUC2022_train_release\DFUC2022_train_masks\101376.png,640,480,640,480,DFUC2022_train_release
data\raw\DFUC2022_train_release\DFUC2022_train_images\101377.jpg,data\raw\DFUC2022_train_release\DFUC2022_train_masks\101377.png,640,480,640,480,DFUC2022_train_release
data\raw\DFUC2022_train_release\DFUC2022_train_images\101378.jpg,data\raw\DFUC2022_train_release\DFUC2022_train_masks\101378.png,640,480,640,480,DFUC2022_train_release
data\raw\DFUC2022_train_release\DFUC2022_train_images\101379.jpg,data\raw\DFUC2022_train_release\DFUC2022_train_masks\101379.png,640,480,640,480,DFUC2022_train_release
data\raw\DFUC2022_train_release\DFUC2022_train_images\101380.jpg,data\raw\DFUC2022_train_release\DFUC2022_train_masks\101380.png,640,480,640,480,DFUC2022_train_release
data\raw\DFUC2022_train_release\DFUC2022_train_images\101381.jpg,data\raw\DFUC2022_train_release\DFUC2022_train_masks\101381.png,640,480,640,480,DFUC2022_train_release
data\raw\DFUC2022_train_release\DFUC2022_train_images\101382.jpg,data\raw\DFUC2022_train_release\DFUC2022_train_masks\101382.png,640,480,640,480,DFUC2022_train_release
data\raw\DFUC2022_train_release\DFUC2022_train_images\101383.jpg,data\raw\DFUC2022_train_release\DFUC2022_train_masks\101383.png,640,480,640,480,DFUC2022_train_release
data\raw\DFUC2022_train_release\DFUC2022_train_images\101384.jpg,data\raw\DFUC2022_train_release\DFUC2022_train_masks\101384.png,640,480,640,480,DFUC2022_train_release
data\raw\DFUC2022_train_release\DFUC2022_train_images\101385.jpg,data\raw\DFUC2022_train_release\DFUC2022_train_masks\101385.png,640,480,640,480,DFUC2022_train_release
data\raw\DFUC2022_train_release\DFUC2022_train_images\101386.jpg,data\raw\DFUC2022_train_release\DFUC2022_train_masks\101386.png,640,480,640,480,DFUC2022_train_release
data\raw\DFUC2022_train_release\DFUC2022_train_images\101387.jpg,data\raw\DFUC2022_train_release\DFUC2022_train_masks\101387.png,640,480,640,480,DFUC2022_train_release
data\raw\DFUC2022_train_release\DFUC2022_train_images\101388.jpg,data\raw\DFUC2022_train_release\DFUC2022_train_masks\101388.png,640,480,640,480,DFUC2022_train_release
data\raw\DFUC2022_train_release\DFUC2022_train_images\101389.jpg,data\raw\DFUC2022_train_release\DFUC2022_train_masks\101389.png,640,480,640,480,DFUC2022_train_release
data\raw\DFUC2022_train_release\DFUC2022_train_images\101390.jpg,data\raw\DFUC2022_train_release\DFUC2022_train_masks\101390.png,640,480,640,480,DFUC2022_train_release
data\raw\DFUC2022_train_release\DFUC2022_train_images\101391.jpg,data\raw\DFUC2022_train_release\DFUC2022_train_masks\101391.png,640,480,640,480,DFUC2022_train_release
data\raw\DFUC2022_train_release\DFUC2022_train_images\101392.jpg,data\raw\DFUC2022_train_release\DFUC2022_train_masks\101392.png,640,480,640,480,DFUC2022_train_release
data\raw\DFUC2022_train_release\DFUC2022_train_images\101393.jpg,data\raw\DFUC2022_train_release\DFUC2022_train_masks\101393.png,640,480,640,480,DFUC2022_train_release
data\raw\DFUC2022_train_release\DFUC2022_train_images\101394.jpg,data\raw\DFUC2022_train_release\DFUC2022_train_masks\101394.png,640,480,640,480,DFUC2022_train_release
data\raw\DFUC2022_train_release\DFUC2022_train_images\101395.jpg,data\raw\DFUC2022_train_release\DFUC2022_train_masks\101395.png,640,480,640,480,DFUC2022_train_release
data\raw\DFUC2022_train_release\DFUC2022_train_images\101396.jpg,data\raw\DFUC2022_train_release\DFUC2022_train_masks\101396.png,640,480,640,480,DFUC2022_train_release
data\raw\DFUC2022_train_release\DFUC2022_train_images\101397.jpg,data\raw\DFUC2022_train_release\DFUC2022_train_masks\101397.png,640,480,640,480,DFUC2022_train_release
data\raw\DFUC2022_train_release\DFUC2022_train_images\101398.jpg,data\raw\DFUC2022_train_release\DFUC2022_train_masks\101398.png,640,480,640,480,DFUC2022_train_release
data\raw\DFUC2022_train_release\DFUC2022_train_images\101399.jpg,data\raw\DFUC2022_train_release\DFUC2022_train_masks\101399.png,640,480,640,480,DFUC2022_train_release
data\raw\DFUC2022_train_release\DFUC2022_train_images\101400.jpg,data\raw\DFUC2022_train_release\DFUC2022_train_masks\101400.png,640,480,640,480,DFUC2022_train_release
data\raw\DFUC2022_train_release\DFUC2022_train_images\101401.jpg,data\raw\DFUC2022_train_release\DFUC2022_train_masks\101401.png,640,480,640,480,DFUC2022_train_release
data\raw\DFUC2022_train_release\DFUC2022_train_images\101402.jpg,data\raw\DFUC2022_train_release\DFUC2022_train_masks\101402.png,640,480,640,480,DFUC2022_train_release
data\raw\DFUC2022_train_release\DFUC2022_train_images\101403.jpg,data\raw\DFUC2022_train_release\DFUC2022_train_masks\101403.png,640,480,640,480,DFUC2022_train_release
data\raw\DFUC2022_train_release\DFUC2022_train_images\101404.jpg,data\raw\DFUC2022_train_release\DFUC2022_train_masks\101404.png,640,480,640,480,DFUC2022_train_release
data\raw\DFUC2022_train_release\DFUC2022_train_images\101405.jpg,data\raw\DFUC2022_train_release\DFUC2022_train_masks\101405.png,640,480,640,480,DFUC2022_train_release
data\raw\DFUC2022_train_release\DFUC2022_train_images\101406.jpg,data\raw\DFUC2022_train_release\DFUC2022_train_masks\101406.png,640,480,640,480,DFUC2022_train_release
data\raw\DFUC2022_train_release\DFUC2022_train_images\101407.jpg,data\raw\DFUC2022_train_release\DFUC2022_train_masks\101407.png,640,480,640,480,DFUC2022_train_release
data\raw\DFUC2022_train_release\DFUC2022_train_images\101408.jpg,data\raw\DFUC2022_train_release\DFUC2022_train_masks\101408.png,640,480,640,480,DFUC2022_train_release
data\raw\DFUC2022_train_release\DFUC2022_train_images\101409.jpg,data\raw\DFUC2022_train_release\DFUC2022_train_masks\101409.png,640,480,640,480,DFUC2022_train_release
data\raw\DFUC2022_train_release\DFUC2022_train_images\101410.jpg,data\raw\DFUC2022_train_release\DFUC2022_train_masks\101410.png,640,480,640,480,DFUC2022_train_release
data\raw\DFUC2022_train_release\DFUC2022_train_images\101411.jpg,data\raw\DFUC2022_train_release\DFUC2022_train_masks\101411.png,640,480,640,480,DFUC2022_train_release
data\raw\DFUC2022_train_release\DFUC2022_train_images\101412.jpg,data\raw\DFUC2022_train_release\DFUC2022_train_masks\101412.png,640,480,640,480,DFUC2022_train_release
data\raw\DFUC2022_train_release\DFUC2022_train_images\101413.jpg,data\raw\DFUC2022_train_release\DFUC2022_train_masks\101413.png,640,480,640,480,DFUC2022_train_release
data\raw\DFUC2022_train_release\DFUC2022_train_images\101414.jpg,data\raw\DFUC2022_train_release\DFUC2022_train_masks\101414.png,640,480,640,480,DFUC2022_train_release
data\raw\DFUC2022_train_release\DFUC2022_train_images\101415.jpg,data\raw\DFUC2022_train_release\DFUC2022_train_masks\101415.png,640,480,640,480,DFUC2022_train_release
data\raw\DFUC2022_train_release\DFUC2022_train_images\101416.jpg,data\raw\DFUC2022_train_release\DFUC2022_train_masks\101416.png,640,480,640,480,DFUC2022_train_release
data\raw\DFUC2022_train_release\DFUC2022_train_images\101417.jpg,data\raw\DFUC2022_train_release\DFUC2022_train_masks\101417.png,640,480,640,480,DFUC2022_train_release
data\raw\DFUC2022_train_release\DFUC2022_train_images\101418.jpg,data\raw\DFUC2022_train_release\DFUC2022_train_masks\101418.png,640,480,640,480,DFUC2022_train_release
data\raw\DFUC2022_train_release\DFUC2022_train_images\101419.jpg,data\raw\DFUC2022_train_release\DFUC2022_train_masks\101419.png,640,480,640,480,DFUC2022_train_release
data\raw\DFUC2022_train_release\DFUC2022_train_images\101420.jpg,data\raw\DFUC2022_train_release\DFUC2022_train_masks\101420.png,640,480,640,480,DFUC2022_train_release
data\raw\DFUC2022_train_release\DFUC2022_train_images\101421.jpg,data\raw\DFUC2022_train_release\DFUC2022_train_masks\101421.png,640,480,640,480,DFUC2022_train_release
data\raw\DFUC2022_train_release\DFUC2022_train_images\101422.jpg,data\raw\DFUC2022_train_release\DFUC2022_train_masks\101422.png,640,480,640,480,DFUC2022_train_release
data\raw\DFUC2022_train_release\DFUC2022_train_images\101423.jpg,data\raw\DFUC2022_train_release\DFUC2022_train_masks\101423.png,640,480,640,480,DFUC2022_train_release
data\raw\DFUC2022_train_release\DFUC2022_train_images\101424.jpg,data\raw\DFUC2022_train_release\DFUC2022_train_masks\101424.png,640,480,640,480,DFUC2022_train_release
data\raw\DFUC2022_train_release\DFUC2022_train_images\101425.jpg,data\raw\DFUC2022_train_release\DFUC2022_train_masks\101425.png,640,480,640,480,DFUC2022_train_release
data\raw\DFUC2022_train_release\DFUC2022_train_images\101426.jpg,data\raw\DFUC2022_train_release\DFUC2022_train_masks\101426.png,640,480,640,480,DFUC2022_train_release
data\raw\DFUC2022_train_release\DFUC2022_train_images\101427.jpg,data\raw\DFUC2022_train_release\DFUC2022_train_masks\101427.png,640,480,640,480,DFUC2022_train_release
data\raw\DFUC2022_train_release\DFUC2022_train_images\101428.jpg,data\raw\DFUC2022_train_release\DFUC2022_train_masks\101428.png,640,480,640,480,DFUC2022_train_release
data\raw\DFUC2022_train_release\DFUC2022_train_images\101429.jpg,data\raw\DFUC2022_train_release\DFUC2022_train_masks\101429.png,640,480,640,480,DFUC2022_train_release
data\raw\DFUC2022_train_release\DFUC2022_train_images\101430.jpg,data\raw\DFUC2022_train_release\DFUC2022_train_masks\101430.png,640,480,640,480,DFUC2022_train_release
data\raw\DFUC2022_train_release\DFUC2022_train_images\101431.jpg,data\raw\DFUC2022_train_release\DFUC2022_train_masks\101431.png,640,480,640,480,DFUC2022_train_release
data\raw\DFUC2022_train_release\DFUC2022_train_images\101432.jpg,data\raw\DFUC2022_train_release\DFUC2022_train_masks\101432.png,640,480,640,480,DFUC2022_train_release
data\raw\DFUC2022_train_release\DFUC2022_train_images\101433.jpg,data\raw\DFUC2022_train_release\DFUC2022_train_masks\101433.png,640,480,640,480,DFUC2022_train_release
data\raw\DFUC2022_train_release\DFUC2022_train_images\101434.jpg,data\raw\DFUC2022_train_release\DFUC2022_train_masks\101434.png,640,480,640,480,DFUC2022_train_release
data\raw\DFUC2022_train_release\DFUC2022_train_images\101435.jpg,data\raw\DFUC2022_train_release\DFUC2022_train_masks\101435.png,640,480,640,480,DFUC2022_train_release
data\raw\DFUC2022_train_release\DFUC2022_train_images\101436.jpg,data\raw\DFUC2022_train_release\DFUC2022_train_masks\101436.png,640,480,640,480,DFUC2022_train_release
data\raw\DFUC2022_train_release\DFUC2022_train_images\101437.jpg,data\raw\DFUC2022_train_release\DFUC2022_train_masks\101437.png,640,480,640,480,DFUC2022_train_release
data\raw\DFUC2022_train_release\DFUC2022_train_images\101438.jpg,data\raw\DFUC2022_train_release\DFUC2022_train_masks\101438.png,640,480,640,480,DFUC2022_train_release
data\raw\DFUC2022_train_release\DFUC2022_train_images\101439.jpg,data\raw\DFUC2022_train_release\DFUC2022_train_masks\101439.png,640,480,640,480,DFUC2022_train_release
data\raw\DFUC2022_train_release\DFUC2022_train_images\101440.jpg,data\raw\DFUC2022_train_release\DFUC2022_train_masks\101440.png,640,480,640,480,DFUC2022_train_release
data\raw\DFUC2022_train_release\DFUC2022_train_images\101441.jpg,data\raw\DFUC2022_train_release\DFUC2022_train_masks\101441.png,640,480,640,480,DFUC2022_train_release
data\raw\DFUC2022_train_release\DFUC2022_train_images\101442.jpg,data\raw\DFUC2022_train_release\DFUC2022_train_masks\101442.png,640,480,640,480,DFUC2022_train_release
data\raw\DFUC2022_train_release\DFUC2022_train_images\101443.jpg,data\raw\DFUC2022_train_release\DFUC2022_train_masks\101443.png,640,480,640,480,DFUC2022_train_release
data\raw\DFUC2022_train_release\DFUC2022_train_images\101444.jpg,data\raw\DFUC2022_train_release\DFUC2022_train_masks\101444.png,640,480,640,480,DFUC2022_train_release
data\raw\DFUC2022_train_release\DFUC2022_train_images\101445.jpg,data\raw\DFUC2022_train_release\DFUC2022_train_masks\101445.png,640,480,640,480,DFUC2022_train_release
data\raw\DFUC2022_train_release\DFUC2022_train_images\101446.jpg,data\raw\DFUC2022_train_release\DFUC2022_train_masks\101446.png,640,480,640,480,DFUC2022_train_release
data\raw\DFUC2022_train_release\DFUC2022_train_images\101447.jpg,data\raw\DFUC2022_train_release\DFUC2022_train_masks\101447.png,640,480,640,480,DFUC2022_train_release
data\raw\DFUC2022_train_release\DFUC2022_train_images\101448.jpg,data\raw\DFUC2022_train_release\DFUC2022_train_masks\101448.png,640,480,640,480,DFUC2022_train_release
data\raw\DFUC2022_train_release\DFUC2022_train_images\101449.jpg,data\raw\DFUC2022_train_release\DFUC2022_train_masks\101449.png,640,480,640,480,DFUC2022_train_release
data\raw\DFUC2022_train_release\DFUC2022_train_images\101450.jpg,data\raw\DFUC2022_train_release\DFUC2022_train_masks\101450.png,640,480,640,480,DFUC2022_train_release
data\raw\DFUC2022_train_release\DFUC2022_train_images\101451.jpg,data\raw\DFUC2022_train_release\DFUC2022_train_masks\101451.png,640,480,640,480,DFUC2022_train_release
data\raw\DFUC2022_train_release\DFUC2022_train_images\101452.jpg,data\raw\DFUC2022_train_release\DFUC2022_train_masks\101452.png,640,480,640,480,DFUC2022_train_release
data\raw\DFUC2022_train_release\DFUC2022_train_images\101453.jpg,data\raw\DFUC2022_train_release\DFUC2022_train_masks\101453.png,640,480,640,480,DFUC2022_train_release
data\raw\DFUC2022_train_release\DFUC2022_train_images\101454.jpg,data\raw\DFUC2022_train_release\DFUC2022_train_masks\101454.png,640,480,640,480,DFUC2022_train_release
data\raw\DFUC2022_train_release\DFUC2022_train_images\101455.jpg,data\raw\DFUC2022_train_release\DFUC2022_train_masks\101455.png,640,480,640,480,DFUC2022_train_release
data\raw\DFUC2022_train_release\DFUC2022_train_images\101456.jpg,data\raw\DFUC2022_train_release\DFUC2022_train_masks\101456.png,640,480,640,480,DFUC2022_train_release
data\raw\DFUC2022_train_release\DFUC2022_train_images\101457.jpg,data\raw\DFUC2022_train_release\DFUC2022_train_masks\101457.png,640,480,640,480,DFUC2022_train_release
data\raw\DFUC2022_train_release\DFUC2022_train_images\101458.jpg,data\raw\DFUC2022_train_release\DFUC2022_train_masks\101458.png,640,480,640,480,DFUC2022_train_release
data\raw\DFUC2022_train_release\DFUC2022_train_images\101459.jpg,data\raw\DFUC2022_train_release\DFUC2022_train_masks\101459.png,640,480,640,480,DFUC2022_train_release
data\raw\DFUC2022_train_release\DFUC2022_train_images\101460.jpg,data\raw\DFUC2022_train_release\DFUC2022_train_masks\101460.png,640,480,640,480,DFUC2022_train_release
data\raw\DFUC2022_train_release\DFUC2022_train_images\101461.jpg,data\raw\DFUC2022_train_release\DFUC2022_train_masks\101461.png,640,480,640,480,DFUC2022_train_release
data\raw\DFUC2022_train_release\DFUC2022_train_images\101462.jpg,data\raw\DFUC2022_train_release\DFUC2022_train_masks\101462.png,640,480,640,480,DFUC2022_train_release
data\raw\DFUC2022_train_release\DFUC2022_train_images\101463.jpg,data\raw\DFUC2022_train_release\DFUC2022_train_masks\101463.png,640,480,640,480,DFUC2022_train_release
data\raw\DFUC2022_train_release\DFUC2022_train_images\101464.jpg,data\raw\DFUC2022_train_release\DFUC2022_train_masks\101464.png,640,480,640,480,DFUC2022_train_release
data\raw\DFUC2022_train_release\DFUC2022_train_images\101465.jpg,data\raw\DFUC2022_train_release\DFUC2022_train_masks\101465.png,640,480,640,480,DFUC2022_train_release
data\raw\DFUC2022_train_release\DFUC2022_train_images\101466.jpg,data\raw\DFUC2022_train_release\DFUC2022_train_masks\101466.png,640,480,640,480,DFUC2022_train_release
data\raw\DFUC2022_train_release\DFUC2022_train_images\101467.jpg,data\raw\DFUC2022_train_release\DFUC2022_train_masks\101467.png,640,480,640,480,DFUC2022_train_release
data\raw\DFUC2022_train_release\DFUC2022_train_images\101468.jpg,data\raw\DFUC2022_train_release\DFUC2022_train_masks\101468.png,640,480,640,480,DFUC2022_train_release
data\raw\DFUC2022_train_release\DFUC2022_train_images\101469.jpg,data\raw\DFUC2022_train_release\DFUC2022_train_masks\101469.png,640,480,640,480,DFUC2022_train_release
data\raw\DFUC2022_train_release\DFUC2022_train_images\101470.jpg,data\raw\DFUC2022_train_release\DFUC2022_train_masks\101470.png,640,480,640,480,DFUC2022_train_release
data\raw\DFUC2022_train_release\DFUC2022_train_images\101471.jpg,data\raw\DFUC2022_train_release\DFUC2022_train_masks\101471.png,640,480,640,480,DFUC2022_train_release
data\raw\DFUC2022_train_release\DFUC2022_train_images\101472.jpg,data\raw\DFUC2022_train_release\DFUC2022_train_masks\101472.png,640,480,640,480,DFUC2022_train_release
data\raw\DFUC2022_train_release\DFUC2022_train_images\101473.jpg,data\raw\DFUC2022_train_release\DFUC2022_train_masks\101473.png,640,480,640,480,DFUC2022_train_release
data\raw\DFUC2022_train_release\DFUC2022_train_images\101474.jpg,data\raw\DFUC2022_train_release\DFUC2022_train_masks\101474.png,640,480,640,480,DFUC2022_train_release
data\raw\DFUC2022_train_release\DFUC2022_train_images\101475.jpg,data\raw\DFUC2022_train_release\DFUC2022_train_masks\101475.png,640,480,640,480,DFUC2022_train_release
data\raw\DFUC2022_train_release\DFUC2022_train_images\101476.jpg,data\raw\DFUC2022_train_release\DFUC2022_train_masks\101476.png,640,480,640,480,DFUC2022_train_release
data\raw\DFUC2022_train_release\DFUC2022_train_images\101477.jpg,data\raw\DFUC2022_train_release\DFUC2022_train_masks\101477.png,640,480,640,480,DFUC2022_train_release
data\raw\DFUC2022_train_release\DFUC2022_train_images\101478.jpg,data\raw\DFUC2022_train_release\DFUC2022_train_masks\101478.png,640,480,640,480,DFUC2022_train_release
data\raw\DFUC2022_train_release\DFUC2022_train_images\101479.jpg,data\raw\DFUC2022_train_release\DFUC2022_train_masks\101479.png,640,480,640,480,DFUC2022_train_release
data\raw\DFUC2022_train_release\DFUC2022_train_images\101480.jpg,data\raw\DFUC2022_train_release\DFUC2022_train_masks\101480.png,640,480,640,480,DFUC2022_train_release
data\raw\DFUC2022_train_release\DFUC2022_train_images\101481.jpg,data\raw\DFUC2022_train_release\DFUC2022_train_masks\101481.png,640,480,640,480,DFUC2022_train_release
data\raw\DFUC2022_train_release\DFUC2022_train_images\101482.jpg,data\raw\DFUC2022_train_release\DFUC2022_train_masks\101482.png,640,480,640,480,DFUC2022_train_release
data\raw\DFUC2022_train_release\DFUC2022_train_images\101483.jpg,data\raw\DFUC2022_train_release\DFUC2022_train_masks\101483.png,640,480,640,480,DFUC2022_train_release
data\raw\DFUC2022_train_release\DFUC2022_train_images\101484.jpg,data\raw\DFUC2022_train_release\DFUC2022_train_masks\101484.png,640,480,640,480,DFUC2022_train_release
data\raw\DFUC2022_train_release\DFUC2022_train_images\101485.jpg,data\raw\DFUC2022_train_release\DFUC2022_train_masks\101485.png,640,480,640,480,DFUC2022_train_release
data\raw\DFUC2022_train_release\DFUC2022_train_images\101486.jpg,data\raw\DFUC2022_train_release\DFUC2022_train_masks\101486.png,640,480,640,480,DFUC2022_train_release
data\raw\DFUC2022_train_release\DFUC2022_train_images\101487.jpg,data\raw\DFUC2022_train_release\DFUC2022_train_masks\101487.png,640,480,640,480,DFUC2022_train_release
data\raw\DFUC2022_train_release\DFUC2022_train_images\101488.jpg,data\raw\DFUC2022_train_release\DFUC2022_train_masks\101488.png,640,480,640,480,DFUC2022_train_release
data\raw\DFUC2022_train_release\DFUC2022_train_images\101489.jpg,data\raw\DFUC2022_train_release\DFUC2022_train_masks\101489.png,640,480,640,480,DFUC2022_train_release
data\raw\DFUC2022_train_release\DFUC2022_train_images\101490.jpg,data\raw\DFUC2022_train_release\DFUC2022_train_masks\101490.png,640,480,640,480,DFUC2022_train_release
data\raw\DFUC2022_train_release\DFUC2022_train_images\101491.jpg,data\raw\DFUC2022_train_release\DFUC2022_train_masks\101491.png,640,480,640,480,DFUC2022_train_release
data\raw\DFUC2022_train_release\DFUC2022_train_images\101492.jpg,data\raw\DFUC2022_train_release\DFUC2022_train_masks\101492.png,640,480,640,480,DFUC2022_train_release
data\raw\DFUC2022_train_release\DFUC2022_train_images\101493.jpg,data\raw\DFUC2022_train_release\DFUC2022_train_masks\101493.png,640,480,640,480,DFUC2022_train_release
data\raw\DFUC2022_train_release\DFUC2022_train_images\101494.jpg,data\raw\DFUC2022_train_release\DFUC2022_train_masks\101494.png,640,480,640,480,DFUC2022_train_release
data\raw\DFUC2022_train_release\DFUC2022_train_images\101495.jpg,data\raw\DFUC2022_train_release\DFUC2022_train_masks\101495.png,640,480,640,480,DFUC2022_train_release
data\raw\DFUC2022_train_release\DFUC2022_train_images\101496.jpg,data\raw\DFUC2022_train_release\DFUC2022_train_masks\101496.png,640,480,640,480,DFUC2022_train_release
data\raw\DFUC2022_train_release\DFUC2022_train_images\101497.jpg,data\raw\DFUC2022_train_release\DFUC2022_train_masks\101497.png,640,480,640,480,DFUC2022_train_release
data\raw\DFUC2022_train_release\DFUC2022_train_images\101498.jpg,data\raw\DFUC2022_train_release\DFUC2022_train_masks\101498.png,640,480,640,480,DFUC2022_train_release
data\raw\DFUC2022_train_release\DFUC2022_train_images\101499.jpg,data\raw\DFUC2022_train_release\DFUC2022_train_masks\101499.png,640,480,640,480,DFUC2022_train_release
data\raw\DFUC2022_train_release\DFUC2022_train_images\101500.jpg,data\raw\DFUC2022_train_release\DFUC2022_train_masks\101500.png,640,480,640,480,DFUC2022_train_release
data\raw\DFUC2022_train_release\DFUC2022_train_images\101501.jpg,data\raw\DFUC2022_train_release\DFUC2022_train_masks\101501.png,640,480,640,480,DFUC2022_train_release
data\raw\DFUC2022_train_release\DFUC2022_train_images\101502.jpg,data\raw\DFUC2022_train_release\DFUC2022_train_masks\101502.png,640,480,640,480,DFUC2022_train_release
data\raw\DFUC2022_train_release\DFUC2022_train_images\101503.jpg,data\raw\DFUC2022_train_release\DFUC2022_train_masks\101503.png,640,480,640,480,DFUC2022_train_release
data\raw\DFUC2022_train_release\DFUC2022_train_images\101504.jpg,data\raw\DFUC2022_train_release\DFUC2022_train_masks\101504.png,640,480,640,480,DFUC2022_train_release
data\raw\DFUC2022_train_release\DFUC2022_train_images\101505.jpg,data\raw\DFUC2022_train_release\DFUC2022_train_masks\101505.png,640,480,640,480,DFUC2022_train_release
data\raw\DFUC2022_train_release\DFUC2022_train_images\101506.jpg,data\raw\DFUC2022_train_release\DFUC2022_train_masks\101506.png,640,480,640,480,DFUC2022_train_release
data\raw\DFUC2022_train_release\DFUC2022_train_images\101507.jpg,data\raw\DFUC2022_train_release\DFUC2022_train_masks\101507.png,640,480,640,480,DFUC2022_train_release
data\raw\DFUC2022_train_release\DFUC2022_train_images\101508.jpg,data\raw\DFUC2022_train_release\DFUC2022_train_masks\101508.png,640,480,640,480,DFUC2022_train_release
data\raw\DFUC2022_train_release\DFUC2022_train_images\101509.jpg,data\raw\DFUC2022_train_release\DFUC2022_train_masks\101509.png,640,480,640,480,DFUC2022_train_release
data\raw\DFUC2022_train_release\DFUC2022_train_images\101510.jpg,data\raw\DFUC2022_train_release\DFUC2022_train_masks\101510.png,640,480,640,480,DFUC2022_train_release
data\raw\DFUC2022_train_release\DFUC2022_train_images\101511.jpg,data\raw\DFUC2022_train_release\DFUC2022_train_masks\101511.png,640,480,640,480,DFUC2022_train_release
data\raw\DFUC2022_train_release\DFUC2022_train_images\101512.jpg,data\raw\DFUC2022_train_release\DFUC2022_train_masks\101512.png,640,480,640,480,DFUC2022_train_release
data\raw\DFUC2022_train_release\DFUC2022_train_images\101513.jpg,data\raw\DFUC2022_train_release\DFUC2022_train_masks\101513.png,640,480,640,480,DFUC2022_train_release
data\raw\DFUC2022_train_release\DFUC2022_train_images\101514.jpg,data\raw\DFUC2022_train_release\DFUC2022_train_masks\101514.png,640,480,640,480,DFUC2022_train_release
data\raw\DFUC2022_train_release\DFUC2022_train_images\101515.jpg,data\raw\DFUC2022_train_release\DFUC2022_train_masks\101515.png,640,480,640,480,DFUC2022_train_release
data\raw\DFUC2022_train_release\DFUC2022_train_images\101516.jpg,data\raw\DFUC2022_train_release\DFUC2022_train_masks\101516.png,640,480,640,480,DFUC2022_train_release
data\raw\DFUC2022_train_release\DFUC2022_train_images\101517.jpg,data\raw\DFUC2022_train_release\DFUC2022_train_masks\101517.png,640,480,640,480,DFUC2022_train_release
data\raw\DFUC2022_train_release\DFUC2022_train_images\101518.jpg,data\raw\DFUC2022_train_release\DFUC2022_train_masks\101518.png,640,480,640,480,DFUC2022_train_release
data\raw\DFUC2022_train_release\DFUC2022_train_images\101519.jpg,data\raw\DFUC2022_train_release\DFUC2022_train_masks\101519.png,640,480,640,480,DFUC2022_train_release
data\raw\DFUC2022_train_release\DFUC2022_train_images\101520.jpg,data\raw\DFUC2022_train_release\DFUC2022_train_masks\101520.png,640,480,640,480,DFUC2022_train_release
data\raw\DFUC2022_train_release\DFUC2022_train_images\101521.jpg,data\raw\DFUC2022_train_release\DFUC2022_train_masks\101521.png,640,480,640,480,DFUC2022_train_release
data\raw\DFUC2022_train_release\DFUC2022_train_images\101522.jpg,data\raw\DFUC2022_train_release\DFUC2022_train_masks\101522.png,640,480,640,480,DFUC2022_train_release
data\raw\DFUC2022_train_release\DFUC2022_train_images\101523.jpg,data\raw\DFUC2022_train_release\DFUC2022_train_masks\101523.png,640,480,640,480,DFUC2022_train_release
data\raw\DFUC2022_train_release\DFUC2022_train_images\101524.jpg,data\raw\DFUC2022_train_release\DFUC2022_train_masks\101524.png,640,480,640,480,DFUC2022_train_release
data\raw\DFUC2022_train_release\DFUC2022_train_images\101525.jpg,data\raw\DFUC2022_train_release\DFUC2022_train_masks\101525.png,640,480,640,480,DFUC2022_train_release
data\raw\DFUC2022_train_release\DFUC2022_train_images\101526.jpg,data\raw\DFUC2022_train_release\DFUC2022_train_masks\101526.png,640,480,640,480,DFUC2022_train_release
data\raw\DFUC2022_train_release\DFUC2022_train_images\101527.jpg,data\raw\DFUC2022_train_release\DFUC2022_train_masks\101527.png,640,480,640,480,DFUC2022_train_release
data\raw\DFUC2022_train_release\DFUC2022_train_images\101528.jpg,data\raw\DFUC2022_train_release\DFUC2022_train_masks\101528.png,640,480,640,480,DFUC2022_train_release
data\raw\DFUC2022_train_release\DFUC2022_train_images\101529.jpg,data\raw\DFUC2022_train_release\DFUC2022_train_masks\101529.png,640,480,640,480,DFUC2022_train_release
data\raw\DFUC2022_train_release\DFUC2022_train_images\101530.jpg,data\raw\DFUC2022_train_release\DFUC2022_train_masks\101530.png,640,480,640,480,DFUC2022_train_release
data\raw\DFUC2022_train_release\DFUC2022_train_images\101531.jpg,data\raw\DFUC2022_train_release\DFUC2022_train_masks\101531.png,640,480,640,480,DFUC2022_train_release
data\raw\DFUC2022_train_release\DFUC2022_train_images\101532.jpg,data\raw\DFUC2022_train_release\DFUC2022_train_masks\101532.png,640,480,640,480,DFUC2022_train_release
data\raw\DFUC2022_train_release\DFUC2022_train_images\101533.jpg,data\raw\DFUC2022_train_release\DFUC2022_train_masks\101533.png,640,480,640,480,DFUC2022_train_release
data\raw\DFUC2022_train_release\DFUC2022_train_images\101534.jpg,data\raw\DFUC2022_train_release\DFUC2022_train_masks\101534.png,640,480,640,480,DFUC2022_train_release
data\raw\DFUC2022_train_release\DFUC2022_train_images\101535.jpg,data\raw\DFUC2022_train_release\DFUC2022_train_masks\101535.png,640,480,640,480,DFUC2022_train_release
data\raw\DFUC2022_train_release\DFUC2022_train_images\101536.jpg,data\raw\DFUC2022_train_release\DFUC2022_train_masks\101536.png,640,480,640,480,DFUC2022_train_release
data\raw\DFUC2022_train_release\DFUC2022_train_images\101537.jpg,data\raw\DFUC2022_train_release\DFUC2022_train_masks\101537.png,640,480,640,480,DFUC2022_train_release
data\raw\DFUC2022_train_release\DFUC2022_train_images\101538.jpg,data\raw\DFUC2022_train_release\DFUC2022_train_masks\101538.png,640,480,640,480,DFUC2022_train_release
data\raw\DFUC2022_train_release\DFUC2022_train_images\101539.jpg,data\raw\DFUC2022_train_release\DFUC2022_train_masks\101539.png,640,480,640,480,DFUC2022_train_release
data\raw\DFUC2022_train_release\DFUC2022_train_images\101540.jpg,data\raw\DFUC2022_train_release\DFUC2022_train_masks\101540.png,640,480,640,480,DFUC2022_train_release
data\raw\DFUC2022_train_release\DFUC2022_train_images\101541.jpg,data\raw\DFUC2022_train_release\DFUC2022_train_masks\101541.png,640,480,640,480,DFUC2022_train_release
data\raw\DFUC2022_train_release\DFUC2022_train_images\101542.jpg,data\raw\DFUC2022_train_release\DFUC2022_train_masks\101542.png,640,480,640,480,DFUC2022_train_release
data\raw\DFUC2022_train_release\DFUC2022_train_images\101543.jpg,data\raw\DFUC2022_train_release\DFUC2022_train_masks\101543.png,640,480,640,480,DFUC2022_train_release
data\raw\DFUC2022_train_release\DFUC2022_train_images\101544.jpg,data\raw\DFUC2022_train_release\DFUC2022_train_masks\101544.png,640,480,640,480,DFUC2022_train_release
data\raw\DFUC2022_train_release\DFUC2022_train_images\101545.jpg,data\raw\DFUC2022_train_release\DFUC2022_train_masks\101545.png,640,480,640,480,DFUC2022_train_release
data\raw\DFUC2022_train_release\DFUC2022_train_images\101546.jpg,data\raw\DFUC2022_train_release\DFUC2022_train_masks\101546.png,640,480,640,480,DFUC2022_train_release
data\raw\DFUC2022_train_release\DFUC2022_train_images\101547.jpg,data\raw\DFUC2022_train_release\DFUC2022_train_masks\101547.png,640,480,640,480,DFUC2022_train_release
data\raw\DFUC2022_train_release\DFUC2022_train_images\101548.jpg,data\raw\DFUC2022_train_release\DFUC2022_train_masks\101548.png,640,480,640,480,DFUC2022_train_release
data\raw\DFUC2022_train_release\DFUC2022_train_images\101549.jpg,data\raw\DFUC2022_train_release\DFUC2022_train_masks\101549.png,640,480,640,480,DFUC2022_train_release
data\raw\DFUC2022_train_release\DFUC2022_train_images\101550.jpg,data\raw\DFUC2022_train_release\DFUC2022_train_masks\101550.png,640,480,640,480,DFUC2022_train_release
data\raw\DFUC2022_train_release\DFUC2022_train_images\101551.jpg,data\raw\DFUC2022_train_release\DFUC2022_train_masks\101551.png,640,480,640,480,DFUC2022_train_release
data\raw\DFUC2022_train_release\DFUC2022_train_images\101552.jpg,data\raw\DFUC2022_train_release\DFUC2022_train_masks\101552.png,640,480,640,480,DFUC2022_train_release
data\raw\DFUC2022_train_release\DFUC2022_train_images\101553.jpg,data\raw\DFUC2022_train_release\DFUC2022_train_masks\101553.png,640,480,640,480,DFUC2022_train_release
data\raw\DFUC2022_train_release\DFUC2022_train_images\101554.jpg,data\raw\DFUC2022_train_release\DFUC2022_train_masks\101554.png,640,480,640,480,DFUC2022_train_release
data\raw\DFUC2022_train_release\DFUC2022_train_images\101555.jpg,data\raw\DFUC2022_train_release\DFUC2022_train_masks\101555.png,640,480,640,480,DFUC2022_train_release
data\raw\DFUC2022_train_release\DFUC2022_train_images\101556.jpg,data\raw\DFUC2022_train_release\DFUC2022_train_masks\101556.png,640,480,640,480,DFUC2022_train_release
data\raw\DFUC2022_train_release\DFUC2022_train_images\101557.jpg,data\raw\DFUC2022_train_release\DFUC2022_train_masks\101557.png,640,480,640,480,DFUC2022_train_release
data\raw\DFUC2022_train_release\DFUC2022_train_images\101558.jpg,data\raw\DFUC2022_train_release\DFUC2022_train_masks\101558.png,640,480,640,480,DFUC2022_train_release
data\raw\DFUC2022_train_release\DFUC2022_train_images\101559.jpg,data\raw\DFUC2022_train_release\DFUC2022_train_masks\101559.png,640,480,640,480,DFUC2022_train_release
data\raw\DFUC2022_train_release\DFUC2022_train_images\101560.jpg,data\raw\DFUC2022_train_release\DFUC2022_train_masks\101560.png,640,480,640,480,DFUC2022_train_release
data\raw\DFUC2022_train_release\DFUC2022_train_images\101561.jpg,data\raw\DFUC2022_train_release\DFUC2022_train_masks\101561.png,640,480,640,480,DFUC2022_train_release
data\raw\DFUC2022_train_release\DFUC2022_train_images\101562.jpg,data\raw\DFUC2022_train_release\DFUC2022_train_masks\101562.png,640,480,640,480,DFUC2022_train_release
data\raw\DFUC2022_train_release\DFUC2022_train_images\101563.jpg,data\raw\DFUC2022_train_release\DFUC2022_train_masks\101563.png,640,480,640,480,DFUC2022_train_release
data\raw\DFUC2022_train_release\DFUC2022_train_images\101564.jpg,data\raw\DFUC2022_train_release\DFUC2022_train_masks\101564.png,640,480,640,480,DFUC2022_train_release
data\raw\DFUC2022_train_release\DFUC2022_train_images\101565.jpg,data\raw\DFUC2022_train_release\DFUC2022_train_masks\101565.png,640,480,640,480,DFUC2022_train_release
data\raw\DFUC2022_train_release\DFUC2022_train_images\101566.jpg,data\raw\DFUC2022_train_release\DFUC2022_train_masks\101566.png,640,480,640,480,DFUC2022_train_release
data\raw\DFUC2022_train_release\DFUC2022_train_images\101567.jpg,data\raw\DFUC2022_train_release\DFUC2022_train_masks\101567.png,640,480,640,480,DFUC2022_train_release
data\raw\DFUC2022_train_release\DFUC2022_train_images\101568.jpg,data\raw\DFUC2022_train_release\DFUC2022_train_masks\101568.png,640,480,640,480,DFUC2022_train_release
data\raw\DFUC2022_train_release\DFUC2022_train_images\101569.jpg,data\raw\DFUC2022_train_release\DFUC2022_train_masks\101569.png,640,480,640,480,DFUC2022_train_release
data\raw\DFUC2022_train_release\DFUC2022_train_images\101570.jpg,data\raw\DFUC2022_train_release\DFUC2022_train_masks\101570.png,640,480,640,480,DFUC2022_train_release
data\raw\DFUC2022_train_release\DFUC2022_train_images\101571.jpg,data\raw\DFUC2022_train_release\DFUC2022_train_masks\101571.png,640,480,640,480,DFUC2022_train_release
data\raw\DFUC2022_train_release\DFUC2022_train_images\101572.jpg,data\raw\DFUC2022_train_release\DFUC2022_train_masks\101572.png,640,480,640,480,DFUC2022_train_release
data\raw\DFUC2022_train_release\DFUC2022_train_images\101573.jpg,data\raw\DFUC2022_train_release\DFUC2022_train_masks\101573.png,640,480,640,480,DFUC2022_train_release
data\raw\DFUC2022_train_release\DFUC2022_train_images\101574.jpg,data\raw\DFUC2022_train_release\DFUC2022_train_masks\101574.png,640,480,640,480,DFUC2022_train_release
data\raw\DFUC2022_train_release\DFUC2022_train_images\101575.jpg,data\raw\DFUC2022_train_release\DFUC2022_train_masks\101575.png,640,480,640,480,DFUC2022_train_release
data\raw\DFUC2022_train_release\DFUC2022_train_images\101576.jpg,data\raw\DFUC2022_train_release\DFUC2022_train_masks\101576.png,640,480,640,480,DFUC2022_train_release
data\raw\DFUC2022_train_release\DFUC2022_train_images\101577.jpg,data\raw\DFUC2022_train_release\DFUC2022_train_masks\101577.png,640,480,640,480,DFUC2022_train_release
data\raw\DFUC2022_train_release\DFUC2022_train_images\101578.jpg,data\raw\DFUC2022_train_release\DFUC2022_train_masks\101578.png,640,480,640,480,DFUC2022_train_release
data\raw\DFUC2022_train_release\DFUC2022_train_images\101579.jpg,data\raw\DFUC2022_train_release\DFUC2022_train_masks\101579.png,640,480,640,480,DFUC2022_train_release
data\raw\DFUC2022_train_release\DFUC2022_train_images\101580.jpg,data\raw\DFUC2022_train_release\DFUC2022_train_masks\101580.png,640,480,640,480,DFUC2022_train_release
data\raw\DFUC2022_train_release\DFUC2022_train_images\101581.jpg,data\raw\DFUC2022_train_release\DFUC2022_train_masks\101581.png,640,480,640,480,DFUC2022_train_release
data\raw\DFUC2022_train_release\DFUC2022_train_images\101582.jpg,data\raw\DFUC2022_train_release\DFUC2022_train_masks\101582.png,640,480,640,480,DFUC2022_train_release
data\raw\DFUC2022_train_release\DFUC2022_train_images\101583.jpg,data\raw\DFUC2022_train_release\DFUC2022_train_masks\101583.png,640,480,640,480,DFUC2022_train_release
data\raw\DFUC2022_train_release\DFUC2022_train_images\101584.jpg,data\raw\DFUC2022_train_release\DFUC2022_train_masks\101584.png,640,480,640,480,DFUC2022_train_release
data\raw\DFUC2022_train_release\DFUC2022_train_images\101585.jpg,data\raw\DFUC2022_train_release\DFUC2022_train_masks\101585.png,640,480,640,480,DFUC2022_train_release
data\raw\DFUC2022_train_release\DFUC2022_train_images\101586.jpg,data\raw\DFUC2022_train_release\DFUC2022_train_masks\101586.png,640,480,640,480,DFUC2022_train_release
data\raw\DFUC2022_train_release\DFUC2022_train_images\101587.jpg,data\raw\DFUC2022_train_release\DFUC2022_train_masks\101587.png,640,480,640,480,DFUC2022_train_release
data\raw\DFUC2022_train_release\DFUC2022_train_images\101588.jpg,data\raw\DFUC2022_train_release\DFUC2022_train_masks\101588.png,640,480,640,480,DFUC2022_train_release
data\raw\DFUC2022_train_release\DFUC2022_train_images\101589.jpg,data\raw\DFUC2022_train_release\DFUC2022_train_masks\101589.png,640,480,640,480,DFUC2022_train_release
data\raw\DFUC2022_train_release\DFUC2022_train_images\101590.jpg,data\raw\DFUC2022_train_release\DFUC2022_train_masks\101590.png,640,480,640,480,DFUC2022_train_release
data\raw\DFUC2022_train_release\DFUC2022_train_images\101591.jpg,data\raw\DFUC2022_train_release\DFUC2022_train_masks\101591.png,640,480,640,480,DFUC2022_train_release
data\raw\DFUC2022_train_release\DFUC2022_train_images\101592.jpg,data\raw\DFUC2022_train_release\DFUC2022_train_masks\101592.png,640,480,640,480,DFUC2022_train_release
data\raw\DFUC2022_train_release\DFUC2022_train_images\101593.jpg,data\raw\DFUC2022_train_release\DFUC2022_train_masks\101593.png,640,480,640,480,DFUC2022_train_release
data\raw\DFUC2022_train_release\DFUC2022_train_images\101594.jpg,data\raw\DFUC2022_train_release\DFUC2022_train_masks\101594.png,640,480,640,480,DFUC2022_train_release
data\raw\DFUC2022_train_release\DFUC2022_train_images\101595.jpg,data\raw\DFUC2022_train_release\DFUC2022_train_masks\101595.png,640,480,640,480,DFUC2022_train_release
data\raw\DFUC2022_train_release\DFUC2022_train_images\101596.jpg,data\raw\DFUC2022_train_release\DFUC2022_train_masks\101596.png,640,480,640,480,DFUC2022_train_release
data\raw\DFUC2022_train_release\DFUC2022_train_images\101597.jpg,data\raw\DFUC2022_train_release\DFUC2022_train_masks\101597.png,640,480,640,480,DFUC2022_train_release
data\raw\DFUC2022_train_release\DFUC2022_train_images\101598.jpg,data\raw\DFUC2022_train_release\DFUC2022_train_masks\101598.png,640,480,640,480,DFUC2022_train_release
data\raw\DFUC2022_train_release\DFUC2022_train_images\101599.jpg,data\raw\DFUC2022_train_release\DFUC2022_train_masks\101599.png,640,480,640,480,DFUC2022_train_release
data\raw\DFUC2022_train_release\DFUC2022_train_images\101600.jpg,data\raw\DFUC2022_train_release\DFUC2022_train_masks\101600.png,640,480,640,480,DFUC2022_train_release
data\raw\DFUC2022_train_release\DFUC2022_train_images\101601.jpg,data\raw\DFUC2022_train_release\DFUC2022_train_masks\101601.png,640,480,640,480,DFUC2022_train_release
data\raw\DFUC2022_train_release\DFUC2022_train_images\101602.jpg,data\raw\DFUC2022_train_release\DFUC2022_train_masks\101602.png,640,480,640,480,DFUC2022_train_release
data\raw\DFUC2022_train_release\DFUC2022_train_images\101603.jpg,data\raw\DFUC2022_train_release\DFUC2022_train_masks\101603.png,640,480,640,480,DFUC2022_train_release
data\raw\DFUC2022_train_release\DFUC2022_train_images\101604.jpg,data\raw\DFUC2022_train_release\DFUC2022_train_masks\101604.png,640,480,640,480,DFUC2022_train_release
data\raw\DFUC2022_train_release\DFUC2022_train_images\101605.jpg,data\raw\DFUC2022_train_release\DFUC2022_train_masks\101605.png,640,480,640,480,DFUC2022_train_release
data\raw\DFUC2022_train_release\DFUC2022_train_images\101606.jpg,data\raw\DFUC2022_train_release\DFUC2022_train_masks\101606.png,640,480,640,480,DFUC2022_train_release
data\raw\DFUC2022_train_release\DFUC2022_train_images\101607.jpg,data\raw\DFUC2022_train_release\DFUC2022_train_masks\101607.png,640,480,640,480,DFUC2022_train_release
data\raw\DFUC2022_train_release\DFUC2022_train_images\101608.jpg,data\raw\DFUC2022_train_release\DFUC2022_train_masks\101608.png,640,480,640,480,DFUC2022_train_release
data\raw\DFUC2022_train_release\DFUC2022_train_images\101609.jpg,data\raw\DFUC2022_train_release\DFUC2022_train_masks\101609.png,640,480,640,480,DFUC2022_train_release
data\raw\DFUC2022_train_release\DFUC2022_train_images\101610.jpg,data\raw\DFUC2022_train_release\DFUC2022_train_masks\101610.png,640,480,640,480,DFUC2022_train_release
data\raw\DFUC2022_train_release\DFUC2022_train_images\101611.jpg,data\raw\DFUC2022_train_release\DFUC2022_train_masks\101611.png,640,480,640,480,DFUC2022_train_release
data\raw\DFUC2022_train_release\DFUC2022_train_images\101612.jpg,data\raw\DFUC2022_train_release\DFUC2022_train_masks\101612.png,640,480,640,480,DFUC2022_train_release
data\raw\DFUC2022_train_release\DFUC2022_train_images\101613.jpg,data\raw\DFUC2022_train_release\DFUC2022_train_masks\101613.png,640,480,640,480,DFUC2022_train_release
data\raw\DFUC2022_train_release\DFUC2022_train_images\101614.jpg,data\raw\DFUC2022_train_release\DFUC2022_train_masks\101614.png,640,480,640,480,DFUC2022_train_release
data\raw\DFUC2022_train_release\DFUC2022_train_images\101615.jpg,data\raw\DFUC2022_train_release\DFUC2022_train_masks\101615.png,640,480,640,480,DFUC2022_train_release
data\raw\DFUC2022_train_release\DFUC2022_train_images\101616.jpg,data\raw\DFUC2022_train_release\DFUC2022_train_masks\101616.png,640,480,640,480,DFUC2022_train_release
data\raw\DFUC2022_train_release\DFUC2022_train_images\101617.jpg,data\raw\DFUC2022_train_release\DFUC2022_train_masks\101617.png,640,480,640,480,DFUC2022_train_release
data\raw\DFUC2022_train_release\DFUC2022_train_images\101618.jpg,data\raw\DFUC2022_train_release\DFUC2022_train_masks\101618.png,640,480,640,480,DFUC2022_train_release
data\raw\DFUC2022_train_release\DFUC2022_train_images\101619.jpg,data\raw\DFUC2022_train_release\DFUC2022_train_masks\101619.png,640,480,640,480,DFUC2022_train_release
data\raw\DFUC2022_train_release\DFUC2022_train_images\101620.jpg,data\raw\DFUC2022_train_release\DFUC2022_train_masks\101620.png,640,480,640,480,DFUC2022_train_release
data\raw\DFUC2022_train_release\DFUC2022_train_images\101621.jpg,data\raw\DFUC2022_train_release\DFUC2022_train_masks\101621.png,640,480,640,480,DFUC2022_train_release
data\raw\DFUC2022_train_release\DFUC2022_train_images\101622.jpg,data\raw\DFUC2022_train_release\DFUC2022_train_masks\101622.png,640,480,640,480,DFUC2022_train_release
data\raw\DFUC2022_train_release\DFUC2022_train_images\101623.jpg,data\raw\DFUC2022_train_release\DFUC2022_train_masks\101623.png,640,480,640,480,DFUC2022_train_release
data\raw\DFUC2022_train_release\DFUC2022_train_images\101624.jpg,data\raw\DFUC2022_train_release\DFUC2022_train_masks\101624.png,640,480,640,480,DFUC2022_train_release
data\raw\DFUC2022_train_release\DFUC2022_train_images\101625.jpg,data\raw\DFUC2022_train_release\DFUC2022_train_masks\101625.png,640,480,640,480,DFUC2022_train_release
data\raw\DFUC2022_train_release\DFUC2022_train_images\101626.jpg,data\raw\DFUC2022_train_release\DFUC2022_train_masks\101626.png,640,480,640,480,DFUC2022_train_release
data\raw\DFUC2022_train_release\DFUC2022_train_images\101627.jpg,data\raw\DFUC2022_train_release\DFUC2022_train_masks\101627.png,640,480,640,480,DFUC2022_train_release
data\raw\DFUC2022_train_release\DFUC2022_train_images\101628.jpg,data\raw\DFUC2022_train_release\DFUC2022_train_masks\101628.png,640,480,640,480,DFUC2022_train_release
data\raw\DFUC2022_train_release\DFUC2022_train_images\101629.jpg,data\raw\DFUC2022_train_release\DFUC2022_train_masks\101629.png,640,480,640,480,DFUC2022_train_release
data\raw\DFUC2022_train_release\DFUC2022_train_images\101630.jpg,data\raw\DFUC2022_train_release\DFUC2022_train_masks\101630.png,640,480,640,480,DFUC2022_train_release
data\raw\DFUC2022_train_release\DFUC2022_train_images\101631.jpg,data\raw\DFUC2022_train_release\DFUC2022_train_masks\101631.png,640,480,640,480,DFUC2022_train_release
data\raw\DFUC2022_train_release\DFUC2022_train_images\101632.jpg,data\raw\DFUC2022_train_release\DFUC2022_train_masks\101632.png,640,480,640,480,DFUC2022_train_release
data\raw\DFUC2022_train_release\DFUC2022_train_images\101633.jpg,data\raw\DFUC2022_train_release\DFUC2022_train_masks\101633.png,640,480,640,480,DFUC2022_train_release
data\raw\DFUC2022_train_release\DFUC2022_train_images\101634.jpg,data\raw\DFUC2022_train_release\DFUC2022_train_masks\101634.png,640,480,640,480,DFUC2022_train_release
data\raw\DFUC2022_train_release\DFUC2022_train_images\101635.jpg,data\raw\DFUC2022_train_release\DFUC2022_train_masks\101635.png,640,480,640,480,DFUC2022_train_release
data\raw\DFUC2022_train_release\DFUC2022_train_images\101636.jpg,data\raw\DFUC2022_train_release\DFUC2022_train_masks\101636.png,640,480,640,480,DFUC2022_train_release
data\raw\DFUC2022_train_release\DFUC2022_train_images\101637.jpg,data\raw\DFUC2022_train_release\DFUC2022_train_masks\101637.png,640,480,640,480,DFUC2022_train_release
data\raw\DFUC2022_train_release\DFUC2022_train_images\101638.jpg,data\raw\DFUC2022_train_release\DFUC2022_train_masks\101638.png,640,480,640,480,DFUC2022_train_release
data\raw\DFUC2022_train_release\DFUC2022_train_images\101639.jpg,data\raw\DFUC2022_train_release\DFUC2022_train_masks\101639.png,640,480,640,480,DFUC2022_train_release
data\raw\DFUC2022_train_release\DFUC2022_train_images\101640.jpg,data\raw\DFUC2022_train_release\DFUC2022_train_masks\101640.png,640,480,640,480,DFUC2022_train_release
data\raw\DFUC2022_train_release\DFUC2022_train_images\101641.jpg,data\raw\DFUC2022_train_release\DFUC2022_train_masks\101641.png,640,480,640,480,DFUC2022_train_release
data\raw\DFUC2022_train_release\DFUC2022_train_images\101642.jpg,data\raw\DFUC2022_train_release\DFUC2022_train_masks\101642.png,640,480,640,480,DFUC2022_train_release
data\raw\DFUC2022_train_release\DFUC2022_train_images\101643.jpg,data\raw\DFUC2022_train_release\DFUC2022_train_masks\101643.png,640,480,640,480,DFUC2022_train_release
data\raw\DFUC2022_train_release\DFUC2022_train_images\101644.jpg,data\raw\DFUC2022_train_release\DFUC2022_train_masks\101644.png,640,480,640,480,DFUC2022_train_release
data\raw\DFUC2022_train_release\DFUC2022_train_images\101645.jpg,data\raw\DFUC2022_train_release\DFUC2022_train_masks\101645.png,640,480,640,480,DFUC2022_train_release
data\raw\DFUC2022_train_release\DFUC2022_train_images\101646.jpg,data\raw\DFUC2022_train_release\DFUC2022_train_masks\101646.png,640,480,640,480,DFUC2022_train_release
data\raw\DFUC2022_train_release\DFUC2022_train_images\101647.jpg,data\raw\DFUC2022_train_release\DFUC2022_train_masks\101647.png,640,480,640,480,DFUC2022_train_release
data\raw\DFUC2022_train_release\DFUC2022_train_images\101648.jpg,data\raw\DFUC2022_train_release\DFUC2022_train_masks\101648.png,640,480,640,480,DFUC2022_train_release
data\raw\DFUC2022_train_release\DFUC2022_train_images\101649.jpg,data\raw\DFUC2022_train_release\DFUC2022_train_masks\101649.png,640,480,640,480,DFUC2022_train_release
data\raw\DFUC2022_train_release\DFUC2022_train_images\101650.jpg,data\raw\DFUC2022_train_release\DFUC2022_train_masks\101650.png,640,480,640,480,DFUC2022_train_release
data\raw\DFUC2022_train_release\DFUC2022_train_images\101651.jpg,data\raw\DFUC2022_train_release\DFUC2022_train_masks\101651.png,640,480,640,480,DFUC2022_train_release
data\raw\DFUC2022_train_release\DFUC2022_train_images\101652.jpg,data\raw\DFUC2022_train_release\DFUC2022_train_masks\101652.png,640,480,640,480,DFUC2022_train_release
data\raw\DFUC2022_train_release\DFUC2022_train_images\101653.jpg,data\raw\DFUC2022_train_release\DFUC2022_train_masks\101653.png,640,480,640,480,DFUC2022_train_release
data\raw\DFUC2022_train_release\DFUC2022_train_images\101654.jpg,data\raw\DFUC2022_train_release\DFUC2022_train_masks\101654.png,640,480,640,480,DFUC2022_train_release
data\raw\DFUC2022_train_release\DFUC2022_train_images\101655.jpg,data\raw\DFUC2022_train_release\DFUC2022_train_masks\101655.png,640,480,640,480,DFUC2022_train_release
data\raw\DFUC2022_train_release\DFUC2022_train_images\101656.jpg,data\raw\DFUC2022_train_release\DFUC2022_train_masks\101656.png,640,480,640,480,DFUC2022_train_release
data\raw\DFUC2022_train_release\DFUC2022_train_images\101657.jpg,data\raw\DFUC2022_train_release\DFUC2022_train_masks\101657.png,640,480,640,480,DFUC2022_train_release
data\raw\DFUC2022_train_release\DFUC2022_train_images\101658.jpg,data\raw\DFUC2022_train_release\DFUC2022_train_masks\101658.png,640,480,640,480,DFUC2022_train_release
data\raw\DFUC2022_train_release\DFUC2022_train_images\101659.jpg,data\raw\DFUC2022_train_release\DFUC2022_train_masks\101659.png,640,480,640,480,DFUC2022_train_release
data\raw\DFUC2022_train_release\DFUC2022_train_images\101660.jpg,data\raw\DFUC2022_train_release\DFUC2022_train_masks\101660.png,640,480,640,480,DFUC2022_train_release
data\raw\DFUC2022_train_release\DFUC2022_train_images\101661.jpg,data\raw\DFUC2022_train_release\DFUC2022_train_masks\101661.png,640,480,640,480,DFUC2022_train_release
data\raw\DFUC2022_train_release\DFUC2022_train_images\101662.jpg,data\raw\DFUC2022_train_release\DFUC2022_train_masks\101662.png,640,480,640,480,DFUC2022_train_release
data\raw\DFUC2022_train_release\DFUC2022_train_images\101663.jpg,data\raw\DFUC2022_train_release\DFUC2022_train_masks\101663.png,640,480,640,480,DFUC2022_train_release
data\raw\DFUC2022_train_release\DFUC2022_train_images\101664.jpg,data\raw\DFUC2022_train_release\DFUC2022_train_masks\101664.png,640,480,640,480,DFUC2022_train_release
data\raw\DFUC2022_train_release\DFUC2022_train_images\101665.jpg,data\raw\DFUC2022_train_release\DFUC2022_train_masks\101665.png,640,480,640,480,DFUC2022_train_release
data\raw\DFUC2022_train_release\DFUC2022_train_images\101666.jpg,data\raw\DFUC2022_train_release\DFUC2022_train_masks\101666.png,640,480,640,480,DFUC2022_train_release
data\raw\DFUC2022_train_release\DFUC2022_train_images\101667.jpg,data\raw\DFUC2022_train_release\DFUC2022_train_masks\101667.png,640,480,640,480,DFUC2022_train_release
data\raw\DFUC2022_train_release\DFUC2022_train_images\101668.jpg,data\raw\DFUC2022_train_release\DFUC2022_train_masks\101668.png,640,480,640,480,DFUC2022_train_release
data\raw\DFUC2022_train_release\DFUC2022_train_images\101669.jpg,data\raw\DFUC2022_train_release\DFUC2022_train_masks\101669.png,640,480,640,480,DFUC2022_train_release
data\raw\DFUC2022_train_release\DFUC2022_train_images\101670.jpg,data\raw\DFUC2022_train_release\DFUC2022_train_masks\101670.png,640,480,640,480,DFUC2022_train_release
data\raw\DFUC2022_train_release\DFUC2022_train_images\101671.jpg,data\raw\DFUC2022_train_release\DFUC2022_train_masks\101671.png,640,480,640,480,DFUC2022_train_release
data\raw\DFUC2022_train_release\DFUC2022_train_images\101672.jpg,data\raw\DFUC2022_train_release\DFUC2022_train_masks\101672.png,640,480,640,480,DFUC2022_train_release
data\raw\DFUC2022_train_release\DFUC2022_train_images\101673.jpg,data\raw\DFUC2022_train_release\DFUC2022_train_masks\101673.png,640,480,640,480,DFUC2022_train_release
data\raw\DFUC2022_train_release\DFUC2022_train_images\101674.jpg,data\raw\DFUC2022_train_release\DFUC2022_train_masks\101674.png,640,480,640,480,DFUC2022_train_release
data\raw\DFUC2022_train_release\DFUC2022_train_images\101675.jpg,data\raw\DFUC2022_train_release\DFUC2022_train_masks\101675.png,640,480,640,480,DFUC2022_train_release
data\raw\DFUC2022_train_release\DFUC2022_train_images\101676.jpg,data\raw\DFUC2022_train_release\DFUC2022_train_masks\101676.png,640,480,640,480,DFUC2022_train_release
data\raw\DFUC2022_train_release\DFUC2022_train_images\101677.jpg,data\raw\DFUC2022_train_release\DFUC2022_train_masks\101677.png,640,480,640,480,DFUC2022_train_release
data\raw\DFUC2022_train_release\DFUC2022_train_images\101678.jpg,data\raw\DFUC2022_train_release\DFUC2022_train_masks\101678.png,640,480,640,480,DFUC2022_train_release
data\raw\DFUC2022_train_release\DFUC2022_train_images\101679.jpg,data\raw\DFUC2022_train_release\DFUC2022_train_masks\101679.png,640,480,640,480,DFUC2022_train_release
data\raw\DFUC2022_train_release\DFUC2022_train_images\101680.jpg,data\raw\DFUC2022_train_release\DFUC2022_train_masks\101680.png,640,480,640,480,DFUC2022_train_release
data\raw\DFUC2022_train_release\DFUC2022_train_images\101681.jpg,data\raw\DFUC2022_train_release\DFUC2022_train_masks\101681.png,640,480,640,480,DFUC2022_train_release
data\raw\DFUC2022_train_release\DFUC2022_train_images\101682.jpg,data\raw\DFUC2022_train_release\DFUC2022_train_masks\101682.png,640,480,640,480,DFUC2022_train_release
data\raw\DFUC2022_train_release\DFUC2022_train_images\101683.jpg,data\raw\DFUC2022_train_release\DFUC2022_train_masks\101683.png,640,480,640,480,DFUC2022_train_release
data\raw\DFUC2022_train_release\DFUC2022_train_images\101684.jpg,data\raw\DFUC2022_train_release\DFUC2022_train_masks\101684.png,640,480,640,480,DFUC2022_train_release
data\raw\DFUC2022_train_release\DFUC2022_train_images\101685.jpg,data\raw\DFUC2022_train_release\DFUC2022_train_masks\101685.png,640,480,640,480,DFUC2022_train_release
data\raw\DFUC2022_train_release\DFUC2022_train_images\101686.jpg,data\raw\DFUC2022_train_release\DFUC2022_train_masks\101686.png,640,480,640,480,DFUC2022_train_release
data\raw\DFUC2022_train_release\DFUC2022_train_images\101687.jpg,data\raw\DFUC2022_train_release\DFUC2022_train_masks\101687.png,640,480,640,480,DFUC2022_train_release
data\raw\DFUC2022_train_release\DFUC2022_train_images\101688.jpg,data\raw\DFUC2022_train_release\DFUC2022_train_masks\101688.png,640,480,640,480,DFUC2022_train_release
data\raw\DFUC2022_train_release\DFUC2022_train_images\101689.jpg,data\raw\DFUC2022_train_release\DFUC2022_train_masks\101689.png,640,480,640,480,DFUC2022_train_release
data\raw\DFUC2022_train_release\DFUC2022_train_images\101690.jpg,data\raw\DFUC2022_train_release\DFUC2022_train_masks\101690.png,640,480,640,480,DFUC2022_train_release
data\raw\DFUC2022_train_release\DFUC2022_train_images\101691.jpg,data\raw\DFUC2022_train_release\DFUC2022_train_masks\101691.png,640,480,640,480,DFUC2022_train_release
data\raw\DFUC2022_train_release\DFUC2022_train_images\101692.jpg,data\raw\DFUC2022_train_release\DFUC2022_train_masks\101692.png,640,480,640,480,DFUC2022_train_release
data\raw\DFUC2022_train_release\DFUC2022_train_images\101693.jpg,data\raw\DFUC2022_train_release\DFUC2022_train_masks\101693.png,640,480,640,480,DFUC2022_train_release
data\raw\DFUC2022_train_release\DFUC2022_train_images\101694.jpg,data\raw\DFUC2022_train_release\DFUC2022_train_masks\101694.png,640,480,640,480,DFUC2022_train_release
data\raw\DFUC2022_train_release\DFUC2022_train_images\101695.jpg,data\raw\DFUC2022_train_release\DFUC2022_train_masks\101695.png,640,480,640,480,DFUC2022_train_release
data\raw\DFUC2022_train_release\DFUC2022_train_images\101696.jpg,data\raw\DFUC2022_train_release\DFUC2022_train_masks\101696.png,640,480,640,480,DFUC2022_train_release
data\raw\DFUC2022_train_release\DFUC2022_train_images\101697.jpg,data\raw\DFUC2022_train_release\DFUC2022_train_masks\101697.png,640,480,640,480,DFUC2022_train_release
data\raw\DFUC2022_train_release\DFUC2022_train_images\101698.jpg,data\raw\DFUC2022_train_release\DFUC2022_train_masks\101698.png,640,480,640,480,DFUC2022_train_release
data\raw\DFUC2022_train_release\DFUC2022_train_images\101699.jpg,data\raw\DFUC2022_train_release\DFUC2022_train_masks\101699.png,640,480,640,480,DFUC2022_train_release
data\raw\DFUC2022_train_release\DFUC2022_train_images\101700.jpg,data\raw\DFUC2022_train_release\DFUC2022_train_masks\101700.png,640,480,640,480,DFUC2022_train_release
data\raw\DFUC2022_train_release\DFUC2022_train_images\101701.jpg,data\raw\DFUC2022_train_release\DFUC2022_train_masks\101701.png,640,480,640,480,DFUC2022_train_release
data\raw\DFUC2022_train_release\DFUC2022_train_images\101702.jpg,data\raw\DFUC2022_train_release\DFUC2022_train_masks\101702.png,640,480,640,480,DFUC2022_train_release
data\raw\DFUC2022_train_release\DFUC2022_train_images\101703.jpg,data\raw\DFUC2022_train_release\DFUC2022_train_masks\101703.png,640,480,640,480,DFUC2022_train_release
data\raw\DFUC2022_train_release\DFUC2022_train_images\101704.jpg,data\raw\DFUC2022_train_release\DFUC2022_train_masks\101704.png,640,480,640,480,DFUC2022_train_release
data\raw\DFUC2022_train_release\DFUC2022_train_images\101705.jpg,data\raw\DFUC2022_train_release\DFUC2022_train_masks\101705.png,640,480,640,480,DFUC2022_train_release
data\raw\DFUC2022_train_release\DFUC2022_train_images\101706.jpg,data\raw\DFUC2022_train_release\DFUC2022_train_masks\101706.png,640,480,640,480,DFUC2022_train_release
data\raw\DFUC2022_train_release\DFUC2022_train_images\101707.jpg,data\raw\DFUC2022_train_release\DFUC2022_train_masks\101707.png,640,480,640,480,DFUC2022_train_release
data\raw\DFUC2022_train_release\DFUC2022_train_images\101708.jpg,data\raw\DFUC2022_train_release\DFUC2022_train_masks\101708.png,640,480,640,480,DFUC2022_train_release
data\raw\DFUC2022_train_release\DFUC2022_train_images\101709.jpg,data\raw\DFUC2022_train_release\DFUC2022_train_masks\101709.png,640,480,640,480,DFUC2022_train_release
data\raw\DFUC2022_train_release\DFUC2022_train_images\101710.jpg,data\raw\DFUC2022_train_release\DFUC2022_train_masks\101710.png,640,480,640,480,DFUC2022_train_release
data\raw\DFUC2022_train_release\DFUC2022_train_images\101711.jpg,data\raw\DFUC2022_train_release\DFUC2022_train_masks\101711.png,640,480,640,480,DFUC2022_train_release
data\raw\DFUC2022_train_release\DFUC2022_train_images\101712.jpg,data\raw\DFUC2022_train_release\DFUC2022_train_masks\101712.png,640,480,640,480,DFUC2022_train_release
data\raw\DFUC2022_train_release\DFUC2022_train_images\101713.jpg,data\raw\DFUC2022_train_release\DFUC2022_train_masks\101713.png,640,480,640,480,DFUC2022_train_release
data\raw\DFUC2022_train_release\DFUC2022_train_images\101714.jpg,data\raw\DFUC2022_train_release\DFUC2022_train_masks\101714.png,640,480,640,480,DFUC2022_train_release
data\raw\DFUC2022_train_release\DFUC2022_train_images\101715.jpg,data\raw\DFUC2022_train_release\DFUC2022_train_masks\101715.png,640,480,640,480,DFUC2022_train_release
data\raw\DFUC2022_train_release\DFUC2022_train_images\101716.jpg,data\raw\DFUC2022_train_release\DFUC2022_train_masks\101716.png,640,480,640,480,DFUC2022_train_release
data\raw\DFUC2022_train_release\DFUC2022_train_images\101717.jpg,data\raw\DFUC2022_train_release\DFUC2022_train_masks\101717.png,640,480,640,480,DFUC2022_train_release
data\raw\DFUC2022_train_release\DFUC2022_train_images\101718.jpg,data\raw\DFUC2022_train_release\DFUC2022_train_masks\101718.png,640,480,640,480,DFUC2022_train_release
data\raw\DFUC2022_train_release\DFUC2022_train_images\101719.jpg,data\raw\DFUC2022_train_release\DFUC2022_train_masks\101719.png,640,480,640,480,DFUC2022_train_release
data\raw\DFUC2022_train_release\DFUC2022_train_images\101720.jpg,data\raw\DFUC2022_train_release\DFUC2022_train_masks\101720.png,640,480,640,480,DFUC2022_train_release
data\raw\DFUC2022_train_release\DFUC2022_train_images\101721.jpg,data\raw\DFUC2022_train_release\DFUC2022_train_masks\101721.png,640,480,640,480,DFUC2022_train_release
data\raw\DFUC2022_train_release\DFUC2022_train_images\101722.jpg,data\raw\DFUC2022_train_release\DFUC2022_train_masks\101722.png,640,480,640,480,DFUC2022_train_release
data\raw\DFUC2022_train_release\DFUC2022_train_images\101723.jpg,data\raw\DFUC2022_train_release\DFUC2022_train_masks\101723.png,640,480,640,480,DFUC2022_train_release
data\raw\DFUC2022_train_release\DFUC2022_train_images\101724.jpg,data\raw\DFUC2022_train_release\DFUC2022_train_masks\101724.png,640,480,640,480,DFUC2022_train_release
data\raw\DFUC2022_train_release\DFUC2022_train_images\101725.jpg,data\raw\DFUC2022_train_release\DFUC2022_train_masks\101725.png,640,480,640,480,DFUC2022_train_release
data\raw\DFUC2022_train_release\DFUC2022_train_images\101726.jpg,data\raw\DFUC2022_train_release\DFUC2022_train_masks\101726.png,640,480,640,480,DFUC2022_train_release
data\raw\DFUC2022_train_release\DFUC2022_train_images\101727.jpg,data\raw\DFUC2022_train_release\DFUC2022_train_masks\101727.png,640,480,640,480,DFUC2022_train_release
data\raw\DFUC2022_train_release\DFUC2022_train_images\101728.jpg,data\raw\DFUC2022_train_release\DFUC2022_train_masks\101728.png,640,480,640,480,DFUC2022_train_release
data\raw\DFUC2022_train_release\DFUC2022_train_images\101729.jpg,data\raw\DFUC2022_train_release\DFUC2022_train_masks\101729.png,640,480,640,480,DFUC2022_train_release
data\raw\DFUC2022_train_release\DFUC2022_train_images\101730.jpg,data\raw\DFUC2022_train_release\DFUC2022_train_masks\101730.png,640,480,640,480,DFUC2022_train_release
data\raw\DFUC2022_train_release\DFUC2022_train_images\101731.jpg,data\raw\DFUC2022_train_release\DFUC2022_train_masks\101731.png,640,480,640,480,DFUC2022_train_release
data\raw\DFUC2022_train_release\DFUC2022_train_images\101732.jpg,data\raw\DFUC2022_train_release\DFUC2022_train_masks\101732.png,640,480,640,480,DFUC2022_train_release
data\raw\DFUC2022_train_release\DFUC2022_train_images\101733.jpg,data\raw\DFUC2022_train_release\DFUC2022_train_masks\101733.png,640,480,640,480,DFUC2022_train_release
data\raw\DFUC2022_train_release\DFUC2022_train_images\101734.jpg,data\raw\DFUC2022_train_release\DFUC2022_train_masks\101734.png,640,480,640,480,DFUC2022_train_release
data\raw\DFUC2022_train_release\DFUC2022_train_images\101735.jpg,data\raw\DFUC2022_train_release\DFUC2022_train_masks\101735.png,640,480,640,480,DFUC2022_train_release
data\raw\DFUC2022_train_release\DFUC2022_train_images\101736.jpg,data\raw\DFUC2022_train_release\DFUC2022_train_masks\101736.png,640,480,640,480,DFUC2022_train_release
data\raw\DFUC2022_train_release\DFUC2022_train_images\101737.jpg,data\raw\DFUC2022_train_release\DFUC2022_train_masks\101737.png,640,480,640,480,DFUC2022_train_release
data\raw\DFUC2022_train_release\DFUC2022_train_images\101738.jpg,data\raw\DFUC2022_train_release\DFUC2022_train_masks\101738.png,640,480,640,480,DFUC2022_train_release
data\raw\DFUC2022_train_release\DFUC2022_train_images\101739.jpg,data\raw\DFUC2022_train_release\DFUC2022_train_masks\101739.png,640,480,640,480,DFUC2022_train_release
data\raw\DFUC2022_train_release\DFUC2022_train_images\101740.jpg,data\raw\DFUC2022_train_release\DFUC2022_train_masks\101740.png,640,480,640,480,DFUC2022_train_release
data\raw\DFUC2022_train_release\DFUC2022_train_images\101741.jpg,data\raw\DFUC2022_train_release\DFUC2022_train_masks\101741.png,640,480,640,480,DFUC2022_train_release
data\raw\DFUC2022_train_release\DFUC2022_train_images\101742.jpg,data\raw\DFUC2022_train_release\DFUC2022_train_masks\101742.png,640,480,640,480,DFUC2022_train_release
data\raw\DFUC2022_train_release\DFUC2022_train_images\101743.jpg,data\raw\DFUC2022_train_release\DFUC2022_train_masks\101743.png,640,480,640,480,DFUC2022_train_release
data\raw\DFUC2022_train_release\DFUC2022_train_images\101744.jpg,data\raw\DFUC2022_train_release\DFUC2022_train_masks\101744.png,640,480,640,480,DFUC2022_train_release
data\raw\DFUC2022_train_release\DFUC2022_train_images\101745.jpg,data\raw\DFUC2022_train_release\DFUC2022_train_masks\101745.png,640,480,640,480,DFUC2022_train_release
data\raw\DFUC2022_train_release\DFUC2022_train_images\101746.jpg,data\raw\DFUC2022_train_release\DFUC2022_train_masks\101746.png,640,480,640,480,DFUC2022_train_release
data\raw\DFUC2022_train_release\DFUC2022_train_images\101747.jpg,data\raw\DFUC2022_train_release\DFUC2022_train_masks\101747.png,640,480,640,480,DFUC2022_train_release
data\raw\DFUC2022_train_release\DFUC2022_train_images\101748.jpg,data\raw\DFUC2022_train_release\DFUC2022_train_masks\101748.png,640,480,640,480,DFUC2022_train_release
data\raw\DFUC2022_train_release\DFUC2022_train_images\101749.jpg,data\raw\DFUC2022_train_release\DFUC2022_train_masks\101749.png,640,480,640,480,DFUC2022_train_release
data\raw\DFUC2022_train_release\DFUC2022_train_images\101750.jpg,data\raw\DFUC2022_train_release\DFUC2022_train_masks\101750.png,640,480,640,480,DFUC2022_train_release
data\raw\DFUC2022_train_release\DFUC2022_train_images\101751.jpg,data\raw\DFUC2022_train_release\DFUC2022_train_masks\101751.png,640,480,640,480,DFUC2022_train_release
data\raw\DFUC2022_train_release\DFUC2022_train_images\101752.jpg,data\raw\DFUC2022_train_release\DFUC2022_train_masks\101752.png,640,480,640,480,DFUC2022_train_release
data\raw\DFUC2022_train_release\DFUC2022_train_images\101753.jpg,data\raw\DFUC2022_train_release\DFUC2022_train_masks\101753.png,640,480,640,480,DFUC2022_train_release
data\raw\DFUC2022_train_release\DFUC2022_train_images\101754.jpg,data\raw\DFUC2022_train_release\DFUC2022_train_masks\101754.png,640,480,640,480,DFUC2022_train_release
data\raw\DFUC2022_train_release\DFUC2022_train_images\101755.jpg,data\raw\DFUC2022_train_release\DFUC2022_train_masks\101755.png,640,480,640,480,DFUC2022_train_release
data\raw\DFUC2022_train_release\DFUC2022_train_images\101756.jpg,data\raw\DFUC2022_train_release\DFUC2022_train_masks\101756.png,640,480,640,480,DFUC2022_train_release
data\raw\DFUC2022_train_release\DFUC2022_train_images\101757.jpg,data\raw\DFUC2022_train_release\DFUC2022_train_masks\101757.png,640,480,640,480,DFUC2022_train_release
data\raw\DFUC2022_train_release\DFUC2022_train_images\101758.jpg,data\raw\DFUC2022_train_release\DFUC2022_train_masks\101758.png,640,480,640,480,DFUC2022_train_release
data\raw\DFUC2022_train_release\DFUC2022_train_images\101759.jpg,data\raw\DFUC2022_train_release\DFUC2022_train_masks\101759.png,640,480,640,480,DFUC2022_train_release
data\raw\DFUC2022_train_release\DFUC2022_train_images\101760.jpg,data\raw\DFUC2022_train_release\DFUC2022_train_masks\101760.png,640,480,640,480,DFUC2022_train_release
data\raw\DFUC2022_train_release\DFUC2022_train_images\101761.jpg,data\raw\DFUC2022_train_release\DFUC2022_train_masks\101761.png,640,480,640,480,DFUC2022_train_release
data\raw\DFUC2022_train_release\DFUC2022_train_images\101762.jpg,data\raw\DFUC2022_train_release\DFUC2022_train_masks\101762.png,640,480,640,480,DFUC2022_train_release
data\raw\DFUC2022_train_release\DFUC2022_train_images\101763.jpg,data\raw\DFUC2022_train_release\DFUC2022_train_masks\101763.png,640,480,640,480,DFUC2022_train_release
data\raw\DFUC2022_train_release\DFUC2022_train_images\101764.jpg,data\raw\DFUC2022_train_release\DFUC2022_train_masks\101764.png,640,480,640,480,DFUC2022_train_release
data\raw\DFUC2022_train_release\DFUC2022_train_images\101765.jpg,data\raw\DFUC2022_train_release\DFUC2022_train_masks\101765.png,640,480,640,480,DFUC2022_train_release
data\raw\DFUC2022_train_release\DFUC2022_train_images\101766.jpg,data\raw\DFUC2022_train_release\DFUC2022_train_masks\101766.png,640,480,640,480,DFUC2022_train_release
data\raw\DFUC2022_train_release\DFUC2022_train_images\101767.jpg,data\raw\DFUC2022_train_release\DFUC2022_train_masks\101767.png,640,480,640,480,DFUC2022_train_release
data\raw\DFUC2022_train_release\DFUC2022_train_images\101768.jpg,data\raw\DFUC2022_train_release\DFUC2022_train_masks\101768.png,640,480,640,480,DFUC2022_train_release
data\raw\DFUC2022_train_release\DFUC2022_train_images\101769.jpg,data\raw\DFUC2022_train_release\DFUC2022_train_masks\101769.png,640,480,640,480,DFUC2022_train_release
data\raw\DFUC2022_train_release\DFUC2022_train_images\101770.jpg,data\raw\DFUC2022_train_release\DFUC2022_train_masks\101770.png,640,480,640,480,DFUC2022_train_release
data\raw\DFUC2022_train_release\DFUC2022_train_images\101771.jpg,data\raw\DFUC2022_train_release\DFUC2022_train_masks\101771.png,640,480,640,480,DFUC2022_train_release
data\raw\DFUC2022_train_release\DFUC2022_train_images\101772.jpg,data\raw\DFUC2022_train_release\DFUC2022_train_masks\101772.png,640,480,640,480,DFUC2022_train_release
data\raw\DFUC2022_train_release\DFUC2022_train_images\101773.jpg,data\raw\DFUC2022_train_release\DFUC2022_train_masks\101773.png,640,480,640,480,DFUC2022_train_release
data\raw\DFUC2022_train_release\DFUC2022_train_images\101774.jpg,data\raw\DFUC2022_train_release\DFUC2022_train_masks\101774.png,640,480,640,480,DFUC2022_train_release
data\raw\DFUC2022_train_release\DFUC2022_train_images\101775.jpg,data\raw\DFUC2022_train_release\DFUC2022_train_masks\101775.png,640,480,640,480,DFUC2022_train_release
data\raw\DFUC2022_train_release\DFUC2022_train_images\101776.jpg,data\raw\DFUC2022_train_release\DFUC2022_train_masks\101776.png,640,480,640,480,DFUC2022_train_release
data\raw\DFUC2022_train_release\DFUC2022_train_images\101777.jpg,data\raw\DFUC2022_train_release\DFUC2022_train_masks\101777.png,640,480,640,480,DFUC2022_train_release
data\raw\DFUC2022_train_release\DFUC2022_train_images\101778.jpg,data\raw\DFUC2022_train_release\DFUC2022_train_masks\101778.png,640,480,640,480,DFUC2022_train_release
data\raw\DFUC2022_train_release\DFUC2022_train_images\101779.jpg,data\raw\DFUC2022_train_release\DFUC2022_train_masks\101779.png,640,480,640,480,DFUC2022_train_release
data\raw\DFUC2022_train_release\DFUC2022_train_images\101780.jpg,data\raw\DFUC2022_train_release\DFUC2022_train_masks\101780.png,640,480,640,480,DFUC2022_train_release
data\raw\DFUC2022_train_release\DFUC2022_train_images\101781.jpg,data\raw\DFUC2022_train_release\DFUC2022_train_masks\101781.png,640,480,640,480,DFUC2022_train_release
data\raw\DFUC2022_train_release\DFUC2022_train_images\101782.jpg,data\raw\DFUC2022_train_release\DFUC2022_train_masks\101782.png,640,480,640,480,DFUC2022_train_release
data\raw\DFUC2022_train_release\DFUC2022_train_images\101783.jpg,data\raw\DFUC2022_train_release\DFUC2022_train_masks\101783.png,640,480,640,480,DFUC2022_train_release
data\raw\DFUC2022_train_release\DFUC2022_train_images\101784.jpg,data\raw\DFUC2022_train_release\DFUC2022_train_masks\101784.png,640,480,640,480,DFUC2022_train_release
data\raw\DFUC2022_train_release\DFUC2022_train_images\101785.jpg,data\raw\DFUC2022_train_release\DFUC2022_train_masks\101785.png,640,480,640,480,DFUC2022_train_release
data\raw\DFUC2022_train_release\DFUC2022_train_images\101786.jpg,data\raw\DFUC2022_train_release\DFUC2022_train_masks\101786.png,640,480,640,480,DFUC2022_train_release
data\raw\DFUC2022_train_release\DFUC2022_train_images\101787.jpg,data\raw\DFUC2022_train_release\DFUC2022_train_masks\101787.png,640,480,640,480,DFUC2022_train_release
data\raw\DFUC2022_train_release\DFUC2022_train_images\101788.jpg,data\raw\DFUC2022_train_release\DFUC2022_train_masks\101788.png,640,480,640,480,DFUC2022_train_release
data\raw\DFUC2022_train_release\DFUC2022_train_images\101789.jpg,data\raw\DFUC2022_train_release\DFUC2022_train_masks\101789.png,640,480,640,480,DFUC2022_train_release
data\raw\DFUC2022_train_release\DFUC2022_train_images\101790.jpg,data\raw\DFUC2022_train_release\DFUC2022_train_masks\101790.png,640,480,640,480,DFUC2022_train_release
data\raw\DFUC2022_train_release\DFUC2022_train_images\101791.jpg,data\raw\DFUC2022_train_release\DFUC2022_train_masks\101791.png,640,480,640,480,DFUC2022_train_release
data\raw\DFUC2022_train_release\DFUC2022_train_images\101792.jpg,data\raw\DFUC2022_train_release\DFUC2022_train_masks\101792.png,640,480,640,480,DFUC2022_train_release
data\raw\DFUC2022_train_release\DFUC2022_train_images\101793.jpg,data\raw\DFUC2022_train_release\DFUC2022_train_masks\101793.png,640,480,640,480,DFUC2022_train_release
data\raw\DFUC2022_train_release\DFUC2022_train_images\101794.jpg,data\raw\DFUC2022_train_release\DFUC2022_train_masks\101794.png,640,480,640,480,DFUC2022_train_release
data\raw\DFUC2022_train_release\DFUC2022_train_images\101795.jpg,data\raw\DFUC2022_train_release\DFUC2022_train_masks\101795.png,640,480,640,480,DFUC2022_train_release
data\raw\DFUC2022_train_release\DFUC2022_train_images\101796.jpg,data\raw\DFUC2022_train_release\DFUC2022_train_masks\101796.png,640,480,640,480,DFUC2022_train_release
data\raw\DFUC2022_train_release\DFUC2022_train_images\101797.jpg,data\raw\DFUC2022_train_release\DFUC2022_train_masks\101797.png,640,480,640,480,DFUC2022_train_release
data\raw\DFUC2022_train_release\DFUC2022_train_images\101798.jpg,data\raw\DFUC2022_train_release\DFUC2022_train_masks\101798.png,640,480,640,480,DFUC2022_train_release
data\raw\DFUC2022_train_release\DFUC2022_train_images\101799.jpg,data\raw\DFUC2022_train_release\DFUC2022_train_masks\101799.png,640,480,640,480,DFUC2022_train_release
data\raw\DFUC2022_train_release\DFUC2022_train_images\101800.jpg,data\raw\DFUC2022_train_release\DFUC2022_train_masks\101800.png,640,480,640,480,DFUC2022_train_release
data\raw\DFUC2022_train_release\DFUC2022_train_images\101801.jpg,data\raw\DFUC2022_train_release\DFUC2022_train_masks\101801.png,640,480,640,480,DFUC2022_train_release
data\raw\DFUC2022_train_release\DFUC2022_train_images\101802.jpg,data\raw\DFUC2022_train_release\DFUC2022_train_masks\101802.png,640,480,640,480,DFUC2022_train_release
data\raw\DFUC2022_train_release\DFUC2022_train_images\101803.jpg,data\raw\DFUC2022_train_release\DFUC2022_train_masks\101803.png,640,480,640,480,DFUC2022_train_release
data\raw\DFUC2022_train_release\DFUC2022_train_images\101804.jpg,data\raw\DFUC2022_train_release\DFUC2022_train_masks\101804.png,640,480,640,480,DFUC2022_train_release
data\raw\DFUC2022_train_release\DFUC2022_train_images\101805.jpg,data\raw\DFUC2022_train_release\DFUC2022_train_masks\101805.png,640,480,640,480,DFUC2022_train_release
data\raw\DFUC2022_train_release\DFUC2022_train_images\101806.jpg,data\raw\DFUC2022_train_release\DFUC2022_train_masks\101806.png,640,480,640,480,DFUC2022_train_release
data\raw\DFUC2022_train_release\DFUC2022_train_images\101807.jpg,data\raw\DFUC2022_train_release\DFUC2022_train_masks\101807.png,640,480,640,480,DFUC2022_train_release
data\raw\DFUC2022_train_release\DFUC2022_train_images\101808.jpg,data\raw\DFUC2022_train_release\DFUC2022_train_masks\101808.png,640,480,640,480,DFUC2022_train_release
data\raw\DFUC2022_train_release\DFUC2022_train_images\101809.jpg,data\raw\DFUC2022_train_release\DFUC2022_train_masks\101809.png,640,480,640,480,DFUC2022_train_release
data\raw\DFUC2022_train_release\DFUC2022_train_images\101810.jpg,data\raw\DFUC2022_train_release\DFUC2022_train_masks\101810.png,640,480,640,480,DFUC2022_train_release
data\raw\DFUC2022_train_release\DFUC2022_train_images\101811.jpg,data\raw\DFUC2022_train_release\DFUC2022_train_masks\101811.png,640,480,640,480,DFUC2022_train_release
data\raw\DFUC2022_train_release\DFUC2022_train_images\101812.jpg,data\raw\DFUC2022_train_release\DFUC2022_train_masks\101812.png,640,480,640,480,DFUC2022_train_release
data\raw\DFUC2022_train_release\DFUC2022_train_images\101813.jpg,data\raw\DFUC2022_train_release\DFUC2022_train_masks\101813.png,640,480,640,480,DFUC2022_train_release
data\raw\DFUC2022_train_release\DFUC2022_train_images\101814.jpg,data\raw\DFUC2022_train_release\DFUC2022_train_masks\101814.png,640,480,640,480,DFUC2022_train_release
data\raw\DFUC2022_train_release\DFUC2022_train_images\101815.jpg,data\raw\DFUC2022_train_release\DFUC2022_train_masks\101815.png,640,480,640,480,DFUC2022_train_release
data\raw\DFUC2022_train_release\DFUC2022_train_images\101816.jpg,data\raw\DFUC2022_train_release\DFUC2022_train_masks\101816.png,640,480,640,480,DFUC2022_train_release
data\raw\DFUC2022_train_release\DFUC2022_train_images\101817.jpg,data\raw\DFUC2022_train_release\DFUC2022_train_masks\101817.png,640,480,640,480,DFUC2022_train_release
data\raw\DFUC2022_train_release\DFUC2022_train_images\101818.jpg,data\raw\DFUC2022_train_release\DFUC2022_train_masks\101818.png,640,480,640,480,DFUC2022_train_release
data\raw\DFUC2022_train_release\DFUC2022_train_images\101819.jpg,data\raw\DFUC2022_train_release\DFUC2022_train_masks\101819.png,640,480,640,480,DFUC2022_train_release
data\raw\DFUC2022_train_release\DFUC2022_train_images\101820.jpg,data\raw\DFUC2022_train_release\DFUC2022_train_masks\101820.png,640,480,640,480,DFUC2022_train_release
data\raw\DFUC2022_train_release\DFUC2022_train_images\101821.jpg,data\raw\DFUC2022_train_release\DFUC2022_train_masks\101821.png,640,480,640,480,DFUC2022_train_release
data\raw\DFUC2022_train_release\DFUC2022_train_images\101822.jpg,data\raw\DFUC2022_train_release\DFUC2022_train_masks\101822.png,640,480,640,480,DFUC2022_train_release
data\raw\DFUC2022_train_release\DFUC2022_train_images\101823.jpg,data\raw\DFUC2022_train_release\DFUC2022_train_masks\101823.png,640,480,640,480,DFUC2022_train_release
data\raw\DFUC2022_train_release\DFUC2022_train_images\101824.jpg,data\raw\DFUC2022_train_release\DFUC2022_train_masks\101824.png,640,480,640,480,DFUC2022_train_release
data\raw\DFUC2022_train_release\DFUC2022_train_images\101825.jpg,data\raw\DFUC2022_train_release\DFUC2022_train_masks\101825.png,640,480,640,480,DFUC2022_train_release
data\raw\DFUC2022_train_release\DFUC2022_train_images\101826.jpg,data\raw\DFUC2022_train_release\DFUC2022_train_masks\101826.png,640,480,640,480,DFUC2022_train_release
data\raw\DFUC2022_train_release\DFUC2022_train_images\101827.jpg,data\raw\DFUC2022_train_release\DFUC2022_train_masks\101827.png,640,480,640,480,DFUC2022_train_release
data\raw\DFUC2022_train_release\DFUC2022_train_images\101828.jpg,data\raw\DFUC2022_train_release\DFUC2022_train_masks\101828.png,640,480,640,480,DFUC2022_train_release
data\raw\DFUC2022_train_release\DFUC2022_train_images\101829.jpg,data\raw\DFUC2022_train_release\DFUC2022_train_masks\101829.png,640,480,640,480,DFUC2022_train_release
data\raw\DFUC2022_train_release\DFUC2022_train_images\101830.jpg,data\raw\DFUC2022_train_release\DFUC2022_train_masks\101830.png,640,480,640,480,DFUC2022_train_release
data\raw\DFUC2022_train_release\DFUC2022_train_images\101831.jpg,data\raw\DFUC2022_train_release\DFUC2022_train_masks\101831.png,640,480,640,480,DFUC2022_train_release
data\raw\DFUC2022_train_release\DFUC2022_train_images\101832.jpg,data\raw\DFUC2022_train_release\DFUC2022_train_masks\101832.png,640,480,640,480,DFUC2022_train_release
data\raw\DFUC2022_train_release\DFUC2022_train_images\101833.jpg,data\raw\DFUC2022_train_release\DFUC2022_train_masks\101833.png,640,480,640,480,DFUC2022_train_release
data\raw\DFUC2022_train_release\DFUC2022_train_images\101834.jpg,data\raw\DFUC2022_train_release\DFUC2022_train_masks\101834.png,640,480,640,480,DFUC2022_train_release
data\raw\DFUC2022_train_release\DFUC2022_train_images\101835.jpg,data\raw\DFUC2022_train_release\DFUC2022_train_masks\101835.png,640,480,640,480,DFUC2022_train_release
data\raw\DFUC2022_train_release\DFUC2022_train_images\101836.jpg,data\raw\DFUC2022_train_release\DFUC2022_train_masks\101836.png,640,480,640,480,DFUC2022_train_release
data\raw\DFUC2022_train_release\DFUC2022_train_images\101837.jpg,data\raw\DFUC2022_train_release\DFUC2022_train_masks\101837.png,640,480,640,480,DFUC2022_train_release
data\raw\DFUC2022_train_release\DFUC2022_train_images\101838.jpg,data\raw\DFUC2022_train_release\DFUC2022_train_masks\101838.png,640,480,640,480,DFUC2022_train_release
data\raw\DFUC2022_train_release\DFUC2022_train_images\101839.jpg,data\raw\DFUC2022_train_release\DFUC2022_train_masks\101839.png,640,480,640,480,DFUC2022_train_release
data\raw\DFUC2022_train_release\DFUC2022_train_images\101840.jpg,data\raw\DFUC2022_train_release\DFUC2022_train_masks\101840.png,640,480,640,480,DFUC2022_train_release
data\raw\DFUC2022_train_release\DFUC2022_train_images\101841.jpg,data\raw\DFUC2022_train_release\DFUC2022_train_masks\101841.png,640,480,640,480,DFUC2022_train_release
data\raw\DFUC2022_train_release\DFUC2022_train_images\101842.jpg,data\raw\DFUC2022_train_release\DFUC2022_train_masks\101842.png,640,480,640,480,DFUC2022_train_release
data\raw\DFUC2022_train_release\DFUC2022_train_images\101843.jpg,data\raw\DFUC2022_train_release\DFUC2022_train_masks\101843.png,640,480,640,480,DFUC2022_train_release
data\raw\DFUC2022_train_release\DFUC2022_train_images\101844.jpg,data\raw\DFUC2022_train_release\DFUC2022_train_masks\101844.png,640,480,640,480,DFUC2022_train_release
data\raw\DFUC2022_train_release\DFUC2022_train_images\101845.jpg,data\raw\DFUC2022_train_release\DFUC2022_train_masks\101845.png,640,480,640,480,DFUC2022_train_release
data\raw\DFUC2022_train_release\DFUC2022_train_images\101846.jpg,data\raw\DFUC2022_train_release\DFUC2022_train_masks\101846.png,640,480,640,480,DFUC2022_train_release
data\raw\DFUC2022_train_release\DFUC2022_train_images\101847.jpg,data\raw\DFUC2022_train_release\DFUC2022_train_masks\101847.png,640,480,640,480,DFUC2022_train_release
data\raw\DFUC2022_train_release\DFUC2022_train_images\101848.jpg,data\raw\DFUC2022_train_release\DFUC2022_train_masks\101848.png,640,480,640,480,DFUC2022_train_release
data\raw\DFUC2022_train_release\DFUC2022_train_images\101849.jpg,data\raw\DFUC2022_train_release\DFUC2022_train_masks\101849.png,640,480,640,480,DFUC2022_train_release
data\raw\DFUC2022_train_release\DFUC2022_train_images\101850.jpg,data\raw\DFUC2022_train_release\DFUC2022_train_masks\101850.png,640,480,640,480,DFUC2022_train_release
data\raw\DFUC2022_train_release\DFUC2022_train_images\101851.jpg,data\raw\DFUC2022_train_release\DFUC2022_train_masks\101851.png,640,480,640,480,DFUC2022_train_release
data\raw\DFUC2022_train_release\DFUC2022_train_images\101852.jpg,data\raw\DFUC2022_train_release\DFUC2022_train_masks\101852.png,640,480,640,480,DFUC2022_train_release
data\raw\DFUC2022_train_release\DFUC2022_train_images\101853.jpg,data\raw\DFUC2022_train_release\DFUC2022_train_masks\101853.png,640,480,640,480,DFUC2022_train_release
data\raw\DFUC2022_train_release\DFUC2022_train_images\101854.jpg,data\raw\DFUC2022_train_release\DFUC2022_train_masks\101854.png,640,480,640,480,DFUC2022_train_release
data\raw\DFUC2022_train_release\DFUC2022_train_images\101855.jpg,data\raw\DFUC2022_train_release\DFUC2022_train_masks\101855.png,640,480,640,480,DFUC2022_train_release
data\raw\DFUC2022_train_release\DFUC2022_train_images\101856.jpg,data\raw\DFUC2022_train_release\DFUC2022_train_masks\101856.png,640,480,640,480,DFUC2022_train_release
data\raw\DFUC2022_train_release\DFUC2022_train_images\101857.jpg,data\raw\DFUC2022_train_release\DFUC2022_train_masks\101857.png,640,480,640,480,DFUC2022_train_release
data\raw\DFUC2022_train_release\DFUC2022_train_images\101858.jpg,data\raw\DFUC2022_train_release\DFUC2022_train_masks\101858.png,640,480,640,480,DFUC2022_train_release
data\raw\DFUC2022_train_release\DFUC2022_train_images\101859.jpg,data\raw\DFUC2022_train_release\DFUC2022_train_masks\101859.png,640,480,640,480,DFUC2022_train_release
data\raw\DFUC2022_train_release\DFUC2022_train_images\101860.jpg,data\raw\DFUC2022_train_release\DFUC2022_train_masks\101860.png,640,480,640,480,DFUC2022_train_release
data\raw\DFUC2022_train_release\DFUC2022_train_images\101861.jpg,data\raw\DFUC2022_train_release\DFUC2022_train_masks\101861.png,640,480,640,480,DFUC2022_train_release
data\raw\DFUC2022_train_release\DFUC2022_train_images\101862.jpg,data\raw\DFUC2022_train_release\DFUC2022_train_masks\101862.png,640,480,640,480,DFUC2022_train_release
data\raw\DFUC2022_train_release\DFUC2022_train_images\101863.jpg,data\raw\DFUC2022_train_release\DFUC2022_train_masks\101863.png,640,480,640,480,DFUC2022_train_release
data\raw\DFUC2022_train_release\DFUC2022_train_images\101864.jpg,data\raw\DFUC2022_train_release\DFUC2022_train_masks\101864.png,640,480,640,480,DFUC2022_train_release
data\raw\DFUC2022_train_release\DFUC2022_train_images\101865.jpg,data\raw\DFUC2022_train_release\DFUC2022_train_masks\101865.png,640,480,640,480,DFUC2022_train_release
data\raw\DFUC2022_train_release\DFUC2022_train_images\101866.jpg,data\raw\DFUC2022_train_release\DFUC2022_train_masks\101866.png,640,480,640,480,DFUC2022_train_release
data\raw\DFUC2022_train_release\DFUC2022_train_images\101867.jpg,data\raw\DFUC2022_train_release\DFUC2022_train_masks\101867.png,640,480,640,480,DFUC2022_train_release
data\raw\DFUC2022_train_release\DFUC2022_train_images\101868.jpg,data\raw\DFUC2022_train_release\DFUC2022_train_masks\101868.png,640,480,640,480,DFUC2022_train_release
data\raw\DFUC2022_train_release\DFUC2022_train_images\101869.jpg,data\raw\DFUC2022_train_release\DFUC2022_train_masks\101869.png,640,480,640,480,DFUC2022_train_release
data\raw\DFUC2022_train_release\DFUC2022_train_images\101870.jpg,data\raw\DFUC2022_train_release\DFUC2022_train_masks\101870.png,640,480,640,480,DFUC2022_train_release
data\raw\DFUC2022_train_release\DFUC2022_train_images\101871.jpg,data\raw\DFUC2022_train_release\DFUC2022_train_masks\101871.png,640,480,640,480,DFUC2022_train_release
data\raw\DFUC2022_train_release\DFUC2022_train_images\101872.jpg,data\raw\DFUC2022_train_release\DFUC2022_train_masks\101872.png,640,480,640,480,DFUC2022_train_release
data\raw\DFUC2022_train_release\DFUC2022_train_images\101873.jpg,data\raw\DFUC2022_train_release\DFUC2022_train_masks\101873.png,640,480,640,480,DFUC2022_train_release
data\raw\DFUC2022_train_release\DFUC2022_train_images\101874.jpg,data\raw\DFUC2022_train_release\DFUC2022_train_masks\101874.png,640,480,640,480,DFUC2022_train_release
data\raw\DFUC2022_train_release\DFUC2022_train_images\101875.jpg,data\raw\DFUC2022_train_release\DFUC2022_train_masks\101875.png,640,480,640,480,DFUC2022_train_release
data\raw\DFUC2022_train_release\DFUC2022_train_images\101876.jpg,data\raw\DFUC2022_train_release\DFUC2022_train_masks\101876.png,640,480,640,480,DFUC2022_train_release
data\raw\DFUC2022_train_release\DFUC2022_train_images\101877.jpg,data\raw\DFUC2022_train_release\DFUC2022_train_masks\101877.png,640,480,640,480,DFUC2022_train_release
data\raw\DFUC2022_train_release\DFUC2022_train_images\101878.jpg,data\raw\DFUC2022_train_release\DFUC2022_train_masks\101878.png,640,480,640,480,DFUC2022_train_release
data\raw\DFUC2022_train_release\DFUC2022_train_images\101879.jpg,data\raw\DFUC2022_train_release\DFUC2022_train_masks\101879.png,640,480,640,480,DFUC2022_train_release
data\raw\DFUC2022_train_release\DFUC2022_train_images\101880.jpg,data\raw\DFUC2022_train_release\DFUC2022_train_masks\101880.png,640,480,640,480,DFUC2022_train_release
data\raw\DFUC2022_train_release\DFUC2022_train_images\101881.jpg,data\raw\DFUC2022_train_release\DFUC2022_train_masks\101881.png,640,480,640,480,DFUC2022_train_release
data\raw\DFUC2022_train_release\DFUC2022_train_images\101882.jpg,data\raw\DFUC2022_train_release\DFUC2022_train_masks\101882.png,640,480,640,480,DFUC2022_train_release
data\raw\DFUC2022_train_release\DFUC2022_train_images\101883.jpg,data\raw\DFUC2022_train_release\DFUC2022_train_masks\101883.png,640,480,640,480,DFUC2022_train_release
data\raw\DFUC2022_train_release\DFUC2022_train_images\101884.jpg,data\raw\DFUC2022_train_release\DFUC2022_train_masks\101884.png,640,480,640,480,DFUC2022_train_release
data\raw\DFUC2022_train_release\DFUC2022_train_images\101885.jpg,data\raw\DFUC2022_train_release\DFUC2022_train_masks\101885.png,640,480,640,480,DFUC2022_train_release
data\raw\DFUC2022_train_release\DFUC2022_train_images\101886.jpg,data\raw\DFUC2022_train_release\DFUC2022_train_masks\101886.png,640,480,640,480,DFUC2022_train_release
data\raw\DFUC2022_train_release\DFUC2022_train_images\101887.jpg,data\raw\DFUC2022_train_release\DFUC2022_train_masks\101887.png,640,480,640,480,DFUC2022_train_release
data\raw\DFUC2022_train_release\DFUC2022_train_images\101888.jpg,data\raw\DFUC2022_train_release\DFUC2022_train_masks\101888.png,640,480,640,480,DFUC2022_train_release
data\raw\DFUC2022_train_release\DFUC2022_train_images\101889.jpg,data\raw\DFUC2022_train_release\DFUC2022_train_masks\101889.png,640,480,640,480,DFUC2022_train_release
data\raw\DFUC2022_train_release\DFUC2022_train_images\101890.jpg,data\raw\DFUC2022_train_release\DFUC2022_train_masks\101890.png,640,480,640,480,DFUC2022_train_release
data\raw\DFUC2022_train_release\DFUC2022_train_images\101891.jpg,data\raw\DFUC2022_train_release\DFUC2022_train_masks\101891.png,640,480,640,480,DFUC2022_train_release
data\raw\DFUC2022_train_release\DFUC2022_train_images\101892.jpg,data\raw\DFUC2022_train_release\DFUC2022_train_masks\101892.png,640,480,640,480,DFUC2022_train_release
data\raw\DFUC2022_train_release\DFUC2022_train_images\101893.jpg,data\raw\DFUC2022_train_release\DFUC2022_train_masks\101893.png,640,480,640,480,DFUC2022_train_release
data\raw\DFUC2022_train_release\DFUC2022_train_images\101894.jpg,data\raw\DFUC2022_train_release\DFUC2022_train_masks\101894.png,640,480,640,480,DFUC2022_train_release
data\raw\DFUC2022_train_release\DFUC2022_train_images\101895.jpg,data\raw\DFUC2022_train_release\DFUC2022_train_masks\101895.png,640,480,640,480,DFUC2022_train_release
data\raw\DFUC2022_train_release\DFUC2022_train_images\101896.jpg,data\raw\DFUC2022_train_release\DFUC2022_train_masks\101896.png,640,480,640,480,DFUC2022_train_release
data\raw\DFUC2022_train_release\DFUC2022_train_images\101897.jpg,data\raw\DFUC2022_train_release\DFUC2022_train_masks\101897.png,640,480,640,480,DFUC2022_train_release
data\raw\DFUC2022_train_release\DFUC2022_train_images\101898.jpg,data\raw\DFUC2022_train_release\DFUC2022_train_masks\101898.png,640,480,640,480,DFUC2022_train_release
data\raw\DFUC2022_train_release\DFUC2022_train_images\101899.jpg,data\raw\DFUC2022_train_release\DFUC2022_train_masks\101899.png,640,480,640,480,DFUC2022_train_release
data\raw\DFUC2022_train_release\DFUC2022_train_images\101900.jpg,data\raw\DFUC2022_train_release\DFUC2022_train_masks\101900.png,640,480,640,480,DFUC2022_train_release
data\raw\DFUC2022_train_release\DFUC2022_train_images\101901.jpg,data\raw\DFUC2022_train_release\DFUC2022_train_masks\101901.png,640,480,640,480,DFUC2022_train_release
data\raw\DFUC2022_train_release\DFUC2022_train_images\101902.jpg,data\raw\DFUC2022_train_release\DFUC2022_train_masks\101902.png,640,480,640,480,DFUC2022_train_release
data\raw\DFUC2022_train_release\DFUC2022_train_images\101903.jpg,data\raw\DFUC2022_train_release\DFUC2022_train_masks\101903.png,640,480,640,480,DFUC2022_train_release
data\raw\DFUC2022_train_release\DFUC2022_train_images\101904.jpg,data\raw\DFUC2022_train_release\DFUC2022_train_masks\101904.png,640,480,640,480,DFUC2022_train_release
data\raw\DFUC2022_train_release\DFUC2022_train_images\101905.jpg,data\raw\DFUC2022_train_release\DFUC2022_train_masks\101905.png,640,480,640,480,DFUC2022_train_release
data\raw\DFUC2022_train_release\DFUC2022_train_images\101906.jpg,data\raw\DFUC2022_train_release\DFUC2022_train_masks\101906.png,640,480,640,480,DFUC2022_train_release
data\raw\DFUC2022_train_release\DFUC2022_train_images\101907.jpg,data\raw\DFUC2022_train_release\DFUC2022_train_masks\101907.png,640,480,640,480,DFUC2022_train_release
data\raw\DFUC2022_train_release\DFUC2022_train_images\101908.jpg,data\raw\DFUC2022_train_release\DFUC2022_train_masks\101908.png,640,480,640,480,DFUC2022_train_release
data\raw\DFUC2022_train_release\DFUC2022_train_images\101909.jpg,data\raw\DFUC2022_train_release\DFUC2022_train_masks\101909.png,640,480,640,480,DFUC2022_train_release
data\raw\DFUC2022_train_release\DFUC2022_train_images\101910.jpg,data\raw\DFUC2022_train_release\DFUC2022_train_masks\101910.png,640,480,640,480,DFUC2022_train_release
data\raw\DFUC2022_train_release\DFUC2022_train_images\101911.jpg,data\raw\DFUC2022_train_release\DFUC2022_train_masks\101911.png,640,480,640,480,DFUC2022_train_release
data\raw\DFUC2022_train_release\DFUC2022_train_images\101912.jpg,data\raw\DFUC2022_train_release\DFUC2022_train_masks\101912.png,640,480,640,480,DFUC2022_train_release
data\raw\DFUC2022_train_release\DFUC2022_train_images\101913.jpg,data\raw\DFUC2022_train_release\DFUC2022_train_masks\101913.png,640,480,640,480,DFUC2022_train_release
data\raw\DFUC2022_train_release\DFUC2022_train_images\101914.jpg,data\raw\DFUC2022_train_release\DFUC2022_train_masks\101914.png,640,480,640,480,DFUC2022_train_release
data\raw\DFUC2022_train_release\DFUC2022_train_images\101915.jpg,data\raw\DFUC2022_train_release\DFUC2022_train_masks\101915.png,640,480,640,480,DFUC2022_train_release
data\raw\DFUC2022_train_release\DFUC2022_train_images\101916.jpg,data\raw\DFUC2022_train_release\DFUC2022_train_masks\101916.png,640,480,640,480,DFUC2022_train_release
data\raw\DFUC2022_train_release\DFUC2022_train_images\101917.jpg,data\raw\DFUC2022_train_release\DFUC2022_train_masks\101917.png,640,480,640,480,DFUC2022_train_release
data\raw\DFUC2022_train_release\DFUC2022_train_images\101918.jpg,data\raw\DFUC2022_train_release\DFUC2022_train_masks\101918.png,640,480,640,480,DFUC2022_train_release
data\raw\DFUC2022_train_release\DFUC2022_train_images\101919.jpg,data\raw\DFUC2022_train_release\DFUC2022_train_masks\101919.png,640,480,640,480,DFUC2022_train_release
data\raw\DFUC2022_train_release\DFUC2022_train_images\101920.jpg,data\raw\DFUC2022_train_release\DFUC2022_train_masks\101920.png,640,480,640,480,DFUC2022_train_release
data\raw\DFUC2022_train_release\DFUC2022_train_images\101921.jpg,data\raw\DFUC2022_train_release\DFUC2022_train_masks\101921.png,640,480,640,480,DFUC2022_train_release
data\raw\DFUC2022_train_release\DFUC2022_train_images\101922.jpg,data\raw\DFUC2022_train_release\DFUC2022_train_masks\101922.png,640,480,640,480,DFUC2022_train_release
data\raw\DFUC2022_train_release\DFUC2022_train_images\101923.jpg,data\raw\DFUC2022_train_release\DFUC2022_train_masks\101923.png,640,480,640,480,DFUC2022_train_release
data\raw\DFUC2022_train_release\DFUC2022_train_images\101924.jpg,data\raw\DFUC2022_train_release\DFUC2022_train_masks\101924.png,640,480,640,480,DFUC2022_train_release
data\raw\DFUC2022_train_release\DFUC2022_train_images\101925.jpg,data\raw\DFUC2022_train_release\DFUC2022_train_masks\101925.png,640,480,640,480,DFUC2022_train_release
data\raw\DFUC2022_train_release\DFUC2022_train_images\101926.jpg,data\raw\DFUC2022_train_release\DFUC2022_train_masks\101926.png,640,480,640,480,DFUC2022_train_release
data\raw\DFUC2022_train_release\DFUC2022_train_images\101927.jpg,data\raw\DFUC2022_train_release\DFUC2022_train_masks\101927.png,640,480,640,480,DFUC2022_train_release
data\raw\DFUC2022_train_release\DFUC2022_train_images\101928.jpg,data\raw\DFUC2022_train_release\DFUC2022_train_masks\101928.png,640,480,640,480,DFUC2022_train_release
data\raw\DFUC2022_train_release\DFUC2022_train_images\101929.jpg,data\raw\DFUC2022_train_release\DFUC2022_train_masks\101929.png,640,480,640,480,DFUC2022_train_release
data\raw\DFUC2022_train_release\DFUC2022_train_images\101930.jpg,data\raw\DFUC2022_train_release\DFUC2022_train_masks\101930.png,640,480,640,480,DFUC2022_train_release
data\raw\DFUC2022_train_release\DFUC2022_train_images\101931.jpg,data\raw\DFUC2022_train_release\DFUC2022_train_masks\101931.png,640,480,640,480,DFUC2022_train_release
data\raw\DFUC2022_train_release\DFUC2022_train_images\101932.jpg,data\raw\DFUC2022_train_release\DFUC2022_train_masks\101932.png,640,480,640,480,DFUC2022_train_release
data\raw\DFUC2022_train_release\DFUC2022_train_images\101933.jpg,data\raw\DFUC2022_train_release\DFUC2022_train_masks\101933.png,640,480,640,480,DFUC2022_train_release
data\raw\DFUC2022_train_release\DFUC2022_train_images\101934.jpg,data\raw\DFUC2022_train_release\DFUC2022_train_masks\101934.png,640,480,640,480,DFUC2022_train_release
data\raw\DFUC2022_train_release\DFUC2022_train_images\101935.jpg,data\raw\DFUC2022_train_release\DFUC2022_train_masks\101935.png,640,480,640,480,DFUC2022_train_release
data\raw\DFUC2022_train_release\DFUC2022_train_images\101936.jpg,data\raw\DFUC2022_train_release\DFUC2022_train_masks\101936.png,640,480,640,480,DFUC2022_train_release
data\raw\DFUC2022_train_release\DFUC2022_train_images\101937.jpg,data\raw\DFUC2022_train_release\DFUC2022_train_masks\101937.png,640,480,640,480,DFUC2022_train_release
data\raw\DFUC2022_train_release\DFUC2022_train_images\101938.jpg,data\raw\DFUC2022_train_release\DFUC2022_train_masks\101938.png,640,480,640,480,DFUC2022_train_release
data\raw\DFUC2022_train_release\DFUC2022_train_images\101939.jpg,data\raw\DFUC2022_train_release\DFUC2022_train_masks\101939.png,640,480,640,480,DFUC2022_train_release
data\raw\DFUC2022_train_release\DFUC2022_train_images\101940.jpg,data\raw\DFUC2022_train_release\DFUC2022_train_masks\101940.png,640,480,640,480,DFUC2022_train_release
data\raw\DFUC2022_train_release\DFUC2022_train_images\101941.jpg,data\raw\DFUC2022_train_release\DFUC2022_train_masks\101941.png,640,480,640,480,DFUC2022_train_release
data\raw\DFUC2022_train_release\DFUC2022_train_images\101942.jpg,data\raw\DFUC2022_train_release\DFUC2022_train_masks\101942.png,640,480,640,480,DFUC2022_train_release
data\raw\DFUC2022_train_release\DFUC2022_train_images\101943.jpg,data\raw\DFUC2022_train_release\DFUC2022_train_masks\101943.png,640,480,640,480,DFUC2022_train_release
data\raw\DFUC2022_train_release\DFUC2022_train_images\101944.jpg,data\raw\DFUC2022_train_release\DFUC2022_train_masks\101944.png,640,480,640,480,DFUC2022_train_release
data\raw\DFUC2022_train_release\DFUC2022_train_images\101945.jpg,data\raw\DFUC2022_train_release\DFUC2022_train_masks\101945.png,640,480,640,480,DFUC2022_train_release
data\raw\DFUC2022_train_release\DFUC2022_train_images\101946.jpg,data\raw\DFUC2022_train_release\DFUC2022_train_masks\101946.png,640,480,640,480,DFUC2022_train_release
data\raw\DFUC2022_train_release\DFUC2022_train_images\101947.jpg,data\raw\DFUC2022_train_release\DFUC2022_train_masks\101947.png,640,480,640,480,DFUC2022_train_release
data\raw\DFUC2022_train_release\DFUC2022_train_images\101948.jpg,data\raw\DFUC2022_train_release\DFUC2022_train_masks\101948.png,640,480,640,480,DFUC2022_train_release
data\raw\DFUC2022_train_release\DFUC2022_train_images\101949.jpg,data\raw\DFUC2022_train_release\DFUC2022_train_masks\101949.png,640,480,640,480,DFUC2022_train_release
data\raw\DFUC2022_train_release\DFUC2022_train_images\101950.jpg,data\raw\DFUC2022_train_release\DFUC2022_train_masks\101950.png,640,480,640,480,DFUC2022_train_release
data\raw\DFUC2022_train_release\DFUC2022_train_images\101951.jpg,data\raw\DFUC2022_train_release\DFUC2022_train_masks\101951.png,640,480,640,480,DFUC2022_train_release
data\raw\DFUC2022_train_release\DFUC2022_train_images\101952.jpg,data\raw\DFUC2022_train_release\DFUC2022_train_masks\101952.png,640,480,640,480,DFUC2022_train_release
data\raw\DFUC2022_train_release\DFUC2022_train_images\101953.jpg,data\raw\DFUC2022_train_release\DFUC2022_train_masks\101953.png,640,480,640,480,DFUC2022_train_release
data\raw\DFUC2022_train_release\DFUC2022_train_images\101954.jpg,data\raw\DFUC2022_train_release\DFUC2022_train_masks\101954.png,640,480,640,480,DFUC2022_train_release
data\raw\DFUC2022_train_release\DFUC2022_train_images\101955.jpg,data\raw\DFUC2022_train_release\DFUC2022_train_masks\101955.png,640,480,640,480,DFUC2022_train_release
data\raw\DFUC2022_train_release\DFUC2022_train_images\101956.jpg,data\raw\DFUC2022_train_release\DFUC2022_train_masks\101956.png,640,480,640,480,DFUC2022_train_release
data\raw\DFUC2022_train_release\DFUC2022_train_images\101957.jpg,data\raw\DFUC2022_train_release\DFUC2022_train_masks\101957.png,640,480,640,480,DFUC2022_train_release
data\raw\DFUC2022_train_release\DFUC2022_train_images\101958.jpg,data\raw\DFUC2022_train_release\DFUC2022_train_masks\101958.png,640,480,640,480,DFUC2022_train_release
data\raw\DFUC2022_train_release\DFUC2022_train_images\101959.jpg,data\raw\DFUC2022_train_release\DFUC2022_train_masks\101959.png,640,480,640,480,DFUC2022_train_release
data\raw\DFUC2022_train_release\DFUC2022_train_images\101960.jpg,data\raw\DFUC2022_train_release\DFUC2022_train_masks\101960.png,640,480,640,480,DFUC2022_train_release
data\raw\DFUC2022_train_release\DFUC2022_train_images\101961.jpg,data\raw\DFUC2022_train_release\DFUC2022_train_masks\101961.png,640,480,640,480,DFUC2022_train_release
data\raw\DFUC2022_train_release\DFUC2022_train_images\101962.jpg,data\raw\DFUC2022_train_release\DFUC2022_train_masks\101962.png,640,480,640,480,DFUC2022_train_release
data\raw\DFUC2022_train_release\DFUC2022_train_images\101963.jpg,data\raw\DFUC2022_train_release\DFUC2022_train_masks\101963.png,640,480,640,480,DFUC2022_train_release
data\raw\DFUC2022_train_release\DFUC2022_train_images\101964.jpg,data\raw\DFUC2022_train_release\DFUC2022_train_masks\101964.png,640,480,640,480,DFUC2022_train_release
data\raw\DFUC2022_train_release\DFUC2022_train_images\101965.jpg,data\raw\DFUC2022_train_release\DFUC2022_train_masks\101965.png,640,480,640,480,DFUC2022_train_release
data\raw\DFUC2022_train_release\DFUC2022_train_images\101966.jpg,data\raw\DFUC2022_train_release\DFUC2022_train_masks\101966.png,640,480,640,480,DFUC2022_train_release
data\raw\DFUC2022_train_release\DFUC2022_train_images\101967.jpg,data\raw\DFUC2022_train_release\DFUC2022_train_masks\101967.png,640,480,640,480,DFUC2022_train_release
data\raw\DFUC2022_train_release\DFUC2022_train_images\101968.jpg,data\raw\DFUC2022_train_release\DFUC2022_train_masks\101968.png,640,480,640,480,DFUC2022_train_release
data\raw\DFUC2022_train_release\DFUC2022_train_images\101969.jpg,data\raw\DFUC2022_train_release\DFUC2022_train_masks\101969.png,640,480,640,480,DFUC2022_train_release
data\raw\DFUC2022_train_release\DFUC2022_train_images\101970.jpg,data\raw\DFUC2022_train_release\DFUC2022_train_masks\101970.png,640,480,640,480,DFUC2022_train_release
data\raw\DFUC2022_train_release\DFUC2022_train_images\101971.jpg,data\raw\DFUC2022_train_release\DFUC2022_train_masks\101971.png,640,480,640,480,DFUC2022_train_release
data\raw\DFUC2022_train_release\DFUC2022_train_images\101972.jpg,data\raw\DFUC2022_train_release\DFUC2022_train_masks\101972.png,640,480,640,480,DFUC2022_train_release
data\raw\DFUC2022_train_release\DFUC2022_train_images\101973.jpg,data\raw\DFUC2022_train_release\DFUC2022_train_masks\101973.png,640,480,640,480,DFUC2022_train_release
data\raw\DFUC2022_train_release\DFUC2022_train_images\101974.jpg,data\raw\DFUC2022_train_release\DFUC2022_train_masks\101974.png,640,480,640,480,DFUC2022_train_release
data\raw\DFUC2022_train_release\DFUC2022_train_images\101975.jpg,data\raw\DFUC2022_train_release\DFUC2022_train_masks\101975.png,640,480,640,480,DFUC2022_train_release
data\raw\DFUC2022_train_release\DFUC2022_train_images\101976.jpg,data\raw\DFUC2022_train_release\DFUC2022_train_masks\101976.png,640,480,640,480,DFUC2022_train_release
data\raw\DFUC2022_train_release\DFUC2022_train_images\101977.jpg,data\raw\DFUC2022_train_release\DFUC2022_train_masks\101977.png,640,480,640,480,DFUC2022_train_release
data\raw\DFUC2022_train_release\DFUC2022_train_images\101978.jpg,data\raw\DFUC2022_train_release\DFUC2022_train_masks\101978.png,640,480,640,480,DFUC2022_train_release
data\raw\DFUC2022_train_release\DFUC2022_train_images\101979.jpg,data\raw\DFUC2022_train_release\DFUC2022_train_masks\101979.png,640,480,640,480,DFUC2022_train_release
data\raw\DFUC2022_train_release\DFUC2022_train_images\101980.jpg,data\raw\DFUC2022_train_release\DFUC2022_train_masks\101980.png,640,480,640,480,DFUC2022_train_release
data\raw\DFUC2022_train_release\DFUC2022_train_images\101981.jpg,data\raw\DFUC2022_train_release\DFUC2022_train_masks\101981.png,640,480,640,480,DFUC2022_train_release
data\raw\DFUC2022_train_release\DFUC2022_train_images\101982.jpg,data\raw\DFUC2022_train_release\DFUC2022_train_masks\101982.png,640,480,640,480,DFUC2022_train_release
data\raw\DFUC2022_train_release\DFUC2022_train_images\101983.jpg,data\raw\DFUC2022_train_release\DFUC2022_train_masks\101983.png,640,480,640,480,DFUC2022_train_release
data\raw\DFUC2022_train_release\DFUC2022_train_images\101984.jpg,data\raw\DFUC2022_train_release\DFUC2022_train_masks\101984.png,640,480,640,480,DFUC2022_train_release
data\raw\DFUC2022_train_release\DFUC2022_train_images\101985.jpg,data\raw\DFUC2022_train_release\DFUC2022_train_masks\101985.png,640,480,640,480,DFUC2022_train_release
data\raw\DFUC2022_train_release\DFUC2022_train_images\101986.jpg,data\raw\DFUC2022_train_release\DFUC2022_train_masks\101986.png,640,480,640,480,DFUC2022_train_release
data\raw\DFUC2022_train_release\DFUC2022_train_images\101987.jpg,data\raw\DFUC2022_train_release\DFUC2022_train_masks\101987.png,640,480,640,480,DFUC2022_train_release
data\raw\DFUC2022_train_release\DFUC2022_train_images\101988.jpg,data\raw\DFUC2022_train_release\DFUC2022_train_masks\101988.png,640,480,640,480,DFUC2022_train_release
data\raw\DFUC2022_train_release\DFUC2022_train_images\101989.jpg,data\raw\DFUC2022_train_release\DFUC2022_train_masks\101989.png,640,480,640,480,DFUC2022_train_release
data\raw\DFUC2022_train_release\DFUC2022_train_images\101990.jpg,data\raw\DFUC2022_train_release\DFUC2022_train_masks\101990.png,640,480,640,480,DFUC2022_train_release
data\raw\DFUC2022_train_release\DFUC2022_train_images\101991.jpg,data\raw\DFUC2022_train_release\DFUC2022_train_masks\101991.png,640,480,640,480,DFUC2022_train_release
data\raw\DFUC2022_train_release\DFUC2022_train_images\101992.jpg,data\raw\DFUC2022_train_release\DFUC2022_train_masks\101992.png,640,480,640,480,DFUC2022_train_release
data\raw\DFUC2022_train_release\DFUC2022_train_images\101993.jpg,data\raw\DFUC2022_train_release\DFUC2022_train_masks\101993.png,640,480,640,480,DFUC2022_train_release
data\raw\DFUC2022_train_release\DFUC2022_train_images\101994.jpg,data\raw\DFUC2022_train_release\DFUC2022_train_masks\101994.png,640,480,640,480,DFUC2022_train_release
data\raw\DFUC2022_train_release\DFUC2022_train_images\101995.jpg,data\raw\DFUC2022_train_release\DFUC2022_train_masks\101995.png,640,480,640,480,DFUC2022_train_release
data\raw\DFUC2022_train_release\DFUC2022_train_images\101996.jpg,data\raw\DFUC2022_train_release\DFUC2022_train_masks\101996.png,640,480,640,480,DFUC2022_train_release
data\raw\DFUC2022_train_release\DFUC2022_train_images\101997.jpg,data\raw\DFUC2022_train_release\DFUC2022_train_masks\101997.png,640,480,640,480,DFUC2022_train_release
data\raw\DFUC2022_train_release\DFUC2022_train_images\101998.jpg,data\raw\DFUC2022_train_release\DFUC2022_train_masks\101998.png,640,480,640,480,DFUC2022_train_release
data\raw\DFUC2022_train_release\DFUC2022_train_images\101999.jpg,data\raw\DFUC2022_train_release\DFUC2022_train_masks\101999.png,640,480,640,480,DFUC2022_train_release
data\raw\DFUC2022_train_release\DFUC2022_train_images\102000.jpg,data\raw\DFUC2022_train_release\DFUC2022_train_masks\102000.png,640,480,640,480,DFUC2022_train_release
