sample_id,image_filename,mask_filename,severity,severity_label,infection,source
1,sample_00001.jpg,sample_00001.png,0,normal,0,classification_curated
2,sample_00002.jpg,sample_00002.png,0,normal,0,classification_curated
3,sample_00003.jpg,sample_00003.png,0,normal,0,classification_curated
4,sample_00004.jpg,sample_00004.png,0,normal,0,classification_curated
5,sample_00005.jpg,sample_00005.png,0,normal,0,classification_curated
6,sample_00006.jpg,sample_00006.png,0,normal,0,classification_curated
7,sample_00007.jpg,sample_00007.png,0,normal,0,classification_curated
8,sample_00008.jpg,sample_00008.png,0,normal,0,classification_curated
9,sample_00009.jpg,sample_00009.png,0,normal,0,classification_curated
10,sample_00010.jpg,sample_00010.png,0,normal,0,classification_curated
11,sample_00011.jpg,sample_00011.png,0,normal,0,classification_curated
12,sample_00012.jpg,sample_00012.png,0,normal,0,classification_curated
13,sample_00013.jpg,sample_00013.png,0,normal,0,classification_curated
14,sample_00014.jpg,sample_00014.png,0,normal,0,classification_curated
15,sample_00015.jpg,sample_00015.png,0,normal,0,classification_curated
16,sample_00016.jpg,sample_00016.png,0,normal,0,classification_curated
17,sample_00017.jpg,sample_00017.png,0,normal,0,classification_curated
18,sample_00018.jpg,sample_00018.png,0,normal,0,classification_curated
19,sample_00019.jpg,sample_00019.png,0,normal,0,classification_curated
20,sample_00020.jpg,sample_00020.png,0,normal,0,classification_curated
21,sample_00021.jpg,sample_00021.png,0,normal,0,classification_curated
22,sample_00022.jpg,sample_00022.png,0,normal,0,classification_curated
23,sample_00023.jpg,sample_00023.png,0,normal,0,classification_curated
24,sample_00024.jpg,sample_00024.png,0,normal,0,classification_curated
25,sample_00025.jpg,sample_00025.png,0,normal,0,classification_curated
26,sample_00026.jpg,sample_00026.png,0,normal,0,classification_curated
27,sample_00027.jpg,sample_00027.png,0,normal,0,classification_curated
28,sample_00028.jpg,sample_00028.png,0,normal,0,classification_curated
29,sample_00029.jpg,sample_00029.png,0,normal,0,classification_curated
30,sample_00030.jpg,sample_00030.png,0,normal,0,classification_curated
31,sample_00031.jpg,sample_00031.png,0,normal,0,classification_curated
32,sample_00032.jpg,sample_00032.png,0,normal,0,classification_curated
33,sample_00033.jpg,sample_00033.png,0,normal,0,classification_curated
34,sample_00034.jpg,sample_00034.png,0,normal,0,classification_curated
35,sample_00035.jpg,sample_00035.png,0,normal,0,classification_curated
36,sample_00036.jpg,sample_00036.png,0,normal,0,classification_curated
37,sample_00037.jpg,sample_00037.png,0,normal,0,classification_curated
38,sample_00038.jpg,sample_00038.png,0,normal,0,classification_curated
39,sample_00039.jpg,sample_00039.png,0,normal,0,classification_curated
40,sample_00040.jpg,sample_00040.png,0,normal,0,classification_curated
41,sample_00041.jpg,sample_00041.png,0,normal,0,classification_curated
42,sample_00042.jpg,sample_00042.png,0,normal,0,classification_curated
43,sample_00043.jpg,sample_00043.png,0,normal,0,classification_curated
44,sample_00044.jpg,sample_00044.png,0,normal,0,classification_curated
45,sample_00045.jpg,sample_00045.png,0,normal,0,classification_curated
46,sample_00046.jpg,sample_00046.png,0,normal,0,classification_curated
47,sample_00047.jpg,sample_00047.png,0,normal,0,classification_curated
48,sample_00048.jpg,sample_00048.png,0,normal,0,classification_curated
49,sample_00049.jpg,sample_00049.png,0,normal,0,classification_curated
50,sample_00050.jpg,sample_00050.png,0,normal,0,classification_curated
51,sample_00051.jpg,sample_00051.png,0,normal,0,classification_curated
52,sample_00052.jpg,sample_00052.png,0,normal,0,classification_curated
53,sample_00053.jpg,sample_00053.png,0,normal,0,classification_curated
54,sample_00054.jpg,sample_00054.png,0,normal,0,classification_curated
55,sample_00055.jpg,sample_00055.png,0,normal,0,classification_curated
56,sample_00056.jpg,sample_00056.png,0,normal,0,classification_curated
57,sample_00057.jpg,sample_00057.png,0,normal,0,classification_curated
58,sample_00058.jpg,sample_00058.png,0,normal,0,classification_curated
59,sample_00059.jpg,sample_00059.png,0,normal,0,classification_curated
60,sample_00060.jpg,sample_00060.png,0,normal,0,classification_curated
61,sample_00061.jpg,sample_00061.png,0,normal,0,classification_curated
62,sample_00062.jpg,sample_00062.png,0,normal,0,classification_curated
63,sample_00063.jpg,sample_00063.png,0,normal,0,classification_curated
64,sample_00064.jpg,sample_00064.png,0,normal,0,classification_curated
65,sample_00065.jpg,sample_00065.png,0,normal,0,classification_curated
66,sample_00066.jpg,sample_00066.png,0,normal,0,classification_curated
67,sample_00067.jpg,sample_00067.png,0,normal,0,classification_curated
68,sample_00068.jpg,sample_00068.png,0,normal,0,classification_curated
69,sample_00069.jpg,sample_00069.png,0,normal,0,classification_curated
70,sample_00070.jpg,sample_00070.png,0,normal,0,classification_curated
71,sample_00071.jpg,sample_00071.png,0,normal,0,classification_curated
72,sample_00072.jpg,sample_00072.png,0,normal,0,classification_curated
73,sample_00073.jpg,sample_00073.png,0,normal,0,classification_curated
74,sample_00074.jpg,sample_00074.png,0,normal,0,classification_curated
75,sample_00075.jpg,sample_00075.png,0,normal,0,classification_curated
76,sample_00076.jpg,sample_00076.png,0,normal,0,classification_curated
77,sample_00077.jpg,sample_00077.png,0,normal,0,classification_curated
78,sample_00078.jpg,sample_00078.png,0,normal,0,classification_curated
79,sample_00079.jpg,sample_00079.png,0,normal,0,classification_curated
80,sample_00080.jpg,sample_00080.png,0,normal,0,classification_curated
81,sample_00081.jpg,sample_00081.png,0,normal,0,classification_curated
82,sample_00082.jpg,sample_00082.png,0,normal,0,classification_curated
83,sample_00083.jpg,sample_00083.png,0,normal,0,classification_curated
84,sample_00084.jpg,sample_00084.png,0,normal,0,classification_curated
85,sample_00085.jpg,sample_00085.png,0,normal,0,classification_curated
86,sample_00086.jpg,sample_00086.png,0,normal,0,classification_curated
87,sample_00087.jpg,sample_00087.png,0,normal,0,classification_curated
88,sample_00088.jpg,sample_00088.png,0,normal,0,classification_curated
89,sample_00089.jpg,sample_00089.png,0,normal,0,classification_curated
90,sample_00090.jpg,sample_00090.png,0,normal,0,classification_curated
91,sample_00091.jpg,sample_00091.png,0,normal,0,classification_curated
92,sample_00092.jpg,sample_00092.png,0,normal,0,classification_curated
93,sample_00093.jpg,sample_00093.png,0,normal,0,classification_curated
94,sample_00094.jpg,sample_00094.png,0,normal,0,classification_curated
95,sample_00095.jpg,sample_00095.png,0,normal,0,classification_curated
96,sample_00096.jpg,sample_00096.png,0,normal,0,classification_curated
97,sample_00097.jpg,sample_00097.png,0,normal,0,classification_curated
98,sample_00098.jpg,sample_00098.png,0,normal,0,classification_curated
99,sample_00099.jpg,sample_00099.png,0,normal,0,classification_curated
100,sample_00100.jpg,sample_00100.png,0,normal,0,classification_curated
101,sample_00101.jpg,sample_00101.png,0,normal,0,classification_curated
102,sample_00102.jpg,sample_00102.png,0,normal,0,classification_curated
103,sample_00103.jpg,sample_00103.png,0,normal,0,classification_curated
104,sample_00104.jpg,sample_00104.png,0,normal,0,classification_curated
105,sample_00105.jpg,sample_00105.png,0,normal,0,classification_curated
106,sample_00106.jpg,sample_00106.png,0,normal,0,classification_curated
107,sample_00107.jpg,sample_00107.png,0,normal,0,classification_curated
108,sample_00108.jpg,sample_00108.png,0,normal,0,classification_curated
109,sample_00109.jpg,sample_00109.png,0,normal,0,classification_curated
110,sample_00110.jpg,sample_00110.png,0,normal,0,classification_curated
111,sample_00111.jpg,sample_00111.png,0,normal,0,classification_curated
112,sample_00112.jpg,sample_00112.png,0,normal,0,classification_curated
113,sample_00113.jpg,sample_00113.png,0,normal,0,classification_curated
114,sample_00114.jpg,sample_00114.png,0,normal,0,classification_curated
115,sample_00115.jpg,sample_00115.png,0,normal,0,classification_curated
116,sample_00116.jpg,sample_00116.png,0,normal,0,classification_curated
117,sample_00117.jpg,sample_00117.png,0,normal,0,classification_curated
118,sample_00118.jpg,sample_00118.png,0,normal,0,classification_curated
119,sample_00119.jpg,sample_00119.png,0,normal,0,classification_curated
120,sample_00120.jpg,sample_00120.png,0,normal,0,classification_curated
121,sample_00121.jpg,sample_00121.png,0,normal,0,classification_curated
122,sample_00122.jpg,sample_00122.png,0,normal,0,classification_curated
123,sample_00123.jpg,sample_00123.png,0,normal,0,classification_curated
124,sample_00124.jpg,sample_00124.png,0,normal,0,classification_curated
125,sample_00125.jpg,sample_00125.png,0,normal,0,classification_curated
126,sample_00126.jpg,sample_00126.png,0,normal,0,classification_curated
127,sample_00127.jpg,sample_00127.png,0,normal,0,classification_curated
128,sample_00128.jpg,sample_00128.png,0,normal,0,classification_curated
129,sample_00129.jpg,sample_00129.png,0,normal,0,classification_curated
130,sample_00130.jpg,sample_00130.png,0,normal,0,classification_curated
131,sample_00131.jpg,sample_00131.png,0,normal,0,classification_curated
132,sample_00132.jpg,sample_00132.png,0,normal,0,classification_curated
133,sample_00133.jpg,sample_00133.png,0,normal,0,classification_curated
134,sample_00134.jpg,sample_00134.png,0,normal,0,classification_curated
135,sample_00135.jpg,sample_00135.png,0,normal,0,classification_curated
136,sample_00136.jpg,sample_00136.png,0,normal,0,classification_curated
137,sample_00137.jpg,sample_00137.png,0,normal,0,classification_curated
138,sample_00138.jpg,sample_00138.png,0,normal,0,classification_curated
139,sample_00139.jpg,sample_00139.png,0,normal,0,classification_curated
140,sample_00140.jpg,sample_00140.png,0,normal,0,classification_curated
141,sample_00141.jpg,sample_00141.png,0,normal,0,classification_curated
142,sample_00142.jpg,sample_00142.png,0,normal,0,classification_curated
143,sample_00143.jpg,sample_00143.png,0,normal,0,classification_curated
144,sample_00144.jpg,sample_00144.png,0,normal,0,classification_curated
145,sample_00145.jpg,sample_00145.png,0,normal,0,classification_curated
146,sample_00146.jpg,sample_00146.png,0,normal,0,classification_curated
147,sample_00147.jpg,sample_00147.png,0,normal,0,classification_curated
148,sample_00148.jpg,sample_00148.png,0,normal,0,classification_curated
149,sample_00149.jpg,sample_00149.png,0,normal,0,classification_curated
150,sample_00150.jpg,sample_00150.png,0,normal,0,classification_curated
151,sample_00151.jpg,sample_00151.png,0,normal,0,classification_curated
152,sample_00152.jpg,sample_00152.png,0,normal,0,classification_curated
153,sample_00153.jpg,sample_00153.png,0,normal,0,classification_curated
154,sample_00154.jpg,sample_00154.png,0,normal,0,classification_curated
155,sample_00155.jpg,sample_00155.png,0,normal,0,classification_curated
156,sample_00156.jpg,sample_00156.png,0,normal,0,classification_curated
157,sample_00157.jpg,sample_00157.png,0,normal,0,classification_curated
158,sample_00158.jpg,sample_00158.png,0,normal,0,classification_curated
159,sample_00159.jpg,sample_00159.png,0,normal,0,classification_curated
160,sample_00160.jpg,sample_00160.png,0,normal,0,classification_curated
161,sample_00161.jpg,sample_00161.png,0,normal,0,classification_curated
162,sample_00162.jpg,sample_00162.png,0,normal,0,classification_curated
163,sample_00163.jpg,sample_00163.png,0,normal,0,classification_curated
164,sample_00164.jpg,sample_00164.png,0,normal,0,classification_curated
165,sample_00165.jpg,sample_00165.png,0,normal,0,classification_curated
166,sample_00166.jpg,sample_00166.png,0,normal,0,classification_curated
167,sample_00167.jpg,sample_00167.png,0,normal,0,classification_curated
168,sample_00168.jpg,sample_00168.png,0,normal,0,classification_curated
169,sample_00169.jpg,sample_00169.png,0,normal,0,classification_curated
170,sample_00170.jpg,sample_00170.png,0,normal,0,classification_curated
171,sample_00171.jpg,sample_00171.png,0,normal,0,classification_curated
172,sample_00172.jpg,sample_00172.png,0,normal,0,classification_curated
173,sample_00173.jpg,sample_00173.png,0,normal,0,classification_curated
174,sample_00174.jpg,sample_00174.png,0,normal,0,classification_curated
175,sample_00175.jpg,sample_00175.png,0,normal,0,classification_curated
176,sample_00176.jpg,sample_00176.png,0,normal,0,classification_curated
177,sample_00177.jpg,sample_00177.png,0,normal,0,classification_curated
178,sample_00178.jpg,sample_00178.png,0,normal,0,classification_curated
179,sample_00179.jpg,sample_00179.png,0,normal,0,classification_curated
180,sample_00180.jpg,sample_00180.png,0,normal,0,classification_curated
181,sample_00181.jpg,sample_00181.png,0,normal,0,classification_curated
182,sample_00182.jpg,sample_00182.png,0,normal,0,classification_curated
183,sample_00183.jpg,sample_00183.png,0,normal,0,classification_curated
184,sample_00184.jpg,sample_00184.png,0,normal,0,classification_curated
185,sample_00185.jpg,sample_00185.png,0,normal,0,classification_curated
186,sample_00186.jpg,sample_00186.png,0,normal,0,classification_curated
187,sample_00187.jpg,sample_00187.png,0,normal,0,classification_curated
188,sample_00188.jpg,sample_00188.png,0,normal,0,classification_curated
189,sample_00189.jpg,sample_00189.png,0,normal,0,classification_curated
190,sample_00190.jpg,sample_00190.png,0,normal,0,classification_curated
191,sample_00191.jpg,sample_00191.png,0,normal,0,classification_curated
192,sample_00192.jpg,sample_00192.png,0,normal,0,classification_curated
193,sample_00193.jpg,sample_00193.png,0,normal,0,classification_curated
194,sample_00194.jpg,sample_00194.png,0,normal,0,classification_curated
195,sample_00195.jpg,sample_00195.png,0,normal,0,classification_curated
196,sample_00196.jpg,sample_00196.png,0,normal,0,classification_curated
197,sample_00197.jpg,sample_00197.png,0,normal,0,classification_curated
198,sample_00198.jpg,sample_00198.png,0,normal,0,classification_curated
199,sample_00199.jpg,sample_00199.png,0,normal,0,classification_curated
200,sample_00200.jpg,sample_00200.png,0,normal,0,classification_curated
201,sample_00201.jpg,sample_00201.png,0,normal,0,classification_curated
202,sample_00202.jpg,sample_00202.png,0,normal,0,classification_curated
203,sample_00203.jpg,sample_00203.png,0,normal,0,classification_curated
204,sample_00204.jpg,sample_00204.png,0,normal,0,classification_curated
205,sample_00205.jpg,sample_00205.png,0,normal,0,classification_curated
206,sample_00206.jpg,sample_00206.png,0,normal,0,classification_curated
207,sample_00207.jpg,sample_00207.png,0,normal,0,classification_curated
208,sample_00208.jpg,sample_00208.png,0,normal,0,classification_curated
209,sample_00209.jpg,sample_00209.png,0,normal,0,classification_curated
210,sample_00210.jpg,sample_00210.png,0,normal,0,classification_curated
211,sample_00211.jpg,sample_00211.png,0,normal,0,classification_curated
212,sample_00212.jpg,sample_00212.png,0,normal,0,classification_curated
213,sample_00213.jpg,sample_00213.png,0,normal,0,classification_curated
214,sample_00214.jpg,sample_00214.png,0,normal,0,classification_curated
215,sample_00215.jpg,sample_00215.png,0,normal,0,classification_curated
216,sample_00216.jpg,sample_00216.png,0,normal,0,classification_curated
217,sample_00217.jpg,sample_00217.png,0,normal,0,classification_curated
218,sample_00218.jpg,sample_00218.png,0,normal,0,classification_curated
219,sample_00219.jpg,sample_00219.png,0,normal,0,classification_curated
220,sample_00220.jpg,sample_00220.png,0,normal,0,classification_curated
221,sample_00221.jpg,sample_00221.png,0,normal,0,classification_curated
222,sample_00222.jpg,sample_00222.png,0,normal,0,classification_curated
223,sample_00223.jpg,sample_00223.png,0,normal,0,classification_curated
224,sample_00224.jpg,sample_00224.png,0,normal,0,classification_curated
225,sample_00225.jpg,sample_00225.png,0,normal,0,classification_curated
226,sample_00226.jpg,sample_00226.png,0,normal,0,classification_curated
227,sample_00227.jpg,sample_00227.png,0,normal,0,classification_curated
228,sample_00228.jpg,sample_00228.png,0,normal,0,classification_curated
229,sample_00229.jpg,sample_00229.png,0,normal,0,classification_curated
230,sample_00230.jpg,sample_00230.png,0,normal,0,classification_curated
231,sample_00231.jpg,sample_00231.png,0,normal,0,classification_curated
232,sample_00232.jpg,sample_00232.png,0,normal,0,classification_curated
233,sample_00233.jpg,sample_00233.png,0,normal,0,classification_curated
234,sample_00234.jpg,sample_00234.png,0,normal,0,classification_curated
235,sample_00235.jpg,sample_00235.png,0,normal,0,classification_curated
236,sample_00236.jpg,sample_00236.png,0,normal,0,classification_curated
237,sample_00237.jpg,sample_00237.png,0,normal,0,classification_curated
238,sample_00238.jpg,sample_00238.png,0,normal,0,classification_curated
239,sample_00239.jpg,sample_00239.png,0,normal,0,classification_curated
240,sample_00240.jpg,sample_00240.png,0,normal,0,classification_curated
241,sample_00241.jpg,sample_00241.png,0,normal,0,classification_curated
242,sample_00242.jpg,sample_00242.png,0,normal,0,classification_curated
243,sample_00243.jpg,sample_00243.png,0,normal,0,classification_curated
244,sample_00244.jpg,sample_00244.png,0,normal,0,classification_curated
245,sample_00245.jpg,sample_00245.png,0,normal,0,classification_curated
246,sample_00246.jpg,sample_00246.png,0,normal,0,classification_curated
247,sample_00247.jpg,sample_00247.png,0,normal,0,classification_curated
248,sample_00248.jpg,sample_00248.png,0,normal,0,classification_curated
249,sample_00249.jpg,sample_00249.png,0,normal,0,classification_curated
250,sample_00250.jpg,sample_00250.png,0,normal,0,classification_curated
251,sample_00251.jpg,sample_00251.png,0,normal,0,classification_curated
252,sample_00252.jpg,sample_00252.png,0,normal,0,classification_curated
253,sample_00253.jpg,sample_00253.png,0,normal,0,classification_curated
254,sample_00254.jpg,sample_00254.png,1,mild_concern,0,classification_curated
255,sample_00255.jpg,sample_00255.png,1,mild_concern,0,classification_curated
256,sample_00256.jpg,sample_00256.png,1,mild_concern,0,classification_curated
257,sample_00257.jpg,sample_00257.png,1,mild_concern,0,classification_curated
258,sample_00258.jpg,sample_00258.png,1,mild_concern,0,classification_curated
259,sample_00259.jpg,sample_00259.png,1,mild_concern,0,classification_curated
260,sample_00260.jpg,sample_00260.png,1,mild_concern,0,classification_curated
261,sample_00261.jpg,sample_00261.png,1,mild_concern,0,classification_curated
262,sample_00262.jpg,sample_00262.png,1,mild_concern,0,classification_curated
263,sample_00263.jpg,sample_00263.png,1,mild_concern,0,classification_curated
264,sample_00264.jpg,sample_00264.png,1,mild_concern,0,classification_curated
265,sample_00265.jpg,sample_00265.png,1,mild_concern,0,classification_curated
266,sample_00266.jpg,sample_00266.png,1,mild_concern,0,classification_curated
267,sample_00267.jpg,sample_00267.png,1,mild_concern,0,classification_curated
268,sample_00268.jpg,sample_00268.png,1,mild_concern,0,classification_curated
269,sample_00269.jpg,sample_00269.png,1,mild_concern,0,classification_curated
270,sample_00270.jpg,sample_00270.png,1,mild_concern,0,classification_curated
271,sample_00271.jpg,sample_00271.png,1,mild_concern,0,classification_curated
272,sample_00272.jpg,sample_00272.png,1,mild_concern,0,classification_curated
273,sample_00273.jpg,sample_00273.png,1,mild_concern,0,classification_curated
274,sample_00274.jpg,sample_00274.png,1,mild_concern,0,classification_curated
275,sample_00275.jpg,sample_00275.png,1,mild_concern,0,classification_curated
276,sample_00276.jpg,sample_00276.png,1,mild_concern,0,classification_curated
277,sample_00277.jpg,sample_00277.png,1,mild_concern,0,classification_curated
278,sample_00278.jpg,sample_00278.png,1,mild_concern,0,classification_curated
279,sample_00279.jpg,sample_00279.png,1,mild_concern,0,classification_curated
280,sample_00280.jpg,sample_00280.png,1,mild_concern,0,classification_curated
281,sample_00281.jpg,sample_00281.png,1,mild_concern,0,classification_curated
282,sample_00282.jpg,sample_00282.png,1,mild_concern,0,classification_curated
283,sample_00283.jpg,sample_00283.png,1,mild_concern,0,classification_curated
284,sample_00284.jpg,sample_00284.png,1,mild_concern,0,classification_curated
285,sample_00285.jpg,sample_00285.png,1,mild_concern,0,classification_curated
286,sample_00286.jpg,sample_00286.png,1,mild_concern,0,classification_curated
287,sample_00287.jpg,sample_00287.png,1,mild_concern,0,classification_curated
288,sample_00288.jpg,sample_00288.png,1,mild_concern,0,classification_curated
289,sample_00289.jpg,sample_00289.png,1,mild_concern,0,classification_curated
290,sample_00290.jpg,sample_00290.png,1,mild_concern,0,classification_curated
291,sample_00291.jpg,sample_00291.png,1,mild_concern,0,classification_curated
292,sample_00292.jpg,sample_00292.png,1,mild_concern,0,classification_curated
293,sample_00293.jpg,sample_00293.png,1,mild_concern,0,classification_curated
294,sample_00294.jpg,sample_00294.png,1,mild_concern,0,classification_curated
295,sample_00295.jpg,sample_00295.png,1,mild_concern,0,classification_curated
296,sample_00296.jpg,sample_00296.png,1,mild_concern,0,classification_curated
297,sample_00297.jpg,sample_00297.png,1,mild_concern,0,classification_curated
298,sample_00298.jpg,sample_00298.png,1,mild_concern,0,classification_curated
299,sample_00299.jpg,sample_00299.png,1,mild_concern,0,classification_curated
300,sample_00300.jpg,sample_00300.png,1,mild_concern,0,classification_curated
301,sample_00301.jpg,sample_00301.png,1,mild_concern,0,classification_curated
302,sample_00302.jpg,sample_00302.png,1,mild_concern,0,classification_curated
303,sample_00303.jpg,sample_00303.png,1,mild_concern,0,classification_curated
304,sample_00304.jpg,sample_00304.png,1,mild_concern,0,classification_curated
305,sample_00305.jpg,sample_00305.png,1,mild_concern,0,classification_curated
306,sample_00306.jpg,sample_00306.png,1,mild_concern,0,classification_curated
307,sample_00307.jpg,sample_00307.png,1,mild_concern,0,classification_curated
308,sample_00308.jpg,sample_00308.png,1,mild_concern,0,classification_curated
309,sample_00309.jpg,sample_00309.png,1,mild_concern,0,classification_curated
310,sample_00310.jpg,sample_00310.png,1,mild_concern,0,classification_curated
311,sample_00311.jpg,sample_00311.png,1,mild_concern,0,classification_curated
312,sample_00312.jpg,sample_00312.png,1,mild_concern,0,classification_curated
313,sample_00313.jpg,sample_00313.png,1,mild_concern,0,classification_curated
314,sample_00314.jpg,sample_00314.png,1,mild_concern,0,classification_curated
315,sample_00315.jpg,sample_00315.png,1,mild_concern,0,classification_curated
316,sample_00316.jpg,sample_00316.png,1,mild_concern,0,classification_curated
317,sample_00317.jpg,sample_00317.png,1,mild_concern,0,classification_curated
318,sample_00318.jpg,sample_00318.png,1,mild_concern,0,classification_curated
319,sample_00319.jpg,sample_00319.png,1,mild_concern,0,classification_curated
320,sample_00320.jpg,sample_00320.png,1,mild_concern,0,classification_curated
321,sample_00321.jpg,sample_00321.png,1,mild_concern,0,classification_curated
322,sample_00322.jpg,sample_00322.png,1,mild_concern,0,classification_curated
323,sample_00323.jpg,sample_00323.png,1,mild_concern,0,classification_curated
324,sample_00324.jpg,sample_00324.png,1,mild_concern,0,classification_curated
325,sample_00325.jpg,sample_00325.png,1,mild_concern,0,classification_curated
326,sample_00326.jpg,sample_00326.png,1,mild_concern,0,classification_curated
327,sample_00327.jpg,sample_00327.png,1,mild_concern,0,classification_curated
328,sample_00328.jpg,sample_00328.png,1,mild_concern,0,classification_curated
329,sample_00329.jpg,sample_00329.png,1,mild_concern,0,classification_curated
330,sample_00330.jpg,sample_00330.png,1,mild_concern,0,classification_curated
331,sample_00331.jpg,sample_00331.png,1,mild_concern,0,classification_curated
332,sample_00332.jpg,sample_00332.png,1,mild_concern,0,classification_curated
333,sample_00333.jpg,sample_00333.png,1,mild_concern,0,classification_curated
334,sample_00334.jpg,sample_00334.png,1,mild_concern,0,classification_curated
335,sample_00335.jpg,sample_00335.png,1,mild_concern,0,classification_curated
336,sample_00336.jpg,sample_00336.png,1,mild_concern,0,classification_curated
337,sample_00337.jpg,sample_00337.png,1,mild_concern,0,classification_curated
338,sample_00338.jpg,sample_00338.png,1,mild_concern,0,classification_curated
339,sample_00339.jpg,sample_00339.png,1,mild_concern,0,classification_curated
340,sample_00340.jpg,sample_00340.png,1,mild_concern,0,classification_curated
341,sample_00341.jpg,sample_00341.png,1,mild_concern,0,classification_curated
342,sample_00342.jpg,sample_00342.png,1,mild_concern,0,classification_curated
343,sample_00343.jpg,sample_00343.png,1,mild_concern,0,classification_curated
344,sample_00344.jpg,sample_00344.png,1,mild_concern,0,classification_curated
345,sample_00345.jpg,sample_00345.png,1,mild_concern,0,classification_curated
346,sample_00346.jpg,sample_00346.png,1,mild_concern,0,classification_curated
347,sample_00347.jpg,sample_00347.png,1,mild_concern,0,classification_curated
348,sample_00348.jpg,sample_00348.png,1,mild_concern,0,classification_curated
349,sample_00349.jpg,sample_00349.png,1,mild_concern,0,classification_curated
350,sample_00350.jpg,sample_00350.png,1,mild_concern,0,classification_curated
351,sample_00351.jpg,sample_00351.png,1,mild_concern,0,classification_curated
352,sample_00352.jpg,sample_00352.png,1,mild_concern,0,classification_curated
353,sample_00353.jpg,sample_00353.png,1,mild_concern,0,classification_curated
354,sample_00354.jpg,sample_00354.png,1,mild_concern,0,classification_curated
355,sample_00355.jpg,sample_00355.png,1,mild_concern,0,classification_curated
356,sample_00356.jpg,sample_00356.png,1,mild_concern,0,classification_curated
357,sample_00357.jpg,sample_00357.png,1,mild_concern,0,classification_curated
358,sample_00358.jpg,sample_00358.png,1,mild_concern,0,classification_curated
359,sample_00359.jpg,sample_00359.png,1,mild_concern,0,classification_curated
360,sample_00360.jpg,sample_00360.png,1,mild_concern,0,classification_curated
361,sample_00361.jpg,sample_00361.png,1,mild_concern,0,classification_curated
362,sample_00362.jpg,sample_00362.png,1,mild_concern,0,classification_curated
363,sample_00363.jpg,sample_00363.png,1,mild_concern,0,classification_curated
364,sample_00364.jpg,sample_00364.png,1,mild_concern,0,classification_curated
365,sample_00365.jpg,sample_00365.png,1,mild_concern,0,classification_curated
366,sample_00366.jpg,sample_00366.png,1,mild_concern,0,classification_curated
367,sample_00367.jpg,sample_00367.png,1,mild_concern,0,classification_curated
368,sample_00368.jpg,sample_00368.png,1,mild_concern,0,classification_curated
369,sample_00369.jpg,sample_00369.png,1,mild_concern,0,classification_curated
370,sample_00370.jpg,sample_00370.png,1,mild_concern,0,classification_curated
371,sample_00371.jpg,sample_00371.png,1,mild_concern,0,classification_curated
372,sample_00372.jpg,sample_00372.png,1,mild_concern,0,classification_curated
373,sample_00373.jpg,sample_00373.png,1,mild_concern,0,classification_curated
374,sample_00374.jpg,sample_00374.png,1,mild_concern,0,classification_curated
375,sample_00375.jpg,sample_00375.png,1,mild_concern,0,classification_curated
376,sample_00376.jpg,sample_00376.png,1,mild_concern,0,classification_curated
377,sample_00377.jpg,sample_00377.png,1,mild_concern,0,classification_curated
378,sample_00378.jpg,sample_00378.png,1,mild_concern,0,classification_curated
379,sample_00379.jpg,sample_00379.png,1,mild_concern,0,classification_curated
380,sample_00380.jpg,sample_00380.png,1,mild_concern,0,classification_curated
381,sample_00381.jpg,sample_00381.png,1,mild_concern,0,classification_curated
382,sample_00382.jpg,sample_00382.png,1,mild_concern,0,classification_curated
383,sample_00383.jpg,sample_00383.png,1,mild_concern,0,classification_curated
384,sample_00384.jpg,sample_00384.png,1,mild_concern,0,classification_curated
385,sample_00385.jpg,sample_00385.png,1,mild_concern,0,classification_curated
386,sample_00386.jpg,sample_00386.png,1,mild_concern,0,classification_curated
387,sample_00387.jpg,sample_00387.png,1,mild_concern,0,classification_curated
388,sample_00388.jpg,sample_00388.png,1,mild_concern,0,classification_curated
389,sample_00389.jpg,sample_00389.png,1,mild_concern,0,classification_curated
390,sample_00390.jpg,sample_00390.png,1,mild_concern,0,classification_curated
391,sample_00391.jpg,sample_00391.png,1,mild_concern,0,classification_curated
392,sample_00392.jpg,sample_00392.png,1,mild_concern,0,classification_curated
393,sample_00393.jpg,sample_00393.png,1,mild_concern,0,classification_curated
394,sample_00394.jpg,sample_00394.png,1,mild_concern,0,classification_curated
395,sample_00395.jpg,sample_00395.png,1,mild_concern,0,classification_curated
396,sample_00396.jpg,sample_00396.png,1,mild_concern,0,classification_curated
397,sample_00397.jpg,sample_00397.png,1,mild_concern,0,classification_curated
398,sample_00398.jpg,sample_00398.png,1,mild_concern,0,classification_curated
399,sample_00399.jpg,sample_00399.png,1,mild_concern,0,classification_curated
400,sample_00400.jpg,sample_00400.png,1,mild_concern,0,classification_curated
401,sample_00401.jpg,sample_00401.png,1,mild_concern,0,classification_curated
402,sample_00402.jpg,sample_00402.png,1,mild_concern,0,classification_curated
403,sample_00403.jpg,sample_00403.png,1,mild_concern,0,classification_curated
404,sample_00404.jpg,sample_00404.png,1,mild_concern,0,classification_curated
405,sample_00405.jpg,sample_00405.png,1,mild_concern,0,classification_curated
406,sample_00406.jpg,sample_00406.png,1,mild_concern,0,classification_curated
407,sample_00407.jpg,sample_00407.png,1,mild_concern,0,classification_curated
408,sample_00408.jpg,sample_00408.png,1,mild_concern,0,classification_curated
409,sample_00409.jpg,sample_00409.png,1,mild_concern,0,classification_curated
410,sample_00410.jpg,sample_00410.png,1,mild_concern,0,classification_curated
411,sample_00411.jpg,sample_00411.png,1,mild_concern,0,classification_curated
412,sample_00412.jpg,sample_00412.png,1,mild_concern,0,classification_curated
413,sample_00413.jpg,sample_00413.png,1,mild_concern,0,classification_curated
414,sample_00414.jpg,sample_00414.png,1,mild_concern,0,classification_curated
415,sample_00415.jpg,sample_00415.png,1,mild_concern,0,classification_curated
416,sample_00416.jpg,sample_00416.png,1,mild_concern,0,classification_curated
417,sample_00417.jpg,sample_00417.png,1,mild_concern,0,classification_curated
418,sample_00418.jpg,sample_00418.png,1,mild_concern,0,classification_curated
419,sample_00419.jpg,sample_00419.png,1,mild_concern,0,classification_curated
420,sample_00420.jpg,sample_00420.png,1,mild_concern,0,classification_curated
421,sample_00421.jpg,sample_00421.png,1,mild_concern,0,classification_curated
422,sample_00422.jpg,sample_00422.png,1,mild_concern,0,classification_curated
423,sample_00423.jpg,sample_00423.png,1,mild_concern,0,classification_curated
424,sample_00424.jpg,sample_00424.png,1,mild_concern,0,classification_curated
425,sample_00425.jpg,sample_00425.png,1,mild_concern,0,classification_curated
426,sample_00426.jpg,sample_00426.png,1,mild_concern,0,classification_curated
427,sample_00427.jpg,sample_00427.png,1,mild_concern,0,classification_curated
428,sample_00428.jpg,sample_00428.png,1,mild_concern,0,classification_curated
429,sample_00429.jpg,sample_00429.png,1,mild_concern,0,classification_curated
430,sample_00430.jpg,sample_00430.png,1,mild_concern,0,classification_curated
431,sample_00431.jpg,sample_00431.png,1,mild_concern,0,classification_curated
432,sample_00432.jpg,sample_00432.png,1,mild_concern,0,classification_curated
433,sample_00433.jpg,sample_00433.png,1,mild_concern,0,classification_curated
434,sample_00434.jpg,sample_00434.png,1,mild_concern,0,classification_curated
435,sample_00435.jpg,sample_00435.png,1,mild_concern,0,classification_curated
436,sample_00436.jpg,sample_00436.png,1,mild_concern,0,classification_curated
437,sample_00437.jpg,sample_00437.png,1,mild_concern,0,classification_curated
438,sample_00438.jpg,sample_00438.png,1,mild_concern,0,classification_curated
439,sample_00439.jpg,sample_00439.png,1,mild_concern,0,classification_curated
440,sample_00440.jpg,sample_00440.png,1,mild_concern,0,classification_curated
441,sample_00441.jpg,sample_00441.png,1,mild_concern,0,classification_curated
442,sample_00442.jpg,sample_00442.png,1,mild_concern,0,classification_curated
443,sample_00443.jpg,sample_00443.png,1,mild_concern,0,classification_curated
444,sample_00444.jpg,sample_00444.png,1,mild_concern,0,classification_curated
445,sample_00445.jpg,sample_00445.png,1,mild_concern,0,classification_curated
446,sample_00446.jpg,sample_00446.png,1,mild_concern,0,classification_curated
447,sample_00447.jpg,sample_00447.png,1,mild_concern,0,classification_curated
448,sample_00448.jpg,sample_00448.png,1,mild_concern,0,classification_curated
449,sample_00449.jpg,sample_00449.png,1,mild_concern,0,classification_curated
450,sample_00450.jpg,sample_00450.png,1,mild_concern,0,classification_curated
451,sample_00451.jpg,sample_00451.png,1,mild_concern,0,classification_curated
452,sample_00452.jpg,sample_00452.png,1,mild_concern,0,classification_curated
453,sample_00453.jpg,sample_00453.png,1,mild_concern,0,classification_curated
454,sample_00454.jpg,sample_00454.png,1,mild_concern,0,classification_curated
455,sample_00455.jpg,sample_00455.png,1,mild_concern,0,classification_curated
456,sample_00456.jpg,sample_00456.png,1,mild_concern,0,classification_curated
457,sample_00457.jpg,sample_00457.png,1,mild_concern,0,classification_curated
458,sample_00458.jpg,sample_00458.png,1,mild_concern,0,classification_curated
459,sample_00459.jpg,sample_00459.png,1,mild_concern,0,classification_curated
460,sample_00460.jpg,sample_00460.png,1,mild_concern,0,classification_curated
461,sample_00461.jpg,sample_00461.png,1,mild_concern,0,classification_curated
462,sample_00462.jpg,sample_00462.png,1,mild_concern,0,classification_curated
463,sample_00463.jpg,sample_00463.png,1,mild_concern,0,classification_curated
464,sample_00464.jpg,sample_00464.png,1,mild_concern,0,classification_curated
465,sample_00465.jpg,sample_00465.png,1,mild_concern,0,classification_curated
466,sample_00466.jpg,sample_00466.png,1,mild_concern,0,classification_curated
467,sample_00467.jpg,sample_00467.png,1,mild_concern,0,classification_curated
468,sample_00468.jpg,sample_00468.png,1,mild_concern,0,classification_curated
469,sample_00469.jpg,sample_00469.png,1,mild_concern,0,classification_curated
470,sample_00470.jpg,sample_00470.png,1,mild_concern,0,classification_curated
471,sample_00471.jpg,sample_00471.png,1,mild_concern,0,classification_curated
472,sample_00472.jpg,sample_00472.png,1,mild_concern,0,classification_curated
473,sample_00473.jpg,sample_00473.png,1,mild_concern,0,classification_curated
474,sample_00474.jpg,sample_00474.png,1,mild_concern,0,classification_curated
475,sample_00475.jpg,sample_00475.png,1,mild_concern,0,classification_curated
476,sample_00476.jpg,sample_00476.png,1,mild_concern,0,classification_curated
477,sample_00477.jpg,sample_00477.png,1,mild_concern,0,classification_curated
478,sample_00478.jpg,sample_00478.png,1,mild_concern,0,classification_curated
479,sample_00479.jpg,sample_00479.png,1,mild_concern,0,classification_curated
480,sample_00480.jpg,sample_00480.png,1,mild_concern,0,classification_curated
481,sample_00481.jpg,sample_00481.png,1,mild_concern,0,classification_curated
482,sample_00482.jpg,sample_00482.png,1,mild_concern,0,classification_curated
483,sample_00483.jpg,sample_00483.png,1,mild_concern,0,classification_curated
484,sample_00484.jpg,sample_00484.png,1,mild_concern,0,classification_curated
485,sample_00485.jpg,sample_00485.png,1,mild_concern,0,classification_curated
486,sample_00486.jpg,sample_00486.png,1,mild_concern,0,classification_curated
487,sample_00487.jpg,sample_00487.png,1,mild_concern,0,classification_curated
488,sample_00488.jpg,sample_00488.png,1,mild_concern,0,classification_curated
489,sample_00489.jpg,sample_00489.png,1,mild_concern,0,classification_curated
490,sample_00490.jpg,sample_00490.png,1,mild_concern,0,classification_curated
491,sample_00491.jpg,sample_00491.png,1,mild_concern,0,classification_curated
492,sample_00492.jpg,sample_00492.png,1,mild_concern,0,classification_curated
493,sample_00493.jpg,sample_00493.png,1,mild_concern,0,classification_curated
494,sample_00494.jpg,sample_00494.png,1,mild_concern,0,classification_curated
495,sample_00495.jpg,sample_00495.png,1,mild_concern,0,classification_curated
496,sample_00496.jpg,sample_00496.png,1,mild_concern,0,classification_curated
497,sample_00497.jpg,sample_00497.png,1,mild_concern,0,classification_curated
498,sample_00498.jpg,sample_00498.png,1,mild_concern,0,classification_curated
499,sample_00499.jpg,sample_00499.png,1,mild_concern,0,classification_curated
500,sample_00500.jpg,sample_00500.png,1,mild_concern,0,classification_curated
501,sample_00501.jpg,sample_00501.png,1,mild_concern,0,classification_curated
502,sample_00502.jpg,sample_00502.png,1,mild_concern,0,classification_curated
503,sample_00503.jpg,sample_00503.png,1,mild_concern,0,classification_curated
504,sample_00504.jpg,sample_00504.png,1,mild_concern,0,classification_curated
505,sample_00505.jpg,sample_00505.png,1,mild_concern,0,classification_curated
506,sample_00506.jpg,sample_00506.png,1,mild_concern,0,classification_curated
507,sample_00507.jpg,sample_00507.png,1,mild_concern,0,classification_curated
508,sample_00508.jpg,sample_00508.png,1,mild_concern,0,classification_curated
509,sample_00509.jpg,sample_00509.png,1,mild_concern,0,classification_curated
510,sample_00510.jpg,sample_00510.png,1,mild_concern,0,classification_curated
511,sample_00511.jpg,sample_00511.png,1,mild_concern,0,classification_curated
512,sample_00512.jpg,sample_00512.png,1,mild_concern,0,classification_curated
513,sample_00513.jpg,sample_00513.png,1,mild_concern,0,classification_curated
514,sample_00514.jpg,sample_00514.png,1,mild_concern,0,classification_curated
515,sample_00515.jpg,sample_00515.png,1,mild_concern,0,classification_curated
516,sample_00516.jpg,sample_00516.png,1,mild_concern,0,classification_curated
517,sample_00517.jpg,sample_00517.png,1,mild_concern,0,classification_curated
518,sample_00518.jpg,sample_00518.png,1,mild_concern,0,classification_curated
519,sample_00519.jpg,sample_00519.png,1,mild_concern,0,classification_curated
520,sample_00520.jpg,sample_00520.png,1,mild_concern,0,classification_curated
521,sample_00521.jpg,sample_00521.png,1,mild_concern,0,classification_curated
522,sample_00522.jpg,sample_00522.png,1,mild_concern,0,classification_curated
523,sample_00523.jpg,sample_00523.png,1,mild_concern,0,classification_curated
524,sample_00524.jpg,sample_00524.png,1,mild_concern,0,classification_curated
525,sample_00525.jpg,sample_00525.png,1,mild_concern,0,classification_curated
526,sample_00526.jpg,sample_00526.png,1,mild_concern,0,classification_curated
527,sample_00527.jpg,sample_00527.png,1,mild_concern,0,classification_curated
528,sample_00528.jpg,sample_00528.png,1,mild_concern,0,classification_curated
529,sample_00529.jpg,sample_00529.png,1,mild_concern,0,classification_curated
530,sample_00530.jpg,sample_00530.png,1,mild_concern,0,classification_curated
531,sample_00531.jpg,sample_00531.png,1,mild_concern,0,classification_curated
532,sample_00532.jpg,sample_00532.png,1,mild_concern,0,classification_curated
533,sample_00533.jpg,sample_00533.png,1,mild_concern,0,classification_curated
534,sample_00534.jpg,sample_00534.png,1,mild_concern,0,classification_curated
535,sample_00535.jpg,sample_00535.png,1,mild_concern,0,classification_curated
536,sample_00536.jpg,sample_00536.png,1,mild_concern,0,classification_curated
537,sample_00537.jpg,sample_00537.png,1,mild_concern,0,classification_curated
538,sample_00538.jpg,sample_00538.png,1,mild_concern,0,classification_curated
539,sample_00539.jpg,sample_00539.png,1,mild_concern,0,classification_curated
540,sample_00540.jpg,sample_00540.png,1,mild_concern,0,classification_curated
541,sample_00541.jpg,sample_00541.png,1,mild_concern,0,classification_curated
542,sample_00542.jpg,sample_00542.png,1,mild_concern,0,classification_curated
543,sample_00543.jpg,sample_00543.png,1,mild_concern,0,classification_curated
544,sample_00544.jpg,sample_00544.png,1,mild_concern,0,classification_curated
545,sample_00545.jpg,sample_00545.png,1,mild_concern,0,classification_curated
546,sample_00546.jpg,sample_00546.png,1,mild_concern,0,classification_curated
547,sample_00547.jpg,sample_00547.png,1,mild_concern,0,classification_curated
548,sample_00548.jpg,sample_00548.png,1,mild_concern,0,classification_curated
549,sample_00549.jpg,sample_00549.png,1,mild_concern,0,classification_curated
550,sample_00550.jpg,sample_00550.png,1,mild_concern,0,classification_curated
551,sample_00551.jpg,sample_00551.png,1,mild_concern,0,classification_curated
552,sample_00552.jpg,sample_00552.png,1,mild_concern,0,classification_curated
553,sample_00553.jpg,sample_00553.png,1,mild_concern,0,classification_curated
554,sample_00554.jpg,sample_00554.png,1,mild_concern,0,classification_curated
555,sample_00555.jpg,sample_00555.png,1,mild_concern,0,classification_curated
556,sample_00556.jpg,sample_00556.png,1,mild_concern,0,classification_curated
557,sample_00557.jpg,sample_00557.png,1,mild_concern,0,classification_curated
558,sample_00558.jpg,sample_00558.png,1,mild_concern,0,classification_curated
559,sample_00559.jpg,sample_00559.png,1,mild_concern,0,classification_curated
560,sample_00560.jpg,sample_00560.png,1,mild_concern,0,classification_curated
561,sample_00561.jpg,sample_00561.png,1,mild_concern,0,classification_curated
562,sample_00562.jpg,sample_00562.png,1,mild_concern,0,classification_curated
563,sample_00563.jpg,sample_00563.png,1,mild_concern,0,classification_curated
564,sample_00564.jpg,sample_00564.png,1,mild_concern,0,classification_curated
565,sample_00565.jpg,sample_00565.png,1,mild_concern,0,classification_curated
566,sample_00566.jpg,sample_00566.png,1,mild_concern,0,classification_curated
567,sample_00567.jpg,sample_00567.png,1,mild_concern,0,classification_curated
568,sample_00568.jpg,sample_00568.png,1,mild_concern,0,classification_curated
569,sample_00569.jpg,sample_00569.png,1,mild_concern,0,classification_curated
570,sample_00570.jpg,sample_00570.png,1,mild_concern,0,classification_curated
571,sample_00571.jpg,sample_00571.png,1,mild_concern,0,classification_curated
572,sample_00572.jpg,sample_00572.png,1,mild_concern,0,classification_curated
573,sample_00573.jpg,sample_00573.png,1,mild_concern,0,classification_curated
574,sample_00574.jpg,sample_00574.png,1,mild_concern,0,classification_curated
575,sample_00575.jpg,sample_00575.png,1,mild_concern,0,classification_curated
576,sample_00576.jpg,sample_00576.png,1,mild_concern,0,classification_curated
577,sample_00577.jpg,sample_00577.png,1,mild_concern,0,classification_curated
578,sample_00578.jpg,sample_00578.png,1,mild_concern,0,classification_curated
579,sample_00579.jpg,sample_00579.png,1,mild_concern,0,classification_curated
580,sample_00580.jpg,sample_00580.png,1,mild_concern,0,classification_curated
581,sample_00581.jpg,sample_00581.png,1,mild_concern,0,classification_curated
582,sample_00582.jpg,sample_00582.png,1,mild_concern,0,classification_curated
583,sample_00583.jpg,sample_00583.png,1,mild_concern,0,classification_curated
584,sample_00584.jpg,sample_00584.png,1,mild_concern,0,classification_curated
585,sample_00585.jpg,sample_00585.png,1,mild_concern,0,classification_curated
586,sample_00586.jpg,sample_00586.png,1,mild_concern,0,classification_curated
587,sample_00587.jpg,sample_00587.png,1,mild_concern,0,classification_curated
588,sample_00588.jpg,sample_00588.png,1,mild_concern,0,classification_curated
589,sample_00589.jpg,sample_00589.png,1,mild_concern,0,classification_curated
590,sample_00590.jpg,sample_00590.png,1,mild_concern,0,classification_curated
591,sample_00591.jpg,sample_00591.png,1,mild_concern,0,classification_curated
592,sample_00592.jpg,sample_00592.png,1,mild_concern,0,classification_curated
593,sample_00593.jpg,sample_00593.png,1,mild_concern,0,classification_curated
594,sample_00594.jpg,sample_00594.png,1,mild_concern,0,classification_curated
595,sample_00595.jpg,sample_00595.png,1,mild_concern,0,classification_curated
596,sample_00596.jpg,sample_00596.png,1,mild_concern,0,classification_curated
597,sample_00597.jpg,sample_00597.png,1,mild_concern,0,classification_curated
598,sample_00598.jpg,sample_00598.png,1,mild_concern,0,classification_curated
599,sample_00599.jpg,sample_00599.png,1,mild_concern,0,classification_curated
600,sample_00600.jpg,sample_00600.png,1,mild_concern,0,classification_curated
601,sample_00601.jpg,sample_00601.png,1,mild_concern,0,classification_curated
602,sample_00602.jpg,sample_00602.png,1,mild_concern,0,classification_curated
603,sample_00603.jpg,sample_00603.png,1,mild_concern,0,classification_curated
604,sample_00604.jpg,sample_00604.png,1,mild_concern,0,classification_curated
605,sample_00605.jpg,sample_00605.png,1,mild_concern,0,classification_curated
606,sample_00606.jpg,sample_00606.png,1,mild_concern,0,classification_curated
607,sample_00607.jpg,sample_00607.png,1,mild_concern,0,classification_curated
608,sample_00608.jpg,sample_00608.png,1,mild_concern,0,classification_curated
609,sample_00609.jpg,sample_00609.png,1,mild_concern,0,classification_curated
610,sample_00610.jpg,sample_00610.png,1,mild_concern,0,classification_curated
611,sample_00611.jpg,sample_00611.png,1,mild_concern,0,classification_curated
612,sample_00612.jpg,sample_00612.png,1,mild_concern,0,classification_curated
613,sample_00613.jpg,sample_00613.png,1,mild_concern,0,classification_curated
614,sample_00614.jpg,sample_00614.png,1,mild_concern,0,classification_curated
615,sample_00615.jpg,sample_00615.png,1,mild_concern,0,classification_curated
616,sample_00616.jpg,sample_00616.png,1,mild_concern,0,classification_curated
617,sample_00617.jpg,sample_00617.png,1,mild_concern,0,classification_curated
618,sample_00618.jpg,sample_00618.png,1,mild_concern,0,classification_curated
619,sample_00619.jpg,sample_00619.png,1,mild_concern,0,classification_curated
620,sample_00620.jpg,sample_00620.png,1,mild_concern,0,classification_curated
621,sample_00621.jpg,sample_00621.png,1,mild_concern,0,classification_curated
622,sample_00622.jpg,sample_00622.png,1,mild_concern,0,classification_curated
623,sample_00623.jpg,sample_00623.png,1,mild_concern,0,classification_curated
624,sample_00624.jpg,sample_00624.png,1,mild_concern,0,classification_curated
625,sample_00625.jpg,sample_00625.png,1,mild_concern,0,classification_curated
626,sample_00626.jpg,sample_00626.png,1,mild_concern,0,classification_curated
627,sample_00627.jpg,sample_00627.png,1,mild_concern,0,classification_curated
628,sample_00628.jpg,sample_00628.png,1,mild_concern,0,classification_curated
629,sample_00629.jpg,sample_00629.png,1,mild_concern,0,classification_curated
630,sample_00630.jpg,sample_00630.png,1,mild_concern,0,classification_curated
631,sample_00631.jpg,sample_00631.png,1,mild_concern,0,classification_curated
632,sample_00632.jpg,sample_00632.png,1,mild_concern,0,classification_curated
633,sample_00633.jpg,sample_00633.png,1,mild_concern,0,classification_curated
634,sample_00634.jpg,sample_00634.png,1,mild_concern,0,classification_curated
635,sample_00635.jpg,sample_00635.png,1,mild_concern,0,classification_curated
636,sample_00636.jpg,sample_00636.png,1,mild_concern,0,classification_curated
637,sample_00637.jpg,sample_00637.png,1,mild_concern,0,classification_curated
638,sample_00638.jpg,sample_00638.png,1,mild_concern,0,classification_curated
639,sample_00639.jpg,sample_00639.png,1,mild_concern,0,classification_curated
640,sample_00640.jpg,sample_00640.png,1,mild_concern,0,classification_curated
641,sample_00641.jpg,sample_00641.png,1,mild_concern,0,classification_curated
642,sample_00642.jpg,sample_00642.png,1,mild_concern,0,classification_curated
643,sample_00643.jpg,sample_00643.png,1,mild_concern,0,classification_curated
644,sample_00644.jpg,sample_00644.png,1,mild_concern,0,classification_curated
645,sample_00645.jpg,sample_00645.png,1,mild_concern,0,classification_curated
646,sample_00646.jpg,sample_00646.png,1,mild_concern,0,classification_curated
647,sample_00647.jpg,sample_00647.png,1,mild_concern,0,classification_curated
648,sample_00648.jpg,sample_00648.png,1,mild_concern,0,classification_curated
649,sample_00649.jpg,sample_00649.png,1,mild_concern,0,classification_curated
650,sample_00650.jpg,sample_00650.png,1,mild_concern,0,classification_curated
651,sample_00651.jpg,sample_00651.png,1,mild_concern,0,classification_curated
652,sample_00652.jpg,sample_00652.png,1,mild_concern,0,classification_curated
653,sample_00653.jpg,sample_00653.png,1,mild_concern,0,classification_curated
654,sample_00654.jpg,sample_00654.png,1,mild_concern,0,classification_curated
655,sample_00655.jpg,sample_00655.png,1,mild_concern,0,classification_curated
656,sample_00656.jpg,sample_00656.png,1,mild_concern,0,classification_curated
657,sample_00657.jpg,sample_00657.png,1,mild_concern,0,classification_curated
658,sample_00658.jpg,sample_00658.png,1,mild_concern,0,classification_curated
659,sample_00659.jpg,sample_00659.png,1,mild_concern,0,classification_curated
660,sample_00660.jpg,sample_00660.png,1,mild_concern,0,classification_curated
661,sample_00661.jpg,sample_00661.png,1,mild_concern,0,classification_curated
662,sample_00662.jpg,sample_00662.png,1,mild_concern,0,classification_curated
663,sample_00663.jpg,sample_00663.png,1,mild_concern,0,classification_curated
664,sample_00664.jpg,sample_00664.png,1,mild_concern,0,classification_curated
665,sample_00665.jpg,sample_00665.png,1,mild_concern,0,classification_curated
666,sample_00666.jpg,sample_00666.png,1,mild_concern,0,classification_curated
667,sample_00667.jpg,sample_00667.png,1,mild_concern,0,classification_curated
668,sample_00668.jpg,sample_00668.png,1,mild_concern,0,classification_curated
669,sample_00669.jpg,sample_00669.png,1,mild_concern,0,classification_curated
670,sample_00670.jpg,sample_00670.png,1,mild_concern,0,classification_curated
671,sample_00671.jpg,sample_00671.png,1,mild_concern,0,classification_curated
672,sample_00672.jpg,sample_00672.png,1,mild_concern,0,classification_curated
673,sample_00673.jpg,sample_00673.png,2,urgent,1,classification_curated
674,sample_00674.jpg,sample_00674.png,2,urgent,1,classification_curated
675,sample_00675.jpg,sample_00675.png,2,urgent,1,classification_curated
676,sample_00676.jpg,sample_00676.png,2,urgent,1,classification_curated
677,sample_00677.jpg,sample_00677.png,2,urgent,1,classification_curated
678,sample_00678.jpg,sample_00678.png,2,urgent,1,classification_curated
679,sample_00679.jpg,sample_00679.png,2,urgent,1,classification_curated
680,sample_00680.jpg,sample_00680.png,2,urgent,1,classification_curated
681,sample_00681.jpg,sample_00681.png,2,urgent,1,classification_curated
682,sample_00682.jpg,sample_00682.png,2,urgent,1,classification_curated
683,sample_00683.jpg,sample_00683.png,2,urgent,1,classification_curated
684,sample_00684.jpg,sample_00684.png,2,urgent,1,classification_curated
685,sample_00685.jpg,sample_00685.png,2,urgent,1,classification_curated
686,sample_00686.jpg,sample_00686.png,2,urgent,1,classification_curated
687,sample_00687.jpg,sample_00687.png,2,urgent,1,classification_curated
688,sample_00688.jpg,sample_00688.png,2,urgent,1,classification_curated
689,sample_00689.jpg,sample_00689.png,2,urgent,1,classification_curated
690,sample_00690.jpg,sample_00690.png,2,urgent,1,classification_curated
691,sample_00691.jpg,sample_00691.png,2,urgent,1,classification_curated
692,sample_00692.jpg,sample_00692.png,2,urgent,1,classification_curated
693,sample_00693.jpg,sample_00693.png,2,urgent,1,classification_curated
694,sample_00694.jpg,sample_00694.png,2,urgent,1,classification_curated
695,sample_00695.jpg,sample_00695.png,2,urgent,1,classification_curated
696,sample_00696.jpg,sample_00696.png,2,urgent,1,classification_curated
697,sample_00697.jpg,sample_00697.png,2,urgent,1,classification_curated
698,sample_00698.jpg,sample_00698.png,2,urgent,1,classification_curated
699,sample_00699.jpg,sample_00699.png,2,urgent,1,classification_curated
700,sample_00700.jpg,sample_00700.png,2,urgent,1,classification_curated
701,sample_00701.jpg,sample_00701.png,2,urgent,1,classification_curated
702,sample_00702.jpg,sample_00702.png,2,urgent,1,classification_curated
703,sample_00703.jpg,sample_00703.png,2,urgent,1,classification_curated
704,sample_00704.jpg,sample_00704.png,2,urgent,1,classification_curated
705,sample_00705.jpg,sample_00705.png,2,urgent,1,classification_curated
706,sample_00706.jpg,sample_00706.png,2,urgent,1,classification_curated
707,sample_00707.jpg,sample_00707.png,2,urgent,1,classification_curated
708,sample_00708.jpg,sample_00708.png,2,urgent,1,classification_curated
709,sample_00709.jpg,sample_00709.png,2,urgent,1,classification_curated
710,sample_00710.jpg,sample_00710.png,2,urgent,1,classification_curated
711,sample_00711.jpg,sample_00711.png,2,urgent,1,classification_curated
712,sample_00712.jpg,sample_00712.png,2,urgent,1,classification_curated
713,sample_00713.jpg,sample_00713.png,2,urgent,1,classification_curated
714,sample_00714.jpg,sample_00714.png,2,urgent,1,classification_curated
715,sample_00715.jpg,sample_00715.png,2,urgent,1,classification_curated
716,sample_00716.jpg,sample_00716.png,2,urgent,1,classification_curated
717,sample_00717.jpg,sample_00717.png,2,urgent,1,classification_curated
718,sample_00718.jpg,sample_00718.png,2,urgent,1,classification_curated
719,sample_00719.jpg,sample_00719.png,2,urgent,1,classification_curated
720,sample_00720.jpg,sample_00720.png,2,urgent,1,classification_curated
721,sample_00721.jpg,sample_00721.png,2,urgent,1,classification_curated
722,sample_00722.jpg,sample_00722.png,2,urgent,1,classification_curated
723,sample_00723.jpg,sample_00723.png,2,urgent,1,classification_curated
724,sample_00724.jpg,sample_00724.png,2,urgent,1,classification_curated
725,sample_00725.jpg,sample_00725.png,2,urgent,1,classification_curated
726,sample_00726.jpg,sample_00726.png,2,urgent,1,classification_curated
727,sample_00727.jpg,sample_00727.png,2,urgent,1,classification_curated
728,sample_00728.jpg,sample_00728.png,2,urgent,1,classification_curated
729,sample_00729.jpg,sample_00729.png,2,urgent,1,classification_curated
730,sample_00730.jpg,sample_00730.png,2,urgent,1,classification_curated
731,sample_00731.jpg,sample_00731.png,2,urgent,1,classification_curated
732,sample_00732.jpg,sample_00732.png,2,urgent,1,classification_curated
733,sample_00733.jpg,sample_00733.png,2,urgent,1,classification_curated
734,sample_00734.jpg,sample_00734.png,2,urgent,1,classification_curated
735,sample_00735.jpg,sample_00735.png,2,urgent,1,classification_curated
736,sample_00736.jpg,sample_00736.png,2,urgent,1,classification_curated
737,sample_00737.jpg,sample_00737.png,2,urgent,1,classification_curated
738,sample_00738.jpg,sample_00738.png,2,urgent,1,classification_curated
739,sample_00739.jpg,sample_00739.png,2,urgent,1,classification_curated
740,sample_00740.jpg,sample_00740.png,2,urgent,1,classification_curated
741,sample_00741.jpg,sample_00741.png,2,urgent,1,classification_curated
742,sample_00742.jpg,sample_00742.png,2,urgent,1,classification_curated
743,sample_00743.jpg,sample_00743.png,2,urgent,1,classification_curated
744,sample_00744.jpg,sample_00744.png,2,urgent,1,classification_curated
745,sample_00745.jpg,sample_00745.png,2,urgent,1,classification_curated
746,sample_00746.jpg,sample_00746.png,2,urgent,1,classification_curated
747,sample_00747.jpg,sample_00747.png,2,urgent,1,classification_curated
748,sample_00748.jpg,sample_00748.png,2,urgent,1,classification_curated
749,sample_00749.jpg,sample_00749.png,2,urgent,1,classification_curated
750,sample_00750.jpg,sample_00750.png,2,urgent,1,classification_curated
751,sample_00751.jpg,sample_00751.png,2,urgent,1,classification_curated
752,sample_00752.jpg,sample_00752.png,2,urgent,1,classification_curated
753,sample_00753.jpg,sample_00753.png,2,urgent,1,classification_curated
754,sample_00754.jpg,sample_00754.png,2,urgent,1,classification_curated
755,sample_00755.jpg,sample_00755.png,2,urgent,1,classification_curated
756,sample_00756.jpg,sample_00756.png,2,urgent,1,classification_curated
757,sample_00757.jpg,sample_00757.png,2,urgent,1,classification_curated
758,sample_00758.jpg,sample_00758.png,2,urgent,1,classification_curated
759,sample_00759.jpg,sample_00759.png,2,urgent,1,classification_curated
760,sample_00760.jpg,sample_00760.png,2,urgent,1,classification_curated
761,sample_00761.jpg,sample_00761.png,2,urgent,1,classification_curated
762,sample_00762.jpg,sample_00762.png,2,urgent,1,classification_curated
763,sample_00763.jpg,sample_00763.png,2,urgent,1,classification_curated
764,sample_00764.jpg,sample_00764.png,2,urgent,1,classification_curated
765,sample_00765.jpg,sample_00765.png,2,urgent,1,classification_curated
766,sample_00766.jpg,sample_00766.png,2,urgent,1,classification_curated
767,sample_00767.jpg,sample_00767.png,2,urgent,1,classification_curated
768,sample_00768.jpg,sample_00768.png,2,urgent,1,classification_curated
769,sample_00769.jpg,sample_00769.png,2,urgent,1,classification_curated
770,sample_00770.jpg,sample_00770.png,2,urgent,1,classification_curated
771,sample_00771.jpg,sample_00771.png,2,urgent,1,classification_curated
772,sample_00772.jpg,sample_00772.png,2,urgent,1,classification_curated
773,sample_00773.jpg,sample_00773.png,2,urgent,1,classification_curated
774,sample_00774.jpg,sample_00774.png,2,urgent,1,classification_curated
775,sample_00775.jpg,sample_00775.png,2,urgent,1,classification_curated
776,sample_00776.jpg,sample_00776.png,2,urgent,1,classification_curated
777,sample_00777.jpg,sample_00777.png,2,urgent,1,classification_curated
778,sample_00778.jpg,sample_00778.png,2,urgent,1,classification_curated
779,sample_00779.jpg,sample_00779.png,2,urgent,1,classification_curated
780,sample_00780.jpg,sample_00780.png,2,urgent,1,classification_curated
781,sample_00781.jpg,sample_00781.png,2,urgent,1,classification_curated
782,sample_00782.jpg,sample_00782.png,2,urgent,1,classification_curated
783,sample_00783.jpg,sample_00783.png,2,urgent,1,classification_curated
784,sample_00784.jpg,sample_00784.png,2,urgent,1,classification_curated
785,sample_00785.jpg,sample_00785.png,2,urgent,1,classification_curated
786,sample_00786.jpg,sample_00786.png,2,urgent,1,classification_curated
787,sample_00787.jpg,sample_00787.png,2,urgent,1,classification_curated
788,sample_00788.jpg,sample_00788.png,2,urgent,1,classification_curated
789,sample_00789.jpg,sample_00789.png,2,urgent,1,classification_curated
790,sample_00790.jpg,sample_00790.png,2,urgent,1,classification_curated
791,sample_00791.jpg,sample_00791.png,2,urgent,1,classification_curated
792,sample_00792.jpg,sample_00792.png,2,urgent,1,classification_curated
793,sample_00793.jpg,sample_00793.png,2,urgent,1,classification_curated
794,sample_00794.jpg,sample_00794.png,2,urgent,1,classification_curated
795,sample_00795.jpg,sample_00795.png,2,urgent,1,classification_curated
796,sample_00796.jpg,sample_00796.png,2,urgent,1,classification_curated
797,sample_00797.jpg,sample_00797.png,2,urgent,1,classification_curated
798,sample_00798.jpg,sample_00798.png,2,urgent,1,classification_curated
799,sample_00799.jpg,sample_00799.png,2,urgent,1,classification_curated
800,sample_00800.jpg,sample_00800.png,2,urgent,1,classification_curated
801,sample_00801.jpg,sample_00801.png,2,urgent,1,classification_curated
802,sample_00802.jpg,sample_00802.png,2,urgent,1,classification_curated
803,sample_00803.jpg,sample_00803.png,2,urgent,1,classification_curated
804,sample_00804.jpg,sample_00804.png,2,urgent,1,classification_curated
805,sample_00805.jpg,sample_00805.png,2,urgent,1,classification_curated
806,sample_00806.jpg,sample_00806.png,2,urgent,1,classification_curated
807,sample_00807.jpg,sample_00807.png,2,urgent,1,classification_curated
808,sample_00808.jpg,sample_00808.png,2,urgent,1,classification_curated
809,sample_00809.jpg,sample_00809.png,2,urgent,1,classification_curated
810,sample_00810.jpg,sample_00810.png,2,urgent,1,classification_curated
811,sample_00811.jpg,sample_00811.png,2,urgent,1,classification_curated
812,sample_00812.jpg,sample_00812.png,2,urgent,1,classification_curated
813,sample_00813.jpg,sample_00813.png,2,urgent,1,classification_curated
814,sample_00814.jpg,sample_00814.png,2,urgent,1,classification_curated
815,sample_00815.jpg,sample_00815.png,2,urgent,1,classification_curated
816,sample_00816.jpg,sample_00816.png,2,urgent,1,classification_curated
817,sample_00817.jpg,sample_00817.png,2,urgent,1,classification_curated
818,sample_00818.jpg,sample_00818.png,2,urgent,1,classification_curated
819,sample_00819.jpg,sample_00819.png,2,urgent,1,classification_curated
820,sample_00820.jpg,sample_00820.png,2,urgent,1,classification_curated
821,sample_00821.jpg,sample_00821.png,2,urgent,1,classification_curated
822,sample_00822.jpg,sample_00822.png,2,urgent,1,classification_curated
823,sample_00823.jpg,sample_00823.png,2,urgent,1,classification_curated
824,sample_00824.jpg,sample_00824.png,2,urgent,1,classification_curated
825,sample_00825.jpg,sample_00825.png,2,urgent,1,classification_curated
826,sample_00826.jpg,sample_00826.png,2,urgent,1,classification_curated
827,sample_00827.jpg,sample_00827.png,2,urgent,1,classification_curated
828,sample_00828.jpg,sample_00828.png,2,urgent,1,classification_curated
829,sample_00829.jpg,sample_00829.png,2,urgent,1,classification_curated
830,sample_00830.jpg,sample_00830.png,2,urgent,1,classification_curated
831,sample_00831.jpg,sample_00831.png,2,urgent,1,classification_curated
832,sample_00832.jpg,sample_00832.png,2,urgent,1,classification_curated
833,sample_00833.jpg,sample_00833.png,2,urgent,1,classification_curated
834,sample_00834.jpg,sample_00834.png,2,urgent,1,classification_curated
835,sample_00835.jpg,sample_00835.png,2,urgent,1,classification_curated
836,sample_00836.jpg,sample_00836.png,2,urgent,1,classification_curated
837,sample_00837.jpg,sample_00837.png,2,urgent,1,classification_curated
838,sample_00838.jpg,sample_00838.png,2,urgent,1,classification_curated
839,sample_00839.jpg,sample_00839.png,2,urgent,1,classification_curated
840,sample_00840.jpg,sample_00840.png,2,urgent,1,classification_curated
841,sample_00841.jpg,sample_00841.png,2,urgent,1,classification_curated
842,sample_00842.jpg,sample_00842.png,0,normal,0,dfuc2022_gold_standard
843,sample_00843.jpg,sample_00843.png,0,normal,0,dfuc2022_gold_standard
844,sample_00844.jpg,sample_00844.png,0,normal,0,dfuc2022_gold_standard
845,sample_00845.jpg,sample_00845.png,0,normal,0,dfuc2022_gold_standard
846,sample_00846.jpg,sample_00846.png,0,normal,0,dfuc2022_gold_standard
847,sample_00847.jpg,sample_00847.png,2,urgent,1,dfuc2022_gold_standard
848,sample_00848.jpg,sample_00848.png,0,normal,0,dfuc2022_gold_standard
849,sample_00849.jpg,sample_00849.png,2,urgent,1,dfuc2022_gold_standard
850,sample_00850.jpg,sample_00850.png,0,normal,0,dfuc2022_gold_standard
851,sample_00851.jpg,sample_00851.png,0,normal,0,dfuc2022_gold_standard
852,sample_00852.jpg,sample_00852.png,0,normal,0,dfuc2022_gold_standard
853,sample_00853.jpg,sample_00853.png,0,normal,0,dfuc2022_gold_standard
854,sample_00854.jpg,sample_00854.png,0,normal,0,dfuc2022_gold_standard
855,sample_00855.jpg,sample_00855.png,2,urgent,1,dfuc2022_gold_standard
856,sample_00856.jpg,sample_00856.png,0,normal,0,dfuc2022_gold_standard
857,sample_00857.jpg,sample_00857.png,0,normal,0,dfuc2022_gold_standard
858,sample_00858.jpg,sample_00858.png,0,normal,0,dfuc2022_gold_standard
859,sample_00859.jpg,sample_00859.png,1,mild_concern,0,dfuc2022_gold_standard
860,sample_00860.jpg,sample_00860.png,0,normal,0,dfuc2022_gold_standard
861,sample_00861.jpg,sample_00861.png,2,urgent,1,dfuc2022_gold_standard
862,sample_00862.jpg,sample_00862.png,0,normal,0,dfuc2022_gold_standard
863,sample_00863.jpg,sample_00863.png,0,normal,0,dfuc2022_gold_standard
864,sample_00864.jpg,sample_00864.png,0,normal,0,dfuc2022_gold_standard
865,sample_00865.jpg,sample_00865.png,0,normal,0,dfuc2022_gold_standard
866,sample_00866.jpg,sample_00866.png,0,normal,0,dfuc2022_gold_standard
867,sample_00867.jpg,sample_00867.png,0,normal,0,dfuc2022_gold_standard
868,sample_00868.jpg,sample_00868.png,0,normal,0,dfuc2022_gold_standard
869,sample_00869.jpg,sample_00869.png,2,urgent,1,dfuc2022_gold_standard
870,sample_00870.jpg,sample_00870.png,0,normal,0,dfuc2022_gold_standard
871,sample_00871.jpg,sample_00871.png,0,normal,0,dfuc2022_gold_standard
872,sample_00872.jpg,sample_00872.png,0,normal,0,dfuc2022_gold_standard
873,sample_00873.jpg,sample_00873.png,1,mild_concern,0,dfuc2022_gold_standard
874,sample_00874.jpg,sample_00874.png,0,normal,0,dfuc2022_gold_standard
875,sample_00875.jpg,sample_00875.png,0,normal,0,dfuc2022_gold_standard
876,sample_00876.jpg,sample_00876.png,1,mild_concern,0,dfuc2022_gold_standard
877,sample_00877.jpg,sample_00877.png,0,normal,0,dfuc2022_gold_standard
878,sample_00878.jpg,sample_00878.png,1,mild_concern,0,dfuc2022_gold_standard
879,sample_00879.jpg,sample_00879.png,0,normal,0,dfuc2022_gold_standard
880,sample_00880.jpg,sample_00880.png,0,normal,0,dfuc2022_gold_standard
881,sample_00881.jpg,sample_00881.png,1,mild_concern,0,dfuc2022_gold_standard
882,sample_00882.jpg,sample_00882.png,0,normal,0,dfuc2022_gold_standard
883,sample_00883.jpg,sample_00883.png,0,normal,0,dfuc2022_gold_standard
884,sample_00884.jpg,sample_00884.png,0,normal,0,dfuc2022_gold_standard
885,sample_00885.jpg,sample_00885.png,0,normal,0,dfuc2022_gold_standard
886,sample_00886.jpg,sample_00886.png,0,normal,0,dfuc2022_gold_standard
887,sample_00887.jpg,sample_00887.png,0,normal,0,dfuc2022_gold_standard
888,sample_00888.jpg,sample_00888.png,1,mild_concern,0,dfuc2022_gold_standard
889,sample_00889.jpg,sample_00889.png,2,urgent,1,dfuc2022_gold_standard
890,sample_00890.jpg,sample_00890.png,2,urgent,1,dfuc2022_gold_standard
891,sample_00891.jpg,sample_00891.png,1,mild_concern,0,dfuc2022_gold_standard
892,sample_00892.jpg,sample_00892.png,0,normal,0,dfuc2022_gold_standard
893,sample_00893.jpg,sample_00893.png,1,mild_concern,0,dfuc2022_gold_standard
894,sample_00894.jpg,sample_00894.png,0,normal,0,dfuc2022_gold_standard
895,sample_00895.jpg,sample_00895.png,0,normal,0,dfuc2022_gold_standard
896,sample_00896.jpg,sample_00896.png,1,mild_concern,0,dfuc2022_gold_standard
897,sample_00897.jpg,sample_00897.png,0,normal,0,dfuc2022_gold_standard
898,sample_00898.jpg,sample_00898.png,1,mild_concern,0,dfuc2022_gold_standard
899,sample_00899.jpg,sample_00899.png,0,normal,0,dfuc2022_gold_standard
900,sample_00900.jpg,sample_00900.png,0,normal,0,dfuc2022_gold_standard
901,sample_00901.jpg,sample_00901.png,0,normal,0,dfuc2022_gold_standard
902,sample_00902.jpg,sample_00902.png,0,normal,0,dfuc2022_gold_standard
903,sample_00903.jpg,sample_00903.png,1,mild_concern,0,dfuc2022_gold_standard
904,sample_00904.jpg,sample_00904.png,2,urgent,1,dfuc2022_gold_standard
905,sample_00905.jpg,sample_00905.png,0,normal,0,dfuc2022_gold_standard
906,sample_00906.jpg,sample_00906.png,0,normal,0,dfuc2022_gold_standard
907,sample_00907.jpg,sample_00907.png,0,normal,0,dfuc2022_gold_standard
908,sample_00908.jpg,sample_00908.png,0,normal,0,dfuc2022_gold_standard
909,sample_00909.jpg,sample_00909.png,0,normal,0,dfuc2022_gold_standard
910,sample_00910.jpg,sample_00910.png,1,mild_concern,0,dfuc2022_gold_standard
911,sample_00911.jpg,sample_00911.png,0,normal,0,dfuc2022_gold_standard
912,sample_00912.jpg,sample_00912.png,0,normal,0,dfuc2022_gold_standard
913,sample_00913.jpg,sample_00913.png,1,mild_concern,0,dfuc2022_gold_standard
914,sample_00914.jpg,sample_00914.png,0,normal,0,dfuc2022_gold_standard
915,sample_00915.jpg,sample_00915.png,0,normal,0,dfuc2022_gold_standard
916,sample_00916.jpg,sample_00916.png,2,urgent,1,dfuc2022_gold_standard
917,sample_00917.jpg,sample_00917.png,2,urgent,1,dfuc2022_gold_standard
918,sample_00918.jpg,sample_00918.png,0,normal,0,dfuc2022_gold_standard
919,sample_00919.jpg,sample_00919.png,1,mild_concern,0,dfuc2022_gold_standard
920,sample_00920.jpg,sample_00920.png,0,normal,0,dfuc2022_gold_standard
921,sample_00921.jpg,sample_00921.png,1,mild_concern,0,dfuc2022_gold_standard
922,sample_00922.jpg,sample_00922.png,2,urgent,1,dfuc2022_gold_standard
923,sample_00923.jpg,sample_00923.png,0,normal,0,dfuc2022_gold_standard
924,sample_00924.jpg,sample_00924.png,1,mild_concern,0,dfuc2022_gold_standard
925,sample_00925.jpg,sample_00925.png,0,normal,0,dfuc2022_gold_standard
926,sample_00926.jpg,sample_00926.png,0,normal,0,dfuc2022_gold_standard
927,sample_00927.jpg,sample_00927.png,1,mild_concern,0,dfuc2022_gold_standard
928,sample_00928.jpg,sample_00928.png,1,mild_concern,0,dfuc2022_gold_standard
929,sample_00929.jpg,sample_00929.png,0,normal,0,dfuc2022_gold_standard
930,sample_00930.jpg,sample_00930.png,0,normal,0,dfuc2022_gold_standard
931,sample_00931.jpg,sample_00931.png,0,normal,0,dfuc2022_gold_standard
932,sample_00932.jpg,sample_00932.png,0,normal,0,dfuc2022_gold_standard
933,sample_00933.jpg,sample_00933.png,0,normal,0,dfuc2022_gold_standard
934,sample_00934.jpg,sample_00934.png,1,mild_concern,0,dfuc2022_gold_standard
935,sample_00935.jpg,sample_00935.png,1,mild_concern,0,dfuc2022_gold_standard
936,sample_00936.jpg,sample_00936.png,1,mild_concern,0,dfuc2022_gold_standard
937,sample_00937.jpg,sample_00937.png,2,urgent,1,dfuc2022_gold_standard
938,sample_00938.jpg,sample_00938.png,0,normal,0,dfuc2022_gold_standard
939,sample_00939.jpg,sample_00939.png,2,urgent,1,dfuc2022_gold_standard
940,sample_00940.jpg,sample_00940.png,0,normal,0,dfuc2022_gold_standard
941,sample_00941.jpg,sample_00941.png,0,normal,0,dfuc2022_gold_standard
942,sample_00942.jpg,sample_00942.png,0,normal,0,dfuc2022_gold_standard
943,sample_00943.jpg,sample_00943.png,0,normal,0,dfuc2022_gold_standard
944,sample_00944.jpg,sample_00944.png,1,mild_concern,0,dfuc2022_gold_standard
945,sample_00945.jpg,sample_00945.png,0,normal,0,dfuc2022_gold_standard
946,sample_00946.jpg,sample_00946.png,0,normal,0,dfuc2022_gold_standard
947,sample_00947.jpg,sample_00947.png,0,normal,0,dfuc2022_gold_standard
948,sample_00948.jpg,sample_00948.png,0,normal,0,dfuc2022_gold_standard
949,sample_00949.jpg,sample_00949.png,0,normal,0,dfuc2022_gold_standard
950,sample_00950.jpg,sample_00950.png,1,mild_concern,0,dfuc2022_gold_standard
951,sample_00951.jpg,sample_00951.png,2,urgent,1,dfuc2022_gold_standard
952,sample_00952.jpg,sample_00952.png,0,normal,0,dfuc2022_gold_standard
953,sample_00953.jpg,sample_00953.png,0,normal,0,dfuc2022_gold_standard
954,sample_00954.jpg,sample_00954.png,0,normal,0,dfuc2022_gold_standard
955,sample_00955.jpg,sample_00955.png,0,normal,0,dfuc2022_gold_standard
956,sample_00956.jpg,sample_00956.png,0,normal,0,dfuc2022_gold_standard
957,sample_00957.jpg,sample_00957.png,0,normal,0,dfuc2022_gold_standard
958,sample_00958.jpg,sample_00958.png,0,normal,0,dfuc2022_gold_standard
959,sample_00959.jpg,sample_00959.png,0,normal,0,dfuc2022_gold_standard
960,sample_00960.jpg,sample_00960.png,0,normal,0,dfuc2022_gold_standard
961,sample_00961.jpg,sample_00961.png,0,normal,0,dfuc2022_gold_standard
962,sample_00962.jpg,sample_00962.png,1,mild_concern,0,dfuc2022_gold_standard
963,sample_00963.jpg,sample_00963.png,0,normal,0,dfuc2022_gold_standard
964,sample_00964.jpg,sample_00964.png,0,normal,0,dfuc2022_gold_standard
965,sample_00965.jpg,sample_00965.png,0,normal,0,dfuc2022_gold_standard
966,sample_00966.jpg,sample_00966.png,1,mild_concern,0,dfuc2022_gold_standard
967,sample_00967.jpg,sample_00967.png,0,normal,0,dfuc2022_gold_standard
968,sample_00968.jpg,sample_00968.png,0,normal,0,dfuc2022_gold_standard
969,sample_00969.jpg,sample_00969.png,0,normal,0,dfuc2022_gold_standard
970,sample_00970.jpg,sample_00970.png,1,mild_concern,0,dfuc2022_gold_standard
971,sample_00971.jpg,sample_00971.png,0,normal,0,dfuc2022_gold_standard
972,sample_00972.jpg,sample_00972.png,0,normal,0,dfuc2022_gold_standard
973,sample_00973.jpg,sample_00973.png,0,normal,0,dfuc2022_gold_standard
974,sample_00974.jpg,sample_00974.png,1,mild_concern,0,dfuc2022_gold_standard
975,sample_00975.jpg,sample_00975.png,0,normal,0,dfuc2022_gold_standard
976,sample_00976.jpg,sample_00976.png,1,mild_concern,0,dfuc2022_gold_standard
977,sample_00977.jpg,sample_00977.png,0,normal,0,dfuc2022_gold_standard
978,sample_00978.jpg,sample_00978.png,0,normal,0,dfuc2022_gold_standard
979,sample_00979.jpg,sample_00979.png,0,normal,0,dfuc2022_gold_standard
980,sample_00980.jpg,sample_00980.png,1,mild_concern,0,dfuc2022_gold_standard
981,sample_00981.jpg,sample_00981.png,0,normal,0,dfuc2022_gold_standard
982,sample_00982.jpg,sample_00982.png,0,normal,0,dfuc2022_gold_standard
983,sample_00983.jpg,sample_00983.png,1,mild_concern,0,dfuc2022_gold_standard
984,sample_00984.jpg,sample_00984.png,0,normal,0,dfuc2022_gold_standard
985,sample_00985.jpg,sample_00985.png,0,normal,0,dfuc2022_gold_standard
986,sample_00986.jpg,sample_00986.png,0,normal,0,dfuc2022_gold_standard
987,sample_00987.jpg,sample_00987.png,0,normal,0,dfuc2022_gold_standard
988,sample_00988.jpg,sample_00988.png,2,urgent,1,dfuc2022_gold_standard
989,sample_00989.jpg,sample_00989.png,0,normal,0,dfuc2022_gold_standard
990,sample_00990.jpg,sample_00990.png,0,normal,0,dfuc2022_gold_standard
991,sample_00991.jpg,sample_00991.png,0,normal,0,dfuc2022_gold_standard
992,sample_00992.jpg,sample_00992.png,0,normal,0,dfuc2022_gold_standard
993,sample_00993.jpg,sample_00993.png,0,normal,0,dfuc2022_gold_standard
994,sample_00994.jpg,sample_00994.png,0,normal,0,dfuc2022_gold_standard
995,sample_00995.jpg,sample_00995.png,0,normal,0,dfuc2022_gold_standard
996,sample_00996.jpg,sample_00996.png,1,mild_concern,0,dfuc2022_gold_standard
997,sample_00997.jpg,sample_00997.png,1,mild_concern,0,dfuc2022_gold_standard
998,sample_00998.jpg,sample_00998.png,1,mild_concern,0,dfuc2022_gold_standard
999,sample_00999.jpg,sample_00999.png,2,urgent,1,dfuc2022_gold_standard
1000,sample_01000.jpg,sample_01000.png,0,normal,0,dfuc2022_gold_standard
1001,sample_01001.jpg,sample_01001.png,0,normal,0,dfuc2022_gold_standard
1002,sample_01002.jpg,sample_01002.png,2,urgent,1,dfuc2022_gold_standard
1003,sample_01003.jpg,sample_01003.png,0,normal,0,dfuc2022_gold_standard
1004,sample_01004.jpg,sample_01004.png,0,normal,0,dfuc2022_gold_standard
1005,sample_01005.jpg,sample_01005.png,0,normal,0,dfuc2022_gold_standard
1006,sample_01006.jpg,sample_01006.png,0,normal,0,dfuc2022_gold_standard
1007,sample_01007.jpg,sample_01007.png,1,mild_concern,0,dfuc2022_gold_standard
1008,sample_01008.jpg,sample_01008.png,0,normal,0,dfuc2022_gold_standard
1009,sample_01009.jpg,sample_01009.png,0,normal,0,dfuc2022_gold_standard
1010,sample_01010.jpg,sample_01010.png,0,normal,0,dfuc2022_gold_standard
1011,sample_01011.jpg,sample_01011.png,0,normal,0,dfuc2022_gold_standard
1012,sample_01012.jpg,sample_01012.png,0,normal,0,dfuc2022_gold_standard
1013,sample_01013.jpg,sample_01013.png,0,normal,0,dfuc2022_gold_standard
1014,sample_01014.jpg,sample_01014.png,0,normal,0,dfuc2022_gold_standard
1015,sample_01015.jpg,sample_01015.png,0,normal,0,dfuc2022_gold_standard
1016,sample_01016.jpg,sample_01016.png,0,normal,0,dfuc2022_gold_standard
1017,sample_01017.jpg,sample_01017.png,1,mild_concern,0,dfuc2022_gold_standard
1018,sample_01018.jpg,sample_01018.png,0,normal,0,dfuc2022_gold_standard
1019,sample_01019.jpg,sample_01019.png,0,normal,0,dfuc2022_gold_standard
1020,sample_01020.jpg,sample_01020.png,0,normal,0,dfuc2022_gold_standard
1021,sample_01021.jpg,sample_01021.png,0,normal,0,dfuc2022_gold_standard
1022,sample_01022.jpg,sample_01022.png,0,normal,0,dfuc2022_gold_standard
1023,sample_01023.jpg,sample_01023.png,0,normal,0,dfuc2022_gold_standard
1024,sample_01024.jpg,sample_01024.png,0,normal,0,dfuc2022_gold_standard
1025,sample_01025.jpg,sample_01025.png,2,urgent,1,dfuc2022_gold_standard
1026,sample_01026.jpg,sample_01026.png,0,normal,0,dfuc2022_gold_standard
1027,sample_01027.jpg,sample_01027.png,1,mild_concern,0,dfuc2022_gold_standard
1028,sample_01028.jpg,sample_01028.png,0,normal,0,dfuc2022_gold_standard
1029,sample_01029.jpg,sample_01029.png,0,normal,0,dfuc2022_gold_standard
1030,sample_01030.jpg,sample_01030.png,0,normal,0,dfuc2022_gold_standard
1031,sample_01031.jpg,sample_01031.png,0,normal,0,dfuc2022_gold_standard
1032,sample_01032.jpg,sample_01032.png,0,normal,0,dfuc2022_gold_standard
1033,sample_01033.jpg,sample_01033.png,1,mild_concern,0,dfuc2022_gold_standard
1034,sample_01034.jpg,sample_01034.png,1,mild_concern,0,dfuc2022_gold_standard
1035,sample_01035.jpg,sample_01035.png,1,mild_concern,0,dfuc2022_gold_standard
1036,sample_01036.jpg,sample_01036.png,1,mild_concern,0,dfuc2022_gold_standard
1037,sample_01037.jpg,sample_01037.png,0,normal,0,dfuc2022_gold_standard
1038,sample_01038.jpg,sample_01038.png,0,normal,0,dfuc2022_gold_standard
1039,sample_01039.jpg,sample_01039.png,0,normal,0,dfuc2022_gold_standard
1040,sample_01040.jpg,sample_01040.png,0,normal,0,dfuc2022_gold_standard
1041,sample_01041.jpg,sample_01041.png,1,mild_concern,0,dfuc2022_gold_standard
1042,sample_01042.jpg,sample_01042.png,0,normal,0,dfuc2022_gold_standard
1043,sample_01043.jpg,sample_01043.png,1,mild_concern,0,dfuc2022_gold_standard
1044,sample_01044.jpg,sample_01044.png,0,normal,0,dfuc2022_gold_standard
1045,sample_01045.jpg,sample_01045.png,0,normal,0,dfuc2022_gold_standard
1046,sample_01046.jpg,sample_01046.png,0,normal,0,dfuc2022_gold_standard
1047,sample_01047.jpg,sample_01047.png,0,normal,0,dfuc2022_gold_standard
1048,sample_01048.jpg,sample_01048.png,0,normal,0,dfuc2022_gold_standard
1049,sample_01049.jpg,sample_01049.png,1,mild_concern,0,dfuc2022_gold_standard
1050,sample_01050.jpg,sample_01050.png,1,mild_concern,0,dfuc2022_gold_standard
1051,sample_01051.jpg,sample_01051.png,0,normal,0,dfuc2022_gold_standard
1052,sample_01052.jpg,sample_01052.png,0,normal,0,dfuc2022_gold_standard
1053,sample_01053.jpg,sample_01053.png,0,normal,0,dfuc2022_gold_standard
1054,sample_01054.jpg,sample_01054.png,0,normal,0,dfuc2022_gold_standard
1055,sample_01055.jpg,sample_01055.png,0,normal,0,dfuc2022_gold_standard
1056,sample_01056.jpg,sample_01056.png,2,urgent,1,dfuc2022_gold_standard
1057,sample_01057.jpg,sample_01057.png,0,normal,0,dfuc2022_gold_standard
1058,sample_01058.jpg,sample_01058.png,1,mild_concern,0,dfuc2022_gold_standard
1059,sample_01059.jpg,sample_01059.png,0,normal,0,dfuc2022_gold_standard
1060,sample_01060.jpg,sample_01060.png,0,normal,0,dfuc2022_gold_standard
1061,sample_01061.jpg,sample_01061.png,0,normal,0,dfuc2022_gold_standard
1062,sample_01062.jpg,sample_01062.png,0,normal,0,dfuc2022_gold_standard
1063,sample_01063.jpg,sample_01063.png,1,mild_concern,0,dfuc2022_gold_standard
1064,sample_01064.jpg,sample_01064.png,0,normal,0,dfuc2022_gold_standard
1065,sample_01065.jpg,sample_01065.png,1,mild_concern,0,dfuc2022_gold_standard
1066,sample_01066.jpg,sample_01066.png,1,mild_concern,0,dfuc2022_gold_standard
1067,sample_01067.jpg,sample_01067.png,0,normal,0,dfuc2022_gold_standard
1068,sample_01068.jpg,sample_01068.png,0,normal,0,dfuc2022_gold_standard
1069,sample_01069.jpg,sample_01069.png,0,normal,0,dfuc2022_gold_standard
1070,sample_01070.jpg,sample_01070.png,1,mild_concern,0,dfuc2022_gold_standard
1071,sample_01071.jpg,sample_01071.png,0,normal,0,dfuc2022_gold_standard
1072,sample_01072.jpg,sample_01072.png,0,normal,0,dfuc2022_gold_standard
1073,sample_01073.jpg,sample_01073.png,0,normal,0,dfuc2022_gold_standard
1074,sample_01074.jpg,sample_01074.png,1,mild_concern,0,dfuc2022_gold_standard
1075,sample_01075.jpg,sample_01075.png,0,normal,0,dfuc2022_gold_standard
1076,sample_01076.jpg,sample_01076.png,1,mild_concern,0,dfuc2022_gold_standard
1077,sample_01077.jpg,sample_01077.png,0,normal,0,dfuc2022_gold_standard
1078,sample_01078.jpg,sample_01078.png,1,mild_concern,0,dfuc2022_gold_standard
1079,sample_01079.jpg,sample_01079.png,0,normal,0,dfuc2022_gold_standard
1080,sample_01080.jpg,sample_01080.png,0,normal,0,dfuc2022_gold_standard
1081,sample_01081.jpg,sample_01081.png,1,mild_concern,0,dfuc2022_gold_standard
1082,sample_01082.jpg,sample_01082.png,2,urgent,1,dfuc2022_gold_standard
1083,sample_01083.jpg,sample_01083.png,1,mild_concern,0,dfuc2022_gold_standard
1084,sample_01084.jpg,sample_01084.png,1,mild_concern,0,dfuc2022_gold_standard
1085,sample_01085.jpg,sample_01085.png,0,normal,0,dfuc2022_gold_standard
1086,sample_01086.jpg,sample_01086.png,2,urgent,1,dfuc2022_gold_standard
1087,sample_01087.jpg,sample_01087.png,0,normal,0,dfuc2022_gold_standard
1088,sample_01088.jpg,sample_01088.png,2,urgent,1,dfuc2022_gold_standard
1089,sample_01089.jpg,sample_01089.png,2,urgent,1,dfuc2022_gold_standard
1090,sample_01090.jpg,sample_01090.png,1,mild_concern,0,dfuc2022_gold_standard
1091,sample_01091.jpg,sample_01091.png,1,mild_concern,0,dfuc2022_gold_standard
1092,sample_01092.jpg,sample_01092.png,1,mild_concern,0,dfuc2022_gold_standard
1093,sample_01093.jpg,sample_01093.png,0,normal,0,dfuc2022_gold_standard
1094,sample_01094.jpg,sample_01094.png,0,normal,0,dfuc2022_gold_standard
1095,sample_01095.jpg,sample_01095.png,0,normal,0,dfuc2022_gold_standard
1096,sample_01096.jpg,sample_01096.png,0,normal,0,dfuc2022_gold_standard
1097,sample_01097.jpg,sample_01097.png,0,normal,0,dfuc2022_gold_standard
1098,sample_01098.jpg,sample_01098.png,0,normal,0,dfuc2022_gold_standard
1099,sample_01099.jpg,sample_01099.png,0,normal,0,dfuc2022_gold_standard
1100,sample_01100.jpg,sample_01100.png,0,normal,0,dfuc2022_gold_standard
1101,sample_01101.jpg,sample_01101.png,0,normal,0,dfuc2022_gold_standard
1102,sample_01102.jpg,sample_01102.png,0,normal,0,dfuc2022_gold_standard
1103,sample_01103.jpg,sample_01103.png,0,normal,0,dfuc2022_gold_standard
1104,sample_01104.jpg,sample_01104.png,1,mild_concern,0,dfuc2022_gold_standard
1105,sample_01105.jpg,sample_01105.png,1,mild_concern,0,dfuc2022_gold_standard
1106,sample_01106.jpg,sample_01106.png,0,normal,0,dfuc2022_gold_standard
1107,sample_01107.jpg,sample_01107.png,0,normal,0,dfuc2022_gold_standard
1108,sample_01108.jpg,sample_01108.png,0,normal,0,dfuc2022_gold_standard
1109,sample_01109.jpg,sample_01109.png,0,normal,0,dfuc2022_gold_standard
1110,sample_01110.jpg,sample_01110.png,0,normal,0,dfuc2022_gold_standard
1111,sample_01111.jpg,sample_01111.png,0,normal,0,dfuc2022_gold_standard
1112,sample_01112.jpg,sample_01112.png,0,normal,0,dfuc2022_gold_standard
1113,sample_01113.jpg,sample_01113.png,0,normal,0,dfuc2022_gold_standard
1114,sample_01114.jpg,sample_01114.png,0,normal,0,dfuc2022_gold_standard
1115,sample_01115.jpg,sample_01115.png,0,normal,0,dfuc2022_gold_standard
1116,sample_01116.jpg,sample_01116.png,2,urgent,1,dfuc2022_gold_standard
1117,sample_01117.jpg,sample_01117.png,0,normal,0,dfuc2022_gold_standard
1118,sample_01118.jpg,sample_01118.png,0,normal,0,dfuc2022_gold_standard
1119,sample_01119.jpg,sample_01119.png,1,mild_concern,0,dfuc2022_gold_standard
1120,sample_01120.jpg,sample_01120.png,1,mild_concern,0,dfuc2022_gold_standard
1121,sample_01121.jpg,sample_01121.png,1,mild_concern,0,dfuc2022_gold_standard
1122,sample_01122.jpg,sample_01122.png,2,urgent,1,dfuc2022_gold_standard
1123,sample_01123.jpg,sample_01123.png,1,mild_concern,0,dfuc2022_gold_standard
1124,sample_01124.jpg,sample_01124.png,0,normal,0,dfuc2022_gold_standard
1125,sample_01125.jpg,sample_01125.png,0,normal,0,dfuc2022_gold_standard
1126,sample_01126.jpg,sample_01126.png,1,mild_concern,0,dfuc2022_gold_standard
1127,sample_01127.jpg,sample_01127.png,0,normal,0,dfuc2022_gold_standard
1128,sample_01128.jpg,sample_01128.png,0,normal,0,dfuc2022_gold_standard
1129,sample_01129.jpg,sample_01129.png,2,urgent,1,dfuc2022_gold_standard
1130,sample_01130.jpg,sample_01130.png,0,normal,0,dfuc2022_gold_standard
1131,sample_01131.jpg,sample_01131.png,2,urgent,1,dfuc2022_gold_standard
1132,sample_01132.jpg,sample_01132.png,2,urgent,1,dfuc2022_gold_standard
1133,sample_01133.jpg,sample_01133.png,0,normal,0,dfuc2022_gold_standard
1134,sample_01134.jpg,sample_01134.png,0,normal,0,dfuc2022_gold_standard
1135,sample_01135.jpg,sample_01135.png,1,mild_concern,0,dfuc2022_gold_standard
1136,sample_01136.jpg,sample_01136.png,0,normal,0,dfuc2022_gold_standard
1137,sample_01137.jpg,sample_01137.png,2,urgent,1,dfuc2022_gold_standard
1138,sample_01138.jpg,sample_01138.png,1,mild_concern,0,dfuc2022_gold_standard
1139,sample_01139.jpg,sample_01139.png,0,normal,0,dfuc2022_gold_standard
1140,sample_01140.jpg,sample_01140.png,2,urgent,1,dfuc2022_gold_standard
1141,sample_01141.jpg,sample_01141.png,2,urgent,1,dfuc2022_gold_standard
1142,sample_01142.jpg,sample_01142.png,2,urgent,1,dfuc2022_gold_standard
1143,sample_01143.jpg,sample_01143.png,1,mild_concern,0,dfuc2022_gold_standard
1144,sample_01144.jpg,sample_01144.png,0,normal,0,dfuc2022_gold_standard
1145,sample_01145.jpg,sample_01145.png,1,mild_concern,0,dfuc2022_gold_standard
1146,sample_01146.jpg,sample_01146.png,0,normal,0,dfuc2022_gold_standard
1147,sample_01147.jpg,sample_01147.png,0,normal,0,dfuc2022_gold_standard
1148,sample_01148.jpg,sample_01148.png,0,normal,0,dfuc2022_gold_standard
1149,sample_01149.jpg,sample_01149.png,0,normal,0,dfuc2022_gold_standard
1150,sample_01150.jpg,sample_01150.png,0,normal,0,dfuc2022_gold_standard
1151,sample_01151.jpg,sample_01151.png,0,normal,0,dfuc2022_gold_standard
1152,sample_01152.jpg,sample_01152.png,1,mild_concern,0,dfuc2022_gold_standard
1153,sample_01153.jpg,sample_01153.png,0,normal,0,dfuc2022_gold_standard
1154,sample_01154.jpg,sample_01154.png,2,urgent,1,dfuc2022_gold_standard
1155,sample_01155.jpg,sample_01155.png,0,normal,0,dfuc2022_gold_standard
1156,sample_01156.jpg,sample_01156.png,0,normal,0,dfuc2022_gold_standard
1157,sample_01157.jpg,sample_01157.png,1,mild_concern,0,dfuc2022_gold_standard
1158,sample_01158.jpg,sample_01158.png,0,normal,0,dfuc2022_gold_standard
1159,sample_01159.jpg,sample_01159.png,0,normal,0,dfuc2022_gold_standard
1160,sample_01160.jpg,sample_01160.png,2,urgent,1,dfuc2022_gold_standard
1161,sample_01161.jpg,sample_01161.png,0,normal,0,dfuc2022_gold_standard
1162,sample_01162.jpg,sample_01162.png,2,urgent,1,dfuc2022_gold_standard
1163,sample_01163.jpg,sample_01163.png,0,normal,0,dfuc2022_gold_standard
1164,sample_01164.jpg,sample_01164.png,0,normal,0,dfuc2022_gold_standard
1165,sample_01165.jpg,sample_01165.png,0,normal,0,dfuc2022_gold_standard
1166,sample_01166.jpg,sample_01166.png,0,normal,0,dfuc2022_gold_standard
1167,sample_01167.jpg,sample_01167.png,0,normal,0,dfuc2022_gold_standard
1168,sample_01168.jpg,sample_01168.png,0,normal,0,dfuc2022_gold_standard
1169,sample_01169.jpg,sample_01169.png,0,normal,0,dfuc2022_gold_standard
1170,sample_01170.jpg,sample_01170.png,0,normal,0,dfuc2022_gold_standard
1171,sample_01171.jpg,sample_01171.png,0,normal,0,dfuc2022_gold_standard
1172,sample_01172.jpg,sample_01172.png,0,normal,0,dfuc2022_gold_standard
1173,sample_01173.jpg,sample_01173.png,0,normal,0,dfuc2022_gold_standard
1174,sample_01174.jpg,sample_01174.png,0,normal,0,dfuc2022_gold_standard
1175,sample_01175.jpg,sample_01175.png,1,mild_concern,0,dfuc2022_gold_standard
1176,sample_01176.jpg,sample_01176.png,1,mild_concern,0,dfuc2022_gold_standard
1177,sample_01177.jpg,sample_01177.png,1,mild_concern,0,dfuc2022_gold_standard
1178,sample_01178.jpg,sample_01178.png,0,normal,0,dfuc2022_gold_standard
1179,sample_01179.jpg,sample_01179.png,0,normal,0,dfuc2022_gold_standard
1180,sample_01180.jpg,sample_01180.png,0,normal,0,dfuc2022_gold_standard
1181,sample_01181.jpg,sample_01181.png,0,normal,0,dfuc2022_gold_standard
1182,sample_01182.jpg,sample_01182.png,1,mild_concern,0,dfuc2022_gold_standard
1183,sample_01183.jpg,sample_01183.png,1,mild_concern,0,dfuc2022_gold_standard
1184,sample_01184.jpg,sample_01184.png,0,normal,0,dfuc2022_gold_standard
1185,sample_01185.jpg,sample_01185.png,0,normal,0,dfuc2022_gold_standard
1186,sample_01186.jpg,sample_01186.png,0,normal,0,dfuc2022_gold_standard
1187,sample_01187.jpg,sample_01187.png,0,normal,0,dfuc2022_gold_standard
1188,sample_01188.jpg,sample_01188.png,0,normal,0,dfuc2022_gold_standard
1189,sample_01189.jpg,sample_01189.png,0,normal,0,dfuc2022_gold_standard
1190,sample_01190.jpg,sample_01190.png,0,normal,0,dfuc2022_gold_standard
1191,sample_01191.jpg,sample_01191.png,2,urgent,1,dfuc2022_gold_standard
1192,sample_01192.jpg,sample_01192.png,0,normal,0,dfuc2022_gold_standard
1193,sample_01193.jpg,sample_01193.png,0,normal,0,dfuc2022_gold_standard
1194,sample_01194.jpg,sample_01194.png,0,normal,0,dfuc2022_gold_standard
1195,sample_01195.jpg,sample_01195.png,1,mild_concern,0,dfuc2022_gold_standard
1196,sample_01196.jpg,sample_01196.png,0,normal,0,dfuc2022_gold_standard
1197,sample_01197.jpg,sample_01197.png,1,mild_concern,0,dfuc2022_gold_standard
1198,sample_01198.jpg,sample_01198.png,0,normal,0,dfuc2022_gold_standard
1199,sample_01199.jpg,sample_01199.png,0,normal,0,dfuc2022_gold_standard
1200,sample_01200.jpg,sample_01200.png,0,normal,0,dfuc2022_gold_standard
1201,sample_01201.jpg,sample_01201.png,0,normal,0,dfuc2022_gold_standard
1202,sample_01202.jpg,sample_01202.png,0,normal,0,dfuc2022_gold_standard
1203,sample_01203.jpg,sample_01203.png,2,urgent,1,dfuc2022_gold_standard
1204,sample_01204.jpg,sample_01204.png,0,normal,0,dfuc2022_gold_standard
1205,sample_01205.jpg,sample_01205.png,0,normal,0,dfuc2022_gold_standard
1206,sample_01206.jpg,sample_01206.png,0,normal,0,dfuc2022_gold_standard
1207,sample_01207.jpg,sample_01207.png,1,mild_concern,0,dfuc2022_gold_standard
1208,sample_01208.jpg,sample_01208.png,0,normal,0,dfuc2022_gold_standard
1209,sample_01209.jpg,sample_01209.png,1,mild_concern,0,dfuc2022_gold_standard
1210,sample_01210.jpg,sample_01210.png,2,urgent,1,dfuc2022_gold_standard
1211,sample_01211.jpg,sample_01211.png,0,normal,0,dfuc2022_gold_standard
1212,sample_01212.jpg,sample_01212.png,0,normal,0,dfuc2022_gold_standard
1213,sample_01213.jpg,sample_01213.png,0,normal,0,dfuc2022_gold_standard
1214,sample_01214.jpg,sample_01214.png,1,mild_concern,0,dfuc2022_gold_standard
1215,sample_01215.jpg,sample_01215.png,2,urgent,1,dfuc2022_gold_standard
1216,sample_01216.jpg,sample_01216.png,2,urgent,1,dfuc2022_gold_standard
1217,sample_01217.jpg,sample_01217.png,2,urgent,1,dfuc2022_gold_standard
1218,sample_01218.jpg,sample_01218.png,1,mild_concern,0,dfuc2022_gold_standard
1219,sample_01219.jpg,sample_01219.png,1,mild_concern,0,dfuc2022_gold_standard
1220,sample_01220.jpg,sample_01220.png,0,normal,0,dfuc2022_gold_standard
1221,sample_01221.jpg,sample_01221.png,0,normal,0,dfuc2022_gold_standard
1222,sample_01222.jpg,sample_01222.png,0,normal,0,dfuc2022_gold_standard
1223,sample_01223.jpg,sample_01223.png,1,mild_concern,0,dfuc2022_gold_standard
1224,sample_01224.jpg,sample_01224.png,0,normal,0,dfuc2022_gold_standard
1225,sample_01225.jpg,sample_01225.png,0,normal,0,dfuc2022_gold_standard
1226,sample_01226.jpg,sample_01226.png,2,urgent,1,dfuc2022_gold_standard
1227,sample_01227.jpg,sample_01227.png,2,urgent,1,dfuc2022_gold_standard
1228,sample_01228.jpg,sample_01228.png,0,normal,0,dfuc2022_gold_standard
1229,sample_01229.jpg,sample_01229.png,1,mild_concern,0,dfuc2022_gold_standard
1230,sample_01230.jpg,sample_01230.png,0,normal,0,dfuc2022_gold_standard
1231,sample_01231.jpg,sample_01231.png,0,normal,0,dfuc2022_gold_standard
1232,sample_01232.jpg,sample_01232.png,0,normal,0,dfuc2022_gold_standard
1233,sample_01233.jpg,sample_01233.png,1,mild_concern,0,dfuc2022_gold_standard
1234,sample_01234.jpg,sample_01234.png,0,normal,0,dfuc2022_gold_standard
1235,sample_01235.jpg,sample_01235.png,0,normal,0,dfuc2022_gold_standard
1236,sample_01236.jpg,sample_01236.png,0,normal,0,dfuc2022_gold_standard
1237,sample_01237.jpg,sample_01237.png,0,normal,0,dfuc2022_gold_standard
1238,sample_01238.jpg,sample_01238.png,0,normal,0,dfuc2022_gold_standard
1239,sample_01239.jpg,sample_01239.png,1,mild_concern,0,dfuc2022_gold_standard
1240,sample_01240.jpg,sample_01240.png,0,normal,0,dfuc2022_gold_standard
1241,sample_01241.jpg,sample_01241.png,0,normal,0,dfuc2022_gold_standard
1242,sample_01242.jpg,sample_01242.png,1,mild_concern,0,dfuc2022_gold_standard
1243,sample_01243.jpg,sample_01243.png,0,normal,0,dfuc2022_gold_standard
1244,sample_01244.jpg,sample_01244.png,0,normal,0,dfuc2022_gold_standard
1245,sample_01245.jpg,sample_01245.png,2,urgent,1,dfuc2022_gold_standard
1246,sample_01246.jpg,sample_01246.png,0,normal,0,dfuc2022_gold_standard
1247,sample_01247.jpg,sample_01247.png,0,normal,0,dfuc2022_gold_standard
1248,sample_01248.jpg,sample_01248.png,0,normal,0,dfuc2022_gold_standard
1249,sample_01249.jpg,sample_01249.png,0,normal,0,dfuc2022_gold_standard
1250,sample_01250.jpg,sample_01250.png,0,normal,0,dfuc2022_gold_standard
1251,sample_01251.jpg,sample_01251.png,0,normal,0,dfuc2022_gold_standard
1252,sample_01252.jpg,sample_01252.png,0,normal,0,dfuc2022_gold_standard
1253,sample_01253.jpg,sample_01253.png,0,normal,0,dfuc2022_gold_standard
1254,sample_01254.jpg,sample_01254.png,0,normal,0,dfuc2022_gold_standard
1255,sample_01255.jpg,sample_01255.png,0,normal,0,dfuc2022_gold_standard
1256,sample_01256.jpg,sample_01256.png,0,normal,0,dfuc2022_gold_standard
1257,sample_01257.jpg,sample_01257.png,0,normal,0,dfuc2022_gold_standard
1258,sample_01258.jpg,sample_01258.png,0,normal,0,dfuc2022_gold_standard
1259,sample_01259.jpg,sample_01259.png,0,normal,0,dfuc2022_gold_standard
1260,sample_01260.jpg,sample_01260.png,0,normal,0,dfuc2022_gold_standard
1261,sample_01261.jpg,sample_01261.png,0,normal,0,dfuc2022_gold_standard
1262,sample_01262.jpg,sample_01262.png,0,normal,0,dfuc2022_gold_standard
1263,sample_01263.jpg,sample_01263.png,0,normal,0,dfuc2022_gold_standard
1264,sample_01264.jpg,sample_01264.png,0,normal,0,dfuc2022_gold_standard
1265,sample_01265.jpg,sample_01265.png,0,normal,0,dfuc2022_gold_standard
1266,sample_01266.jpg,sample_01266.png,0,normal,0,dfuc2022_gold_standard
1267,sample_01267.jpg,sample_01267.png,0,normal,0,dfuc2022_gold_standard
1268,sample_01268.jpg,sample_01268.png,0,normal,0,dfuc2022_gold_standard
1269,sample_01269.jpg,sample_01269.png,0,normal,0,dfuc2022_gold_standard
1270,sample_01270.jpg,sample_01270.png,0,normal,0,dfuc2022_gold_standard
1271,sample_01271.jpg,sample_01271.png,0,normal,0,dfuc2022_gold_standard
1272,sample_01272.jpg,sample_01272.png,0,normal,0,dfuc2022_gold_standard
1273,sample_01273.jpg,sample_01273.png,0,normal,0,dfuc2022_gold_standard
1274,sample_01274.jpg,sample_01274.png,0,normal,0,dfuc2022_gold_standard
1275,sample_01275.jpg,sample_01275.png,0,normal,0,dfuc2022_gold_standard
1276,sample_01276.jpg,sample_01276.png,0,normal,0,dfuc2022_gold_standard
1277,sample_01277.jpg,sample_01277.png,0,normal,0,dfuc2022_gold_standard
1278,sample_01278.jpg,sample_01278.png,0,normal,0,dfuc2022_gold_standard
1279,sample_01279.jpg,sample_01279.png,0,normal,0,dfuc2022_gold_standard
1280,sample_01280.jpg,sample_01280.png,0,normal,0,dfuc2022_gold_standard
1281,sample_01281.jpg,sample_01281.png,0,normal,0,dfuc2022_gold_standard
1282,sample_01282.jpg,sample_01282.png,0,normal,0,dfuc2022_gold_standard
1283,sample_01283.jpg,sample_01283.png,0,normal,0,dfuc2022_gold_standard
1284,sample_01284.jpg,sample_01284.png,0,normal,0,dfuc2022_gold_standard
1285,sample_01285.jpg,sample_01285.png,1,mild_concern,0,dfuc2022_gold_standard
1286,sample_01286.jpg,sample_01286.png,1,mild_concern,0,dfuc2022_gold_standard
1287,sample_01287.jpg,sample_01287.png,1,mild_concern,0,dfuc2022_gold_standard
1288,sample_01288.jpg,sample_01288.png,1,mild_concern,0,dfuc2022_gold_standard
1289,sample_01289.jpg,sample_01289.png,0,normal,0,dfuc2022_gold_standard
1290,sample_01290.jpg,sample_01290.png,1,mild_concern,0,dfuc2022_gold_standard
1291,sample_01291.jpg,sample_01291.png,0,normal,0,dfuc2022_gold_standard
1292,sample_01292.jpg,sample_01292.png,0,normal,0,dfuc2022_gold_standard
1293,sample_01293.jpg,sample_01293.png,0,normal,0,dfuc2022_gold_standard
1294,sample_01294.jpg,sample_01294.png,1,mild_concern,0,dfuc2022_gold_standard
1295,sample_01295.jpg,sample_01295.png,1,mild_concern,0,dfuc2022_gold_standard
1296,sample_01296.jpg,sample_01296.png,0,normal,0,dfuc2022_gold_standard
1297,sample_01297.jpg,sample_01297.png,0,normal,0,dfuc2022_gold_standard
1298,sample_01298.jpg,sample_01298.png,0,normal,0,dfuc2022_gold_standard
1299,sample_01299.jpg,sample_01299.png,0,normal,0,dfuc2022_gold_standard
1300,sample_01300.jpg,sample_01300.png,0,normal,0,dfuc2022_gold_standard
1301,sample_01301.jpg,sample_01301.png,0,normal,0,dfuc2022_gold_standard
1302,sample_01302.jpg,sample_01302.png,0,normal,0,dfuc2022_gold_standard
1303,sample_01303.jpg,sample_01303.png,1,mild_concern,0,dfuc2022_gold_standard
1304,sample_01304.jpg,sample_01304.png,0,normal,0,dfuc2022_gold_standard
1305,sample_01305.jpg,sample_01305.png,0,normal,0,dfuc2022_gold_standard
1306,sample_01306.jpg,sample_01306.png,1,mild_concern,0,dfuc2022_gold_standard
1307,sample_01307.jpg,sample_01307.png,0,normal,0,dfuc2022_gold_standard
1308,sample_01308.jpg,sample_01308.png,2,urgent,1,dfuc2022_gold_standard
1309,sample_01309.jpg,sample_01309.png,0,normal,0,dfuc2022_gold_standard
1310,sample_01310.jpg,sample_01310.png,2,urgent,1,dfuc2022_gold_standard
1311,sample_01311.jpg,sample_01311.png,1,mild_concern,0,dfuc2022_gold_standard
1312,sample_01312.jpg,sample_01312.png,2,urgent,1,dfuc2022_gold_standard
1313,sample_01313.jpg,sample_01313.png,2,urgent,1,dfuc2022_gold_standard
1314,sample_01314.jpg,sample_01314.png,0,normal,0,dfuc2022_gold_standard
1315,sample_01315.jpg,sample_01315.png,0,normal,0,dfuc2022_gold_standard
1316,sample_01316.jpg,sample_01316.png,0,normal,0,dfuc2022_gold_standard
1317,sample_01317.jpg,sample_01317.png,0,normal,0,dfuc2022_gold_standard
1318,sample_01318.jpg,sample_01318.png,0,normal,0,dfuc2022_gold_standard
1319,sample_01319.jpg,sample_01319.png,0,normal,0,dfuc2022_gold_standard
1320,sample_01320.jpg,sample_01320.png,0,normal,0,dfuc2022_gold_standard
1321,sample_01321.jpg,sample_01321.png,1,mild_concern,0,dfuc2022_gold_standard
1322,sample_01322.jpg,sample_01322.png,0,normal,0,dfuc2022_gold_standard
1323,sample_01323.jpg,sample_01323.png,1,mild_concern,0,dfuc2022_gold_standard
1324,sample_01324.jpg,sample_01324.png,0,normal,0,dfuc2022_gold_standard
1325,sample_01325.jpg,sample_01325.png,0,normal,0,dfuc2022_gold_standard
1326,sample_01326.jpg,sample_01326.png,0,normal,0,dfuc2022_gold_standard
1327,sample_01327.jpg,sample_01327.png,0,normal,0,dfuc2022_gold_standard
1328,sample_01328.jpg,sample_01328.png,1,mild_concern,0,dfuc2022_gold_standard
1329,sample_01329.jpg,sample_01329.png,0,normal,0,dfuc2022_gold_standard
1330,sample_01330.jpg,sample_01330.png,1,mild_concern,0,dfuc2022_gold_standard
1331,sample_01331.jpg,sample_01331.png,0,normal,0,dfuc2022_gold_standard
1332,sample_01332.jpg,sample_01332.png,0,normal,0,dfuc2022_gold_standard
1333,sample_01333.jpg,sample_01333.png,0,normal,0,dfuc2022_gold_standard
1334,sample_01334.jpg,sample_01334.png,0,normal,0,dfuc2022_gold_standard
1335,sample_01335.jpg,sample_01335.png,0,normal,0,dfuc2022_gold_standard
1336,sample_01336.jpg,sample_01336.png,0,normal,0,dfuc2022_gold_standard
1337,sample_01337.jpg,sample_01337.png,1,mild_concern,0,dfuc2022_gold_standard
1338,sample_01338.jpg,sample_01338.png,0,normal,0,dfuc2022_gold_standard
1339,sample_01339.jpg,sample_01339.png,0,normal,0,dfuc2022_gold_standard
1340,sample_01340.jpg,sample_01340.png,0,normal,0,dfuc2022_gold_standard
1341,sample_01341.jpg,sample_01341.png,0,normal,0,dfuc2022_gold_standard
1342,sample_01342.jpg,sample_01342.png,0,normal,0,dfuc2022_gold_standard
1343,sample_01343.jpg,sample_01343.png,0,normal,0,dfuc2022_gold_standard
1344,sample_01344.jpg,sample_01344.png,0,normal,0,dfuc2022_gold_standard
1345,sample_01345.jpg,sample_01345.png,0,normal,0,dfuc2022_gold_standard
1346,sample_01346.jpg,sample_01346.png,0,normal,0,dfuc2022_gold_standard
1347,sample_01347.jpg,sample_01347.png,0,normal,0,dfuc2022_gold_standard
1348,sample_01348.jpg,sample_01348.png,0,normal,0,dfuc2022_gold_standard
1349,sample_01349.jpg,sample_01349.png,0,normal,0,dfuc2022_gold_standard
1350,sample_01350.jpg,sample_01350.png,0,normal,0,dfuc2022_gold_standard
1351,sample_01351.jpg,sample_01351.png,0,normal,0,dfuc2022_gold_standard
1352,sample_01352.jpg,sample_01352.png,0,normal,0,dfuc2022_gold_standard
1353,sample_01353.jpg,sample_01353.png,0,normal,0,dfuc2022_gold_standard
1354,sample_01354.jpg,sample_01354.png,0,normal,0,dfuc2022_gold_standard
1355,sample_01355.jpg,sample_01355.png,0,normal,0,dfuc2022_gold_standard
1356,sample_01356.jpg,sample_01356.png,0,normal,0,dfuc2022_gold_standard
1357,sample_01357.jpg,sample_01357.png,1,mild_concern,0,dfuc2022_gold_standard
1358,sample_01358.jpg,sample_01358.png,0,normal,0,dfuc2022_gold_standard
1359,sample_01359.jpg,sample_01359.png,1,mild_concern,0,dfuc2022_gold_standard
1360,sample_01360.jpg,sample_01360.png,0,normal,0,dfuc2022_gold_standard
1361,sample_01361.jpg,sample_01361.png,1,mild_concern,0,dfuc2022_gold_standard
1362,sample_01362.jpg,sample_01362.png,0,normal,0,dfuc2022_gold_standard
1363,sample_01363.jpg,sample_01363.png,0,normal,0,dfuc2022_gold_standard
1364,sample_01364.jpg,sample_01364.png,1,mild_concern,0,dfuc2022_gold_standard
1365,sample_01365.jpg,sample_01365.png,1,mild_concern,0,dfuc2022_gold_standard
1366,sample_01366.jpg,sample_01366.png,0,normal,0,dfuc2022_gold_standard
1367,sample_01367.jpg,sample_01367.png,0,normal,0,dfuc2022_gold_standard
1368,sample_01368.jpg,sample_01368.png,0,normal,0,dfuc2022_gold_standard
1369,sample_01369.jpg,sample_01369.png,1,mild_concern,0,dfuc2022_gold_standard
1370,sample_01370.jpg,sample_01370.png,2,urgent,1,dfuc2022_gold_standard
1371,sample_01371.jpg,sample_01371.png,0,normal,0,dfuc2022_gold_standard
1372,sample_01372.jpg,sample_01372.png,0,normal,0,dfuc2022_gold_standard
1373,sample_01373.jpg,sample_01373.png,0,normal,0,dfuc2022_gold_standard
1374,sample_01374.jpg,sample_01374.png,0,normal,0,dfuc2022_gold_standard
1375,sample_01375.jpg,sample_01375.png,1,mild_concern,0,dfuc2022_gold_standard
1376,sample_01376.jpg,sample_01376.png,0,normal,0,dfuc2022_gold_standard
1377,sample_01377.jpg,sample_01377.png,0,normal,0,dfuc2022_gold_standard
1378,sample_01378.jpg,sample_01378.png,0,normal,0,dfuc2022_gold_standard
1379,sample_01379.jpg,sample_01379.png,0,normal,0,dfuc2022_gold_standard
1380,sample_01380.jpg,sample_01380.png,0,normal,0,dfuc2022_gold_standard
1381,sample_01381.jpg,sample_01381.png,0,normal,0,dfuc2022_gold_standard
1382,sample_01382.jpg,sample_01382.png,0,normal,0,dfuc2022_gold_standard
1383,sample_01383.jpg,sample_01383.png,0,normal,0,dfuc2022_gold_standard
1384,sample_01384.jpg,sample_01384.png,2,urgent,1,dfuc2022_gold_standard
1385,sample_01385.jpg,sample_01385.png,1,mild_concern,0,dfuc2022_gold_standard
1386,sample_01386.jpg,sample_01386.png,0,normal,0,dfuc2022_gold_standard
1387,sample_01387.jpg,sample_01387.png,1,mild_concern,0,dfuc2022_gold_standard
1388,sample_01388.jpg,sample_01388.png,0,normal,0,dfuc2022_gold_standard
1389,sample_01389.jpg,sample_01389.png,1,mild_concern,0,dfuc2022_gold_standard
1390,sample_01390.jpg,sample_01390.png,0,normal,0,dfuc2022_gold_standard
1391,sample_01391.jpg,sample_01391.png,0,normal,0,dfuc2022_gold_standard
1392,sample_01392.jpg,sample_01392.png,0,normal,0,dfuc2022_gold_standard
1393,sample_01393.jpg,sample_01393.png,0,normal,0,dfuc2022_gold_standard
1394,sample_01394.jpg,sample_01394.png,0,normal,0,dfuc2022_gold_standard
1395,sample_01395.jpg,sample_01395.png,0,normal,0,dfuc2022_gold_standard
1396,sample_01396.jpg,sample_01396.png,0,normal,0,dfuc2022_gold_standard
1397,sample_01397.jpg,sample_01397.png,0,normal,0,dfuc2022_gold_standard
1398,sample_01398.jpg,sample_01398.png,0,normal,0,dfuc2022_gold_standard
1399,sample_01399.jpg,sample_01399.png,0,normal,0,dfuc2022_gold_standard
1400,sample_01400.jpg,sample_01400.png,1,mild_concern,0,dfuc2022_gold_standard
1401,sample_01401.jpg,sample_01401.png,1,mild_concern,0,dfuc2022_gold_standard
1402,sample_01402.jpg,sample_01402.png,1,mild_concern,0,dfuc2022_gold_standard
1403,sample_01403.jpg,sample_01403.png,1,mild_concern,0,dfuc2022_gold_standard
1404,sample_01404.jpg,sample_01404.png,0,normal,0,dfuc2022_gold_standard
1405,sample_01405.jpg,sample_01405.png,1,mild_concern,0,dfuc2022_gold_standard
1406,sample_01406.jpg,sample_01406.png,1,mild_concern,0,dfuc2022_gold_standard
1407,sample_01407.jpg,sample_01407.png,0,normal,0,dfuc2022_gold_standard
1408,sample_01408.jpg,sample_01408.png,0,normal,0,dfuc2022_gold_standard
1409,sample_01409.jpg,sample_01409.png,0,normal,0,dfuc2022_gold_standard
1410,sample_01410.jpg,sample_01410.png,1,mild_concern,0,dfuc2022_gold_standard
1411,sample_01411.jpg,sample_01411.png,1,mild_concern,0,dfuc2022_gold_standard
1412,sample_01412.jpg,sample_01412.png,0,normal,0,dfuc2022_gold_standard
1413,sample_01413.jpg,sample_01413.png,0,normal,0,dfuc2022_gold_standard
1414,sample_01414.jpg,sample_01414.png,0,normal,0,dfuc2022_gold_standard
1415,sample_01415.jpg,sample_01415.png,0,normal,0,dfuc2022_gold_standard
1416,sample_01416.jpg,sample_01416.png,0,normal,0,dfuc2022_gold_standard
1417,sample_01417.jpg,sample_01417.png,0,normal,0,dfuc2022_gold_standard
1418,sample_01418.jpg,sample_01418.png,0,normal,0,dfuc2022_gold_standard
1419,sample_01419.jpg,sample_01419.png,0,normal,0,dfuc2022_gold_standard
1420,sample_01420.jpg,sample_01420.png,1,mild_concern,0,dfuc2022_gold_standard
1421,sample_01421.jpg,sample_01421.png,0,normal,0,dfuc2022_gold_standard
1422,sample_01422.jpg,sample_01422.png,0,normal,0,dfuc2022_gold_standard
1423,sample_01423.jpg,sample_01423.png,0,normal,0,dfuc2022_gold_standard
1424,sample_01424.jpg,sample_01424.png,0,normal,0,dfuc2022_gold_standard
1425,sample_01425.jpg,sample_01425.png,0,normal,0,dfuc2022_gold_standard
1426,sample_01426.jpg,sample_01426.png,0,normal,0,dfuc2022_gold_standard
1427,sample_01427.jpg,sample_01427.png,0,normal,0,dfuc2022_gold_standard
1428,sample_01428.jpg,sample_01428.png,0,normal,0,dfuc2022_gold_standard
1429,sample_01429.jpg,sample_01429.png,0,normal,0,dfuc2022_gold_standard
1430,sample_01430.jpg,sample_01430.png,0,normal,0,dfuc2022_gold_standard
1431,sample_01431.jpg,sample_01431.png,0,normal,0,dfuc2022_gold_standard
1432,sample_01432.jpg,sample_01432.png,1,mild_concern,0,dfuc2022_gold_standard
1433,sample_01433.jpg,sample_01433.png,2,urgent,1,dfuc2022_gold_standard
1434,sample_01434.jpg,sample_01434.png,0,normal,0,dfuc2022_gold_standard
1435,sample_01435.jpg,sample_01435.png,0,normal,0,dfuc2022_gold_standard
1436,sample_01436.jpg,sample_01436.png,1,mild_concern,0,dfuc2022_gold_standard
1437,sample_01437.jpg,sample_01437.png,1,mild_concern,0,dfuc2022_gold_standard
1438,sample_01438.jpg,sample_01438.png,1,mild_concern,0,dfuc2022_gold_standard
1439,sample_01439.jpg,sample_01439.png,0,normal,0,dfuc2022_gold_standard
1440,sample_01440.jpg,sample_01440.png,0,normal,0,dfuc2022_gold_standard
1441,sample_01441.jpg,sample_01441.png,0,normal,0,dfuc2022_gold_standard
